elo_run_id,fight_key,fight_year,is_title,A_id,B_id,A_name,B_name,wcA,wcB,same_division,wc_gap,pre_elo_A,pre_elo_B,elo_diff,y,d_sig_strike_acc,d_sig_strike_def,d_sapm_neg,d_td_acc,d_td_def,d_ko_pct,d_sub_pct,d_dec_pct,d_ranked_wins,d_championship_wins,d_total_fights,d_avg_fight_time_min,d_recency_index,d_recent_win_pct5,d_recent_finish_pct5,d_recent_ko_pct5,d_recent_sub_pct5,d_recent_title_bouts5,d_recent_streak,d_recent_ema_form5,d_opp_rank5_neg,d_recent_avg_rank5_neg,d_avg_dec_margin5
12,2007-001-chase beebe--rani yahya,2007,1,16,17,chase beebe,Rani Yahya,185,135,0,50.0,1500.0,1500.0,0.0,1,-38.0,-50.0,2.08,-30.0,-29.0,0.0,-64.7,-35.3,0.0,0.0,-27.0,0.0,0.0,0.0,0.0,0.0,0.0,0.0,0.0,0.0,-0.0,-0.0,0.0
12,2007-002-cub swanson--jens pulver,2007,0,11,18,jens pulver,Cub Swanson,185,145,0,40.0,1500.0,1500.0,0.0,1,-51.0,-59.0,4.0,-50.0,-63.0,-35.0,-10.0,-55.0,-7.0,0.0,-33.0,0.0,0.0,0.0,0.0,0.0,0.0,0.0,0.0,0.0,-0.0,-0.0,0.0
12,2007-003-cub swanson--micah miller,2007,0,18,19,Cub Swanson,micah miller,145,185,0,-40.0,1485.0,1500.0,-15.0,1,51.0,59.0,-4.0,50.0,63.0,35.0,10.0,55.0,7.0,0.0,33.0,0.0,0.0,0.0,0.0,0.0,0.0,0.0,0.0,0.0,-0.0,-0.0,0.0
12,2007-004-cub swanson--tommy lee,2007,0,18,20,Cub Swanson,tommy lee,145,185,0,-40.0,1502.38553066424,1500.0,2.3855306642399228,1,51.0,59.0,-4.0,50.0,63.0,35.0,10.0,55.0,7.0,0.0,33.0,0.0,0.0,0.0,0.0,0.0,0.0,0.0,0.0,0.0,-0.0,-0.0,0.0
12,2007-005-diego saraiva--jeremy stephens,2007,0,21,22,Jeremy Stephens,diego saraiva,155,185,0,-30.0,1500.0,1500.0,0.0,1,40.0,58.0,-3.14,38.0,62.0,53.3,0.0,46.7,6.0,0.0,34.0,0.0,0.0,0.0,0.0,0.0,0.0,0.0,0.0,0.0,-0.0,-0.0,0.0
12,2007-006-din thomas--jeremy stephens,2007,0,21,23,Jeremy Stephens,din thomas,155,185,0,-30.0,1517.2,1500.0,17.200000000000045,0,40.0,58.0,-3.14,38.0,62.0,53.3,0.0,46.7,6.0,0.0,34.0,0.0,0.0,0.0,0.0,0.0,0.0,0.0,0.0,0.0,-0.0,-0.0,0.0
12,2007-007-mark hominick--rani yahya,2007,0,17,26,Rani Yahya,mark hominick,135,185,0,-50.0,1472.3333333333333,1500.0,-27.666666666666742,1,38.0,50.0,-2.08,30.0,29.0,0.0,64.7,35.3,0.0,0.0,27.0,0.0,0.0,0.0,0.0,0.0,0.0,0.0,0.0,0.0,-0.0,-0.0,0.0
12,2008-008-cole miller--jeremy stephens,2008,0,21,28,Jeremy Stephens,cole miller,155,185,0,-30.0,1501.51087919163,1500.0,1.5108791916300106,1,40.0,58.0,-3.14,38.0,62.0,53.3,0.0,46.7,6.0,0.0,34.0,0.0,0.0,50.0,0.0,0.0,0.0,0.0,-1.0,0.4,-0.0,-0.0,3.0
12,2008-009-cub swanson--hiroyuki takaya,2008,0,18,29,Cub Swanson,hiroyuki takaya,145,185,0,-40.0,1504.0352858724557,1500.0,4.035285872455688,1,51.0,59.0,-4.0,50.0,63.0,35.0,10.0,55.0,7.0,0.0,33.0,0.0,0.0,66.66666666666667,50.0,0.0,50.0,0.0,2.0,0.84,-0.0,-0.0,3.0
12,2008-010-david baron--jim miller,2008,0,30,31,Jim Miller,david baron,155,185,0,-30.0,1500.0,1500.0,0.0,1,42.0,56.0,-3.44,45.0,48.0,22.299999999999994,48.1,29.6,2.0,0.0,45.0,0.0,0.0,0.0,0.0,0.0,0.0,0.0,0.0,0.0,-0.0,-0.0,0.0
12,2008-011-drew dober--lumumba sayers,2008,0,32,33,Drew Dober,lumumba sayers,155,185,0,-30.0,1500.0,1500.0,0.0,1,40.0,51.0,-4.33,17.0,56.0,71.5,7.1,21.4,1.0,0.0,25.0,0.0,0.0,0.0,0.0,0.0,0.0,0.0,0.0,0.0,-0.0,-0.0,0.0
12,2008-012-jeremy stephens--rafael dos anjos,2008,0,21,34,Jeremy Stephens,Rafael Dos Anjos,155,170,0,-15.0,1504.5076177172791,1500.0,4.507617717279118,1,-7.0,-2.0,0.08999999999999986,3.0,8.0,34.2,-23.8,-10.399999999999999,-7.0,-2.0,-2.0,0.0,0.0,50.0,0.0,0.0,0.0,0.0,-1.0,0.4,-0.0,-0.0,3.0
12,2008-013-jeremy stephens--spencer fisher,2008,0,21,35,Jeremy Stephens,spencer fisher,155,185,0,-30.0,1507.4978877881736,1500.0,7.497887788173557,0,40.0,58.0,-3.14,38.0,62.0,53.3,0.0,46.7,6.0,0.0,34.0,0.0,0.0,50.0,0.0,0.0,0.0,0.0,-1.0,0.4,-0.0,-0.0,3.0
12,2008-014-jim miller--matt wiman,2008,0,30,36,Jim Miller,matt wiman,155,185,0,-30.0,1503.0,1500.0,3.0,1,42.0,56.0,-3.44,45.0,48.0,22.299999999999994,48.1,29.6,2.0,0.0,45.0,0.0,0.0,0.0,0.0,0.0,0.0,0.0,0.0,0.0,-0.0,-0.0,0.0
12,2008-015-rani yahya--yoshiro maeda,2008,0,17,42,Rani Yahya,yoshiro maeda,135,185,0,-50.0,1481.5446980372078,1500.0,-18.45530196279219,1,38.0,50.0,-2.08,30.0,29.0,0.0,64.7,35.3,0.0,0.0,27.0,0.0,0.0,50.0,100.0,0.0,100.0,1.0,1.0,0.6,-0.0,-0.0,-3.3333333333333335
12,2009-016-cub swanson--john franchi,2009,0,18,43,Cub Swanson,john franchi,145,185,0,-40.0,1515.041477337347,1500.0,15.041477337347033,1,51.0,59.0,-4.0,50.0,63.0,35.0,10.0,55.0,7.0,0.0,33.0,0.0,0.0,75.0,33.333333333333336,0.0,33.333333333333336,0.0,3.0,0.9359999999999999,-0.0,-0.0,2.666666666666667
12,2009-017-cub swanson--jose aldo,2009,0,18,44,Cub Swanson,jose aldo,145,185,0,-40.0,1523.9441292319593,1500.0,23.944129231959323,0,51.0,59.0,-4.0,50.0,63.0,35.0,10.0,55.0,7.0,0.0,33.0,0.0,0.0,75.0,33.333333333333336,0.0,33.333333333333336,0.0,3.0,0.9359999999999999,-0.0,-0.0,2.666666666666667
12,2009-018-dan lauzon--king green,2009,0,45,46,dan lauzon,King Green,185,155,0,30.0,1500.0,1500.0,0.0,1,-52.0,-62.0,3.72,-39.0,-74.0,-17.699999999999996,-23.5,-58.8,-3.0,0.0,-32.0,0.0,0.0,0.0,0.0,0.0,0.0,0.0,0.0,0.0,-0.0,-0.0,0.0
12,2009-019-eddie wineland--rani yahya,2009,0,17,47,Rani Yahya,eddie wineland,135,185,0,-50.0,1488.438374686091,1500.0,-11.561625313908962,1,38.0,50.0,-2.08,30.0,29.0,0.0,64.7,35.3,0.0,0.0,27.0,0.0,0.0,66.66666666666667,100.0,0.0,100.0,1.0,2.0,0.84,-0.0,-0.0,-3.3333333333333335
12,2009-020-gleison tibau--jeremy stephens,2009,0,9,21,gleison tibau,Jeremy Stephens,185,155,0,30.0,1500.0,1493.5586839224652,6.441316077534793,1,-40.0,-58.0,3.14,-38.0,-62.0,-53.3,0.0,-46.7,-6.0,0.0,-34.0,0.0,0.0,-60.0,-66.66666666666667,-66.66666666666667,0.0,0.0,-1.0,-0.7216,-0.0,-0.0,-1.0
12,2009-021-gray maynard--jim miller,2009,0,30,49,Jim Miller,gray maynard,155,185,0,-30.0,1503.896438277202,1500.0,3.8964382772019235,0,42.0,56.0,-3.44,45.0,48.0,22.299999999999994,48.1,29.6,2.0,0.0,45.0,0.0,0.0,100.0,50.0,0.0,50.0,0.0,2.0,1.0,-0.0,-0.0,0.0
12,2009-022-jeremy stephens--joe lauzon,2009,0,10,21,Joe Lauzon,Jeremy Stephens,185,155,0,30.0,1500.0,1482.609661976359,17.390338023641107,1,-40.0,-58.0,3.14,-38.0,-62.0,-53.3,0.0,-46.7,-6.0,0.0,-34.0,0.0,0.0,-60.0,-66.66666666666667,-66.66666666666667,0.0,0.0,-1.0,-0.7216,-0.0,-0.0,-1.0
12,2009-023-jeremy stephens--justin buchholz,2009,0,21,50,Jeremy Stephens,justin buchholz,155,185,0,-30.0,1455.9472406669556,1500.0,-44.05275933304438,1,40.0,58.0,-3.14,38.0,62.0,53.3,0.0,46.7,6.0,0.0,34.0,0.0,0.0,60.0,66.66666666666667,66.66666666666667,0.0,0.0,1.0,0.7216,-0.0,-0.0,1.0
12,2009-024-jim miller--mac danzig,2009,0,30,51,Jim Miller,mac danzig,155,185,0,-30.0,1477.8235448025544,1500.0,-22.176455197445648,1,42.0,56.0,-3.44,45.0,48.0,22.299999999999994,48.1,29.6,2.0,0.0,45.0,0.0,0.0,100.0,50.0,0.0,50.0,0.0,2.0,1.0,-0.0,-0.0,0.0
12,2009-025-jim miller--steve lopez,2009,0,30,52,Jim Miller,steve lopez,155,185,0,-30.0,1495.297637239992,1500.0,-4.7023627600081,1,42.0,56.0,-3.44,45.0,48.0,22.299999999999994,48.1,29.6,2.0,0.0,45.0,0.0,0.0,100.0,50.0,0.0,50.0,0.0,2.0,1.0,-0.0,-0.0,0.0
12,2009-026-john hosman--rani yahya,2009,0,17,53,Rani Yahya,john hosman,135,185,0,-50.0,1494.488271818341,1500.0,-5.511728181659009,1,38.0,50.0,-2.08,30.0,29.0,0.0,64.7,35.3,0.0,0.0,27.0,0.0,0.0,66.66666666666667,100.0,0.0,100.0,1.0,2.0,0.84,-0.0,-0.0,-3.3333333333333335
12,2009-027-joseph benavidez--rani yahya,2009,0,17,54,Rani Yahya,joseph benavidez,135,185,0,-50.0,1503.523962889401,1500.0,3.523962889400991,0,38.0,50.0,-2.08,30.0,29.0,0.0,64.7,35.3,0.0,0.0,27.0,0.0,0.0,66.66666666666667,100.0,0.0,100.0,1.0,2.0,0.84,-0.0,-0.0,-3.3333333333333335
12,2009-028-michael chandler--rich bouphanouvong,2009,0,55,56,Michael Chandler,rich bouphanouvong,155,185,0,-30.0,1500.0,1500.0,0.0,1,49.0,43.0,-4.52,41.0,61.0,75.0,25.0,0.0,2.0,0.0,9.0,0.0,0.0,0.0,0.0,0.0,0.0,0.0,0.0,0.0,-0.0,-0.0,0.0
12,2009-029-rafael dos anjos--rob emerson,2009,0,34,58,Rafael Dos Anjos,rob emerson,170,185,0,-15.0,1488.7864872341459,1500.0,-11.213512765854148,1,47.0,60.0,-3.23,35.0,54.0,19.099999999999994,23.8,57.1,13.0,2.0,36.0,0.0,0.0,0.0,0.0,0.0,0.0,0.0,-1.0,0.0,-0.0,-0.0,0.0
12,2009-030-rafael dos anjos--tyson griffin,2009,0,34,59,Rafael Dos Anjos,tyson griffin,170,185,0,-15.0,1506.1252219269813,1500.0,6.1252219269813395,0,47.0,60.0,-3.23,35.0,54.0,19.099999999999994,23.8,57.1,13.0,2.0,36.0,0.0,0.0,0.0,0.0,0.0,0.0,0.0,-1.0,0.0,-0.0,-0.0,0.0
12,2010-031-brad tavares--seth baczynski,2010,0,199,309,seth baczynski,brad tavares,185,185,1,0.0,1500.0,1500.0,0.0,0,-43.0,-54.0,3.36,-26.0,-81.0,-12.5,0.0,-87.5,-6.0,0.0,-27.0,0.0,0.0,0.0,0.0,0.0,0.0,0.0,0.0,0.0,-0.0,-0.0,0.0
12,2010-032-chad mendes--cub swanson,2010,0,18,62,Cub Swanson,chad mendes,145,185,0,-40.0,1506.5145748638945,1500.0,6.514574863894495,0,51.0,59.0,-4.0,50.0,63.0,35.0,10.0,55.0,7.0,0.0,33.0,0.0,0.0,80.0,50.0,0.0,50.0,0.0,-1.0,0.4,-0.0,-0.0,2.666666666666667
12,2010-033-charles oliveira--darren elkins,2010,0,63,64,Charles Oliveira,Darren Elkins,155,145,0,10.0,1500.0,1500.0,0.0,1,17.0,-3.0,0.08000000000000007,5.0,0.0,-3.5999999999999943,53.8,-50.2,6.0,2.0,4.0,0.0,0.0,0.0,0.0,0.0,0.0,0.0,0.0,0.0,-0.0,-0.0,0.0
12,2010-034-charles oliveira--efrain escudero,2010,0,63,65,Charles Oliveira,efrain escudero,155,185,0,-30.0,1503.0,1500.0,3.0,1,55.0,48.0,-3.26,39.0,56.0,17.4,69.6,13.0,13.0,2.0,34.0,0.0,0.0,0.0,0.0,0.0,0.0,0.0,0.0,0.0,-0.0,-0.0,0.0
12,2010-035-charles oliveira--jim miller,2010,0,30,63,Jim Miller,Charles Oliveira,155,155,1,0.0,1498.730840614658,1505.9935241403673,-7.262683525709235,1,-13.0,8.0,-0.18000000000000016,6.0,-8.0,4.899999999999995,-21.499999999999993,16.6,-11.0,-2.0,11.0,0.0,0.0,80.0,50.0,25.0,25.0,0.0,-1.0,0.4,-0.0,-0.0,0.0
12,2010-036-clay guida--rafael dos anjos,2010,0,34,66,Rafael Dos Anjos,clay guida,170,185,0,-15.0,1485.007980044708,1500.0,-14.992019955292108,0,47.0,60.0,-3.23,35.0,54.0,19.099999999999994,23.8,57.1,13.0,2.0,36.0,0.0,0.0,33.333333333333336,0.0,0.0,0.0,0.0,-1.0,0.24,-0.0,-0.0,0.0
12,2010-037-court mcgee--kris mccray,2010,1,67,68,Court McGee,kris mccray,170,185,0,-15.0,1500.0,1500.0,0.0,1,36.0,60.0,-3.65,24.0,70.0,0.0,27.3,72.7,0.0,1.0,24.0,0.0,0.0,0.0,0.0,0.0,0.0,0.0,0.0,0.0,-0.0,-0.0,0.0
12,2010-038-court mcgee--ryan jensen,2010,0,67,69,Court McGee,ryan jensen,170,185,0,-15.0,1518.0,1500.0,18.0,1,36.0,60.0,-3.65,24.0,70.0,0.0,27.3,72.7,0.0,1.0,24.0,0.0,0.0,0.0,0.0,0.0,0.0,0.0,0.0,0.0,-0.0,-0.0,0.0
12,2010-039-cub swanson--mackens semerzier,2010,0,18,70,Cub Swanson,mackens semerzier,145,185,0,-40.0,1487.0906249570194,1500.0,-12.909375042980628,1,51.0,59.0,-4.0,50.0,63.0,35.0,10.0,55.0,7.0,0.0,33.0,0.0,0.0,80.0,50.0,0.0,50.0,0.0,-1.0,0.4,-0.0,-0.0,2.666666666666667
12,2010-040-darren elkins--duane ludwig,2010,0,64,71,Darren Elkins,duane ludwig,145,185,0,-40.0,1485.0,1500.0,-15.0,1,38.0,51.0,-3.34,34.0,56.0,20.999999999999993,15.8,63.2,7.0,0.0,30.0,0.0,0.0,0.0,0.0,0.0,0.0,0.0,0.0,0.0,-0.0,-0.0,0.0
12,2010-041-duane ludwig--jim miller,2010,0,30,71,Jim Miller,duane ludwig,155,185,0,-30.0,1504.762191573668,1500.0,4.762191573667906,1,42.0,56.0,-3.44,45.0,48.0,22.299999999999994,48.1,29.6,2.0,0.0,45.0,0.0,0.0,80.0,50.0,25.0,25.0,0.0,-1.0,0.4,-0.0,-0.0,0.0
12,2010-042-edson barboza--mike lullo,2010,0,72,73,Edson Barboza,mike lullo,155,185,0,-30.0,1500.0,1500.0,0.0,1,44.0,55.0,-4.6,50.0,73.0,50.0,0.0,50.0,11.0,0.0,31.0,0.0,0.0,0.0,0.0,0.0,0.0,0.0,0.0,0.0,-0.0,-0.0,0.0
12,2010-043-gleison tibau--jim miller,2010,0,9,30,gleison tibau,Jim Miller,185,155,0,30.0,1500.0,1513.7313534542552,-13.731353454255213,0,-42.0,-56.0,3.44,-45.0,-48.0,-22.299999999999994,-48.1,-29.6,-2.0,0.0,-45.0,0.0,0.0,-80.0,-50.0,-25.0,-25.0,0.0,1.0,-0.4,-0.0,-0.0,0.0
12,2010-044-jeremy stephens--melvin guillard,2010,0,21,77,Jeremy Stephens,melvin guillard,155,185,0,-30.0,1469.2813723799231,1500.0,-30.71862762007686,0,40.0,58.0,-3.14,38.0,62.0,53.3,0.0,46.7,6.0,0.0,34.0,0.0,0.0,40.0,100.0,100.0,0.0,0.0,-2.0,0.13440000000000002,-0.0,-0.0,0.6666666666666666
12,2010-045-jeremy stephens--sam stout,2010,0,21,78,Jeremy Stephens,sam stout,155,185,0,-30.0,1451.3522232616435,1500.0,-48.64777673835647,1,40.0,58.0,-3.14,38.0,62.0,53.3,0.0,46.7,6.0,0.0,34.0,0.0,0.0,40.0,100.0,100.0,0.0,0.0,-2.0,0.13440000000000002,-0.0,-0.0,0.6666666666666666
12,2010-046-jim miller--mark bocek,2010,0,30,79,Jim Miller,mark bocek,155,185,0,-30.0,1533.9959043816928,1500.0,33.99590438169275,1,42.0,56.0,-3.44,45.0,48.0,22.299999999999994,48.1,29.6,2.0,0.0,45.0,0.0,0.0,80.0,50.0,25.0,25.0,0.0,-1.0,0.4,-0.0,-0.0,0.0
12,2010-047-jonathan brookins--michael johnson,2010,1,80,81,jonathan brookins,Michael Johnson,185,155,0,30.0,1500.0,1500.0,0.0,1,-39.0,-58.0,3.79,-38.0,-81.0,-37.5,0.0,-62.5,-3.0,0.0,-31.0,0.0,0.0,0.0,0.0,0.0,0.0,0.0,0.0,0.0,-0.0,-0.0,0.0
12,2010-048-kyle bradley--rafael dos anjos,2010,0,34,38,Rafael Dos Anjos,kyle bradley,170,185,0,-15.0,1470.1696940712957,1500.0,-29.83030592870432,1,47.0,60.0,-3.23,35.0,54.0,19.099999999999994,23.8,57.1,13.0,2.0,36.0,0.0,0.0,33.333333333333336,0.0,0.0,0.0,0.0,-1.0,0.24,-0.0,-0.0,0.0
12,2010-049-michael chandler--salvador woods,2010,0,55,83,Michael Chandler,salvador woods,155,185,0,-30.0,1502.25,1500.0,2.25,1,49.0,43.0,-4.52,41.0,61.0,75.0,25.0,0.0,2.0,0.0,9.0,0.0,0.0,100.0,100.0,100.0,0.0,0.0,1.0,1.0,-0.0,-0.0,0.0
12,2010-050-rafael dos anjos--terry etim,2010,0,34,84,Rafael Dos Anjos,terry etim,170,185,0,-15.0,1487.7379811954777,1500.0,-12.262018804522313,1,47.0,60.0,-3.23,35.0,54.0,19.099999999999994,23.8,57.1,13.0,2.0,36.0,0.0,0.0,33.333333333333336,0.0,0.0,0.0,0.0,-1.0,0.24,-0.0,-0.0,0.0
12,2010-051-rani yahya--takeya mizugaki,2010,0,17,85,Rani Yahya,takeya mizugaki,135,185,0,-50.0,1491.3644465750262,1500.0,-8.63555342497375,0,38.0,50.0,-2.08,30.0,29.0,0.0,64.7,35.3,0.0,0.0,27.0,0.0,0.0,80.0,100.0,0.0,100.0,0.0,2.0,0.904,-0.0,-0.0,-3.3333333333333335
12,2011-052-aaron simpson--brad tavares,2011,0,309,1506,brad tavares,aaron simpson,185,185,1,0.0,1505.4,1500.0,5.400000000000091,0,43.0,54.0,-3.36,26.0,81.0,12.5,0.0,87.5,6.0,0.0,27.0,0.0,0.0,100.0,0.0,0.0,0.0,0.0,1.0,1.0,-0.0,-0.0,1.0
12,2011-053-alex caceres--cole escovedo,2011,0,86,87,Alex Caceres,cole escovedo,145,185,0,-40.0,1500.0,1500.0,0.0,1,49.0,62.0,-3.09,68.0,64.0,12.5,25.0,62.5,1.0,0.0,29.0,0.0,0.0,0.0,0.0,0.0,0.0,0.0,0.0,0.0,-0.0,-0.0,0.0
12,2011-054-alex caceres--jimy hettes,2011,0,86,88,Alex Caceres,jimy hettes,145,185,0,-40.0,1517.2,1500.0,17.200000000000045,0,49.0,62.0,-3.09,68.0,64.0,12.5,25.0,62.5,1.0,0.0,29.0,0.0,0.0,0.0,0.0,0.0,0.0,0.0,0.0,0.0,-0.0,-0.0,0.0
12,2011-055-alex caceres--mackens semerzier,2011,0,70,86,mackens semerzier,Alex Caceres,185,145,0,40.0,1500.0,1502.0145055888402,-2.0145055888401657,1,-49.0,-62.0,3.09,-68.0,-64.0,-12.5,-25.0,-62.5,-1.0,0.0,-29.0,0.0,0.0,0.0,0.0,0.0,0.0,0.0,0.0,0.0,-0.0,-0.0,0.0
12,2011-056-anthony njokuani--edson barboza,2011,0,72,89,Edson Barboza,anthony njokuani,155,185,0,-30.0,1502.25,1500.0,2.25,1,44.0,55.0,-4.6,50.0,73.0,50.0,0.0,50.0,11.0,0.0,31.0,0.0,0.0,100.0,100.0,100.0,0.0,0.0,1.0,1.0,-0.0,-0.0,0.0
12,2011-057-anthony pettis--jeremy stephens,2011,0,21,90,Jeremy Stephens,anthony pettis,155,185,0,-30.0,1471.5336962223262,1500.0,-28.46630377767383,0,40.0,58.0,-3.14,38.0,62.0,53.3,0.0,46.7,6.0,0.0,34.0,0.0,0.0,40.0,50.0,50.0,0.0,0.0,1.0,0.6255999999999999,-0.0,-0.0,0.4
12,2011-058-benson henderson--jim miller,2011,0,30,91,Jim Miller,benson henderson,155,185,0,-30.0,1537.204317299044,1500.0,37.20431729904408,0,42.0,56.0,-3.44,45.0,48.0,22.299999999999994,48.1,29.6,2.0,0.0,45.0,0.0,0.0,80.0,50.0,0.0,50.0,0.0,4.0,0.9743999999999999,-0.0,-0.0,0.6666666666666667
12,2011-059-brad tavares--phil baroni,2011,0,309,1507,brad tavares,phil baroni,185,185,1,0.0,1479.2989822131265,1500.0,-20.701017786873535,1,43.0,54.0,-3.36,26.0,81.0,12.5,0.0,87.5,6.0,0.0,27.0,0.0,0.0,100.0,0.0,0.0,0.0,0.0,1.0,1.0,-0.0,-0.0,1.0
12,2011-060-chad mendes--rani yahya,2011,0,17,62,Rani Yahya,chad mendes,135,185,0,-50.0,1479.1134161946443,1500.0,-20.886583805355713,0,38.0,50.0,-2.08,30.0,29.0,0.0,64.7,35.3,0.0,0.0,27.0,0.0,0.0,60.0,100.0,0.0,100.0,0.0,-1.0,0.36160000000000003,-0.0,-0.0,-2.5
12,2011-061-charles oliveira--donald cerrone,2011,0,63,93,Charles Oliveira,donald cerrone,155,185,0,-30.0,1493.1863600571319,1500.0,-6.813639942868122,0,55.0,48.0,-3.26,39.0,56.0,17.4,69.6,13.0,13.0,2.0,34.0,0.0,0.0,66.66666666666667,100.0,0.0,100.0,0.0,2.0,0.84,-0.0,-0.0,0.0
12,2011-062-charon spain--king green,2011,0,46,94,King Green,charon spain,155,185,0,-30.0,1491.5625,1500.0,-8.4375,1,52.0,62.0,-3.72,39.0,74.0,17.699999999999996,23.5,58.8,3.0,0.0,32.0,0.0,0.0,0.0,0.0,0.0,0.0,0.0,-1.0,0.0,-0.0,-0.0,0.0
12,2011-063-clifford starks--dustin jacoby,2011,0,95,96,clifford starks,Dustin Jacoby,185,205,0,-20.0,1500.0,1500.0,0.0,1,-47.0,-57.0,4.02,-25.0,-62.0,-60.0,0.0,-40.0,-2.0,0.0,-17.0,0.0,0.0,0.0,0.0,0.0,0.0,0.0,0.0,0.0,-0.0,-0.0,0.0
12,2011-064-court mcgee--dongi yang,2011,0,67,98,Court McGee,dongi yang,170,185,0,-15.0,1515.7208839527475,1500.0,15.7208839527475,1,36.0,60.0,-3.65,24.0,70.0,0.0,27.3,72.7,0.0,1.0,24.0,0.0,0.0,100.0,100.0,0.0,100.0,1.0,2.0,1.0,-0.0,-0.0,0.0
12,2011-065-cub swanson--ricardo lamas,2011,0,18,99,Cub Swanson,ricardo lamas,145,185,0,-40.0,1495.6167137583923,1500.0,-4.3832862416077205,0,51.0,59.0,-4.0,50.0,63.0,35.0,10.0,55.0,7.0,0.0,33.0,0.0,0.0,60.0,33.333333333333336,0.0,33.333333333333336,0.0,-1.0,0.30400000000000005,-0.0,-0.0,1.1666666666666667
12,2011-066-danny downes--jeremy stephens,2011,0,21,101,Jeremy Stephens,danny downes,155,185,0,-30.0,1456.8402578328528,1500.0,-43.159742167147215,1,40.0,58.0,-3.14,38.0,62.0,53.3,0.0,46.7,6.0,0.0,34.0,0.0,0.0,40.0,50.0,50.0,0.0,0.0,1.0,0.6255999999999999,-0.0,-0.0,0.4
12,2011-067-darren elkins--michihiro omigawa,2011,0,64,102,Darren Elkins,michihiro omigawa,145,185,0,-40.0,1491.0242699996825,1500.0,-8.975730000317526,1,38.0,51.0,-3.34,34.0,56.0,20.999999999999993,15.8,63.2,7.0,0.0,30.0,0.0,0.0,50.0,100.0,100.0,0.0,0.0,1.0,0.6,-0.0,-0.0,0.0
12,2011-068-darren elkins--zhang tiequan,2011,0,64,103,Darren Elkins,zhang tiequan,145,185,0,-40.0,1501.6256183351898,1500.0,1.6256183351897562,1,38.0,51.0,-3.34,34.0,56.0,20.999999999999993,15.8,63.2,7.0,0.0,30.0,0.0,0.0,50.0,100.0,100.0,0.0,0.0,1.0,0.6,-0.0,-0.0,0.0
12,2011-069-edson barboza--ross pearson,2011,0,72,104,Edson Barboza,ross pearson,155,185,0,-30.0,1509.438343325922,1500.0,9.438343325922006,1,44.0,55.0,-4.6,50.0,73.0,50.0,0.0,50.0,11.0,0.0,31.0,0.0,0.0,100.0,100.0,100.0,0.0,0.0,1.0,1.0,-0.0,-0.0,0.0
12,2011-070-edward faaloloto--michael johnson,2011,0,81,105,Michael Johnson,edward faaloloto,155,185,0,-30.0,1486.75,1500.0,-13.25,1,39.0,58.0,-3.79,38.0,81.0,37.5,0.0,62.5,3.0,0.0,31.0,0.0,0.0,0.0,0.0,0.0,0.0,1.0,-1.0,0.0,-0.0,-0.0,-1.3333333333333333
12,2011-071-george sotiropoulos--rafael dos anjos,2011,0,34,75,Rafael Dos Anjos,george sotiropoulos,170,185,0,-15.0,1493.0733299296257,1500.0,-6.926670070374257,1,47.0,60.0,-3.23,35.0,54.0,19.099999999999994,23.8,57.1,13.0,2.0,36.0,0.0,0.0,60.0,33.333333333333336,0.0,33.333333333333336,0.0,2.0,0.8655999999999999,-0.0,-0.0,1.0
12,2011-072-gesias cavalcante--king green,2011,0,46,107,King Green,gesias cavalcante,155,185,0,-30.0,1494.5807102280871,1500.0,-5.419289771912872,0,52.0,62.0,-3.72,39.0,74.0,17.699999999999996,23.5,58.8,3.0,0.0,32.0,0.0,0.0,0.0,0.0,0.0,0.0,0.0,-1.0,0.0,-0.0,-0.0,0.0
12,2011-073-gleison tibau--rafael dos anjos,2011,0,9,34,gleison tibau,Rafael Dos Anjos,185,170,0,15.0,1500.0,1499.1032308067897,0.8967691932102753,1,-47.0,-60.0,3.23,-35.0,-54.0,-19.099999999999994,-23.8,-57.1,-13.0,-2.0,-36.0,0.0,0.0,-60.0,-33.333333333333336,0.0,-33.333333333333336,0.0,-2.0,-0.8655999999999999,-0.0,-0.0,-1.0
12,2011-074-james reese--king green,2011,0,46,108,King Green,james reese,155,185,0,-30.0,1479.6391978716472,1500.0,-20.360802128352816,1,52.0,62.0,-3.72,39.0,74.0,17.699999999999996,23.5,58.8,3.0,0.0,32.0,0.0,0.0,0.0,0.0,0.0,0.0,0.0,-1.0,0.0,-0.0,-0.0,0.0
12,2011-075-jeremy stephens--marcus davis,2011,0,21,109,Jeremy Stephens,marcus davis,155,185,0,-30.0,1478.0080129330668,1500.0,-21.991987066933234,1,40.0,58.0,-3.14,38.0,62.0,53.3,0.0,46.7,6.0,0.0,34.0,0.0,0.0,40.0,50.0,50.0,0.0,0.0,1.0,0.6255999999999999,-0.0,-0.0,0.4
12,2011-076-jim miller--kamal shalorus,2011,0,30,110,Jim Miller,kamal shalorus,155,185,0,-30.0,1512.222043122061,1500.0,12.222043122060995,1,42.0,56.0,-3.44,45.0,48.0,22.299999999999994,48.1,29.6,2.0,0.0,45.0,0.0,0.0,80.0,50.0,0.0,50.0,0.0,4.0,0.9743999999999999,-0.0,-0.0,0.6666666666666667
12,2011-077-michael johnson--paul sass,2011,0,81,111,Michael Johnson,paul sass,155,185,0,-30.0,1489.7785885658316,1500.0,-10.22141143416843,0,39.0,58.0,-3.79,38.0,81.0,37.5,0.0,62.5,3.0,0.0,31.0,0.0,0.0,0.0,0.0,0.0,0.0,1.0,-1.0,0.0,-0.0,-0.0,-1.3333333333333333
12,2011-078-mike brown--rani yahya,2011,0,17,112,Rani Yahya,mike brown,135,185,0,-50.0,1444.8357999103282,1500.0,-55.164200089671795,1,38.0,50.0,-2.08,30.0,29.0,0.0,64.7,35.3,0.0,0.0,27.0,0.0,0.0,60.0,100.0,0.0,100.0,0.0,-1.0,0.36160000000000003,-0.0,-0.0,-2.5
12,2012-079-al iaquinta--michael chiesa,2012,1,114,115,Michael Chiesa,Al Iaquinta,170,185,0,-15.0,1500.0,1500.0,0.0,1,40.0,57.0,-1.73,47.0,67.0,0.0,57.1,42.9,5.0,1.0,21.0,0.0,0.0,0.0,0.0,0.0,0.0,0.0,0.0,0.0,-0.0,-0.0,0.0
12,2012-080-alex caceres--damacio page,2012,0,86,116,Alex Caceres,damacio page,145,185,0,-40.0,1490.2445718998263,1500.0,-9.75542810017373,1,49.0,62.0,-3.09,68.0,64.0,12.5,25.0,62.5,1.0,0.0,29.0,0.0,0.0,33.333333333333336,0.0,0.0,0.0,0.0,-2.0,0.16000000000000003,-0.0,-0.0,3.0
12,2012-081-alex caceres--edwin figueroa,2012,0,86,117,Alex Caceres,edwin figueroa,145,185,0,-40.0,1493.2656251517167,1500.0,-6.7343748482833234,0,49.0,62.0,-3.09,68.0,64.0,12.5,25.0,62.5,1.0,0.0,29.0,0.0,0.0,33.333333333333336,0.0,0.0,0.0,0.0,-2.0,0.16000000000000003,-0.0,-0.0,3.0
12,2012-082-alex caceres--motonobu tezuka,2012,0,86,118,Alex Caceres,motonobu tezuka,145,185,0,-40.0,1478.3383026336526,1500.0,-21.661697366347425,1,49.0,62.0,-3.09,68.0,64.0,12.5,25.0,62.5,1.0,0.0,29.0,0.0,0.0,33.333333333333336,0.0,0.0,0.0,0.0,-2.0,0.16000000000000003,-0.0,-0.0,3.0
12,2012-083-anthony njokuani--rafael dos anjos,2012,0,34,89,Rafael Dos Anjos,anthony njokuani,170,185,0,-15.0,1485.5862956483334,1500.0,-14.413704351666638,1,47.0,60.0,-3.23,35.0,54.0,19.099999999999994,23.8,57.1,13.0,2.0,36.0,0.0,0.0,60.0,66.66666666666667,33.333333333333336,33.333333333333336,0.0,1.0,0.7343999999999999,-0.0,-0.0,0.3333333333333333
12,2012-084-bernardo magalhaes--tim means,2012,0,119,120,Tim Means,bernardo magalhaes,170,185,0,-15.0,1500.0,1500.0,0.0,1,49.0,60.0,-3.65,40.0,64.0,40.0,13.3,46.7,0.0,0.0,29.0,0.0,0.0,0.0,0.0,0.0,0.0,0.0,0.0,0.0,-0.0,-0.0,0.0
12,2012-085-brad scott--robert whittaker,2012,1,121,122,Robert Whittaker,brad scott,185,185,1,0.0,1500.0,1500.0,0.0,1,43.0,59.0,-3.36,38.0,82.0,35.3,0.0,64.7,12.0,2.0,24.0,0.0,0.0,0.0,0.0,0.0,0.0,0.0,0.0,0.0,-0.0,-0.0,0.0
12,2012-086-brad tavares--dongi yang,2012,0,98,309,dongi yang,brad tavares,185,185,1,0.0,1500.0,1486.7577121102854,13.24228788971459,0,-43.0,-54.0,3.36,-26.0,-81.0,-12.5,0.0,-87.5,-6.0,0.0,-27.0,0.0,0.0,-66.66666666666667,-50.0,-50.0,0.0,0.0,-1.0,-0.76,-0.0,-0.0,1.0
12,2012-087-brad tavares--tom watson,2012,0,309,1508,brad tavares,tom watson,185,185,1,0.0,1494.0262847712736,1500.0,-5.973715228726405,1,43.0,54.0,-3.36,26.0,81.0,12.5,0.0,87.5,6.0,0.0,27.0,0.0,0.0,66.66666666666667,50.0,50.0,0.0,0.0,1.0,0.76,-0.0,-0.0,-1.0
12,2012-088-charles oliveira--cub swanson,2012,0,18,63,Cub Swanson,Charles Oliveira,145,155,0,-10.0,1485.4980162512115,1483.6949195634215,1.8030966877900028,1,-4.0,11.0,-0.7400000000000002,11.0,7.0,17.6,-59.599999999999994,42.0,-6.0,-2.0,-1.0,0.0,0.0,-10.0,-50.0,0.0,-50.0,0.0,-1.0,-0.21439999999999998,-0.0,-0.0,1.1666666666666667
12,2012-089-charles oliveira--eric wisely,2012,0,63,124,Charles Oliveira,eric wisely,155,185,0,-30.0,1456.7299499226692,1500.0,-43.27005007733078,1,55.0,48.0,-3.26,39.0,56.0,17.4,69.6,13.0,13.0,2.0,34.0,0.0,0.0,50.0,100.0,0.0,100.0,0.0,-1.0,0.336,-0.0,-0.0,0.0
12,2012-090-charles oliveira--jonathan brookins,2012,0,63,80,Charles Oliveira,jonathan brookins,155,185,0,-30.0,1459.8228758870775,1500.0,-40.177124112922456,1,55.0,48.0,-3.26,39.0,56.0,17.4,69.6,13.0,13.0,2.0,34.0,0.0,0.0,50.0,100.0,0.0,100.0,0.0,-1.0,0.336,-0.0,-0.0,0.0
12,2012-091-chris camozzi--dustin jacoby,2012,0,96,125,Dustin Jacoby,chris camozzi,205,185,0,20.0,1480.5,1500.0,-19.5,0,47.0,57.0,-4.02,25.0,62.0,60.0,0.0,40.0,2.0,0.0,17.0,0.0,0.0,0.0,0.0,0.0,0.0,0.0,-1.0,0.0,-0.0,-0.0,-3.0
12,2012-092-constantinos philippou--court mcgee,2012,0,67,126,Court McGee,constantinos philippou,170,185,0,-15.0,1522.4685757526427,1500.0,22.468575752642664,0,36.0,60.0,-3.65,24.0,70.0,0.0,27.3,72.7,0.0,1.0,24.0,0.0,0.0,100.0,66.66666666666667,0.0,66.66666666666667,1.0,3.0,1.0,-0.0,-0.0,2.0
12,2012-093-court mcgee--nick ring,2012,0,67,127,Court McGee,nick ring,170,185,0,-15.0,1506.2102567263667,1500.0,6.2102567263666515,0,36.0,60.0,-3.65,24.0,70.0,0.0,27.3,72.7,0.0,1.0,24.0,0.0,0.0,100.0,66.66666666666667,0.0,66.66666666666667,1.0,3.0,1.0,-0.0,-0.0,2.0
12,2012-094-cub swanson--george roop,2012,0,18,128,Cub Swanson,george roop,145,185,0,-40.0,1488.494123989073,1500.0,-11.505876010927068,1,51.0,59.0,-4.0,50.0,63.0,35.0,10.0,55.0,7.0,0.0,33.0,0.0,0.0,40.0,50.0,0.0,50.0,0.0,-2.0,0.12160000000000003,-0.0,-0.0,1.1666666666666667
12,2012-095-cub swanson--ross pearson,2012,0,18,104,Cub Swanson,ross pearson,145,185,0,-40.0,1491.5189523431795,1500.0,-8.481047656820465,1,51.0,59.0,-4.0,50.0,63.0,35.0,10.0,55.0,7.0,0.0,33.0,0.0,0.0,40.0,50.0,0.0,50.0,0.0,-2.0,0.12160000000000003,-0.0,-0.0,1.1666666666666667
12,2012-096-damarques johnson--gunnar nelson,2012,0,129,130,Gunnar Nelson,damarques johnson,170,185,0,-15.0,1500.0,1500.0,0.0,1,61.0,48.0,-3.06,52.0,68.0,0.0,80.0,20.0,5.0,0.0,16.0,0.0,0.0,0.0,0.0,0.0,0.0,0.0,0.0,0.0,-0.0,-0.0,0.0
12,2012-097-dan stittgen--stephen thompson,2012,0,131,132,Stephen Thompson,dan stittgen,170,185,0,-15.0,1500.0,1500.0,0.0,1,46.0,54.0,-3.0,35.0,63.0,50.0,0.0,50.0,7.0,0.0,22.0,0.0,0.0,0.0,0.0,0.0,0.0,0.0,0.0,0.0,-0.0,-0.0,0.0
12,2012-098-danny castillo--michael johnson,2012,0,81,133,Michael Johnson,danny castillo,155,185,0,-30.0,1481.1666601494942,1500.0,-18.83333985050581,1,39.0,58.0,-3.79,38.0,81.0,37.5,0.0,62.5,3.0,0.0,31.0,0.0,0.0,33.333333333333336,100.0,100.0,0.0,1.0,1.0,0.6,-0.0,-0.0,-1.3333333333333333
12,2012-099-darren elkins--diego brandao,2012,0,64,134,Darren Elkins,diego brandao,145,185,0,-40.0,1517.0007322088156,1500.0,17.000732208815634,1,38.0,51.0,-3.34,34.0,56.0,20.999999999999993,15.8,63.2,7.0,0.0,30.0,0.0,0.0,75.0,33.333333333333336,33.333333333333336,0.0,0.0,3.0,0.9359999999999999,-0.0,-0.0,2.5
12,2012-100-darren elkins--steven siler,2012,0,64,135,Darren Elkins,steven siler,145,185,0,-40.0,1528.4589424372728,1500.0,28.458942437272754,1,38.0,51.0,-3.34,34.0,56.0,20.999999999999993,15.8,63.2,7.0,0.0,30.0,0.0,0.0,75.0,33.333333333333336,33.333333333333336,0.0,0.0,3.0,0.9359999999999999,-0.0,-0.0,2.5
12,2012-101-donald cerrone--jeremy stephens,2012,0,21,93,Jeremy Stephens,donald cerrone,155,185,0,-30.0,1485.791567363735,1500.0,-14.208432636264888,0,40.0,58.0,-3.14,38.0,62.0,53.3,0.0,46.7,6.0,0.0,34.0,0.0,0.0,60.0,33.333333333333336,33.333333333333336,0.0,0.0,2.0,0.8784,-0.0,-0.0,0.5333333333333333
12,2012-102-dustin poirier--max holloway,2012,0,136,137,dustin poirier,Max Holloway,185,145,0,40.0,1500.0,1500.0,0.0,1,-48.0,-59.0,4.74,-53.0,-83.0,-47.8,-8.7,-43.5,-15.0,-5.0,-31.0,0.0,0.0,0.0,0.0,0.0,0.0,0.0,0.0,0.0,-0.0,-0.0,0.0
12,2012-103-edson barboza--jamie varner,2012,0,72,138,Edson Barboza,jamie varner,155,185,0,-30.0,1513.7829265887688,1500.0,13.78292658876876,0,44.0,55.0,-4.6,50.0,73.0,50.0,0.0,50.0,11.0,0.0,31.0,0.0,0.0,100.0,33.333333333333336,33.333333333333336,0.0,0.0,3.0,1.0,-0.0,-0.0,1.0
12,2012-104-edson barboza--terry etim,2012,0,72,84,Edson Barboza,terry etim,155,185,0,-30.0,1498.634240385031,1500.0,-1.3657596149689653,1,44.0,55.0,-4.6,50.0,73.0,50.0,0.0,50.0,11.0,0.0,31.0,0.0,0.0,100.0,33.333333333333336,33.333333333333336,0.0,0.0,3.0,1.0,-0.0,-0.0,1.0
12,2012-105-james terry--king green,2012,0,46,139,King Green,james terry,155,185,0,-30.0,1487.0123249622525,1500.0,-12.987675037747522,1,52.0,62.0,-3.72,39.0,74.0,17.699999999999996,23.5,58.8,3.0,0.0,32.0,0.0,0.0,50.0,100.0,0.0,100.0,0.0,-1.0,0.336,-0.0,-0.0,-1.0
12,2012-106-jared papazian--tim elliott,2012,0,140,141,Tim Elliott,jared papazian,125,185,0,-60.0,1500.0,1500.0,0.0,1,44.0,57.0,-2.65,47.0,59.0,0.0,30.0,70.0,9.0,0.0,21.0,0.0,0.0,0.0,0.0,0.0,0.0,0.0,0.0,0.0,-0.0,-0.0,0.0
12,2012-107-jeremy stephens--yves edwards,2012,0,21,142,Jeremy Stephens,yves edwards,155,185,0,-30.0,1460.0572377937244,1500.0,-39.942762206275574,0,40.0,58.0,-3.14,38.0,62.0,53.3,0.0,46.7,6.0,0.0,34.0,0.0,0.0,60.0,33.333333333333336,33.333333333333336,0.0,0.0,2.0,0.8784,-0.0,-0.0,0.5333333333333333
12,2012-108-jim miller--joe lauzon,2012,0,10,30,Joe Lauzon,Jim Miller,185,155,0,30.0,1500.0,1511.3967529490772,-11.396752949077154,0,-42.0,-56.0,3.44,-45.0,-48.0,-22.299999999999994,-48.1,-29.6,-2.0,0.0,-45.0,0.0,0.0,-80.0,-50.0,-25.0,-25.0,0.0,-1.0,-0.76,-0.0,-0.0,-0.1333333333333334
12,2012-109-jim miller--melvin guillard,2012,0,30,77,Jim Miller,melvin guillard,155,185,0,-30.0,1518.537729632063,1500.0,18.53772963206302,1,42.0,56.0,-3.44,45.0,48.0,22.299999999999994,48.1,29.6,2.0,0.0,45.0,0.0,0.0,80.0,50.0,25.0,25.0,0.0,1.0,0.76,-0.0,-0.0,0.1333333333333334
12,2012-110-jim miller--nate diaz,2012,0,30,143,Jim Miller,nate diaz,155,185,0,-30.0,1524.4577716814183,1500.0,24.457771681418308,0,42.0,56.0,-3.44,45.0,48.0,22.299999999999994,48.1,29.6,2.0,0.0,45.0,0.0,0.0,80.0,50.0,25.0,25.0,0.0,1.0,0.76,-0.0,-0.0,0.1333333333333334
12,2012-111-john dodson--tim elliott,2012,0,140,144,Tim Elliott,john dodson,125,185,0,-60.0,1525.5333333333333,1500.0,25.533333333333303,0,44.0,57.0,-2.65,47.0,59.0,0.0,30.0,70.0,9.0,0.0,21.0,0.0,0.0,0.0,0.0,0.0,0.0,0.0,0.0,0.0,-0.0,-0.0,0.0
12,2012-112-josh grispi--rani yahya,2012,0,17,145,Rani Yahya,josh grispi,135,185,0,-50.0,1466.8378224280605,1500.0,-33.16217757193954,1,38.0,50.0,-2.08,30.0,29.0,0.0,64.7,35.3,0.0,0.0,27.0,0.0,0.0,60.0,66.66666666666667,0.0,66.66666666666667,0.0,1.0,0.664,-0.0,-0.0,-1.5833333333333335
12,2012-113-justin lawrence--max holloway,2012,0,137,146,Max Holloway,justin lawrence,145,185,0,-40.0,1485.0,1500.0,-15.0,1,48.0,59.0,-4.74,53.0,83.0,47.8,8.7,43.5,15.0,5.0,31.0,0.0,0.0,0.0,0.0,0.0,0.0,0.0,0.0,0.0,-0.0,-0.0,0.0
12,2012-114-justin salas--tim means,2012,0,119,147,Tim Means,justin salas,170,185,0,-15.0,1520.5333333333333,1500.0,20.533333333333303,1,49.0,60.0,-3.65,40.0,64.0,40.0,13.3,46.7,0.0,0.0,29.0,0.0,0.0,0.0,0.0,0.0,0.0,0.0,0.0,0.0,-0.0,-0.0,0.0
12,2012-115-kamal shalorus--rafael dos anjos,2012,0,34,110,Rafael Dos Anjos,kamal shalorus,170,185,0,-15.0,1499.5966979140328,1500.0,-0.40330208596719785,1,47.0,60.0,-3.23,35.0,54.0,19.099999999999994,23.8,57.1,13.0,2.0,36.0,0.0,0.0,60.0,66.66666666666667,33.333333333333336,33.333333333333336,0.0,1.0,0.7343999999999999,-0.0,-0.0,0.3333333333333333
12,2012-116-king green--matt ricehouse,2012,0,46,148,King Green,matt ricehouse,155,185,0,-30.0,1494.0777121920935,1500.0,-5.922287807906514,1,52.0,62.0,-3.72,39.0,74.0,17.699999999999996,23.5,58.8,3.0,0.0,32.0,0.0,0.0,50.0,100.0,0.0,100.0,0.0,-1.0,0.336,-0.0,-0.0,-1.0
12,2012-117-leonard garcia--max holloway,2012,0,137,149,Max Holloway,leonard garcia,145,185,0,-40.0,1488.0323599995768,1500.0,-11.967640000423216,1,48.0,59.0,-4.74,53.0,83.0,47.8,8.7,43.5,15.0,5.0,31.0,0.0,0.0,0.0,0.0,0.0,0.0,0.0,0.0,0.0,-0.0,-0.0,0.0
12,2012-118-mark bocek--rafael dos anjos,2012,0,34,79,Rafael Dos Anjos,mark bocek,170,185,0,-15.0,1502.597568511177,1500.0,2.597568511177087,1,47.0,60.0,-3.23,35.0,54.0,19.099999999999994,23.8,57.1,13.0,2.0,36.0,0.0,0.0,60.0,66.66666666666667,33.333333333333336,33.333333333333336,0.0,1.0,0.7343999999999999,-0.0,-0.0,0.3333333333333333
12,2012-119-matt brown--stephen thompson,2012,0,131,150,Stephen Thompson,matt brown,170,185,0,-15.0,1503.0,1500.0,3.0,0,46.0,54.0,-3.0,35.0,63.0,50.0,0.0,50.0,7.0,0.0,22.0,0.0,0.0,0.0,0.0,0.0,0.0,0.0,0.0,0.0,-0.0,-0.0,0.0
12,2012-120-max holloway--pat schilling,2012,0,137,151,Max Holloway,pat schilling,145,185,0,-40.0,1495.0926160346125,1500.0,-4.907383965387453,1,48.0,59.0,-4.74,53.0,83.0,47.8,8.7,43.5,15.0,5.0,31.0,0.0,0.0,0.0,0.0,0.0,0.0,0.0,0.0,0.0,-0.0,-0.0,0.0
12,2012-121-michael johnson--myles jury,2012,0,81,152,Michael Johnson,myles jury,155,185,0,-30.0,1484.207275408551,1500.0,-15.792724591449087,0,39.0,58.0,-3.79,38.0,81.0,37.5,0.0,62.5,3.0,0.0,31.0,0.0,0.0,33.333333333333336,100.0,100.0,0.0,1.0,1.0,0.6,-0.0,-0.0,-1.3333333333333333
12,2012-122-michael johnson--shane roller,2012,0,81,153,Michael Johnson,shane roller,155,185,0,-30.0,1458.5025303371465,1500.0,-41.49746966285352,1,39.0,58.0,-3.79,38.0,81.0,37.5,0.0,62.5,3.0,0.0,31.0,0.0,0.0,33.333333333333336,100.0,100.0,0.0,1.0,1.0,0.6,-0.0,-0.0,-1.3333333333333333
12,2012-123-michael johnson--tony ferguson,2012,0,81,154,Michael Johnson,tony ferguson,155,185,0,-30.0,1465.9165045763107,1500.0,-34.08349542368933,1,39.0,58.0,-3.79,38.0,81.0,37.5,0.0,62.5,3.0,0.0,31.0,0.0,0.0,33.333333333333336,100.0,100.0,0.0,1.0,1.0,0.6,-0.0,-0.0,-1.3333333333333333
12,2013-124-alex caceres--roland delorme,2013,0,86,157,Alex Caceres,roland delorme,145,185,0,-40.0,1494.1632854368895,1500.0,-5.83671456311049,1,49.0,62.0,-3.09,68.0,64.0,12.5,25.0,62.5,1.0,0.0,29.0,0.0,0.0,40.0,50.0,0.0,50.0,0.0,-1.0,0.336,-0.0,-0.0,1.4444444444444446
12,2013-125-ali bagautinov--tim elliott,2013,0,140,158,Tim Elliott,ali bagautinov,125,185,0,-60.0,1506.9299235386861,1500.0,6.9299235386861255,0,44.0,57.0,-2.65,47.0,59.0,0.0,30.0,70.0,9.0,0.0,21.0,0.0,0.0,50.0,0.0,0.0,0.0,0.0,-1.0,0.4,-0.0,-0.0,1.8333333333333335
12,2013-126-andre fili--jeremy larsen,2013,0,159,160,Andre Fili,jeremy larsen,145,185,0,-40.0,1500.0,1500.0,0.0,1,37.0,51.0,-4.23,45.0,71.0,30.8,0.0,69.2,2.0,0.0,24.0,0.0,0.0,0.0,0.0,0.0,0.0,0.0,0.0,0.0,-0.0,-0.0,0.0
12,2013-127-anton kuivanen--michael chiesa,2013,0,114,161,Michael Chiesa,anton kuivanen,170,185,0,-15.0,1513.5,1500.0,13.5,1,40.0,57.0,-1.73,47.0,67.0,0.0,57.1,42.9,5.0,1.0,21.0,0.0,0.0,100.0,100.0,0.0,100.0,1.0,1.0,1.0,-0.0,-0.0,0.0
12,2013-128-antonio carvalho--darren elkins,2013,0,64,162,Darren Elkins,antonio carvalho,145,185,0,-40.0,1538.8294924295587,1500.0,38.82949242955874,1,38.0,51.0,-3.34,34.0,56.0,20.999999999999993,15.8,63.2,7.0,0.0,30.0,0.0,0.0,100.0,20.0,20.0,0.0,0.0,5.0,1.0,-0.0,-0.0,2.25
12,2013-129-brad tavares--riki fukuda,2013,0,309,1509,brad tavares,riki fukuda,185,185,1,0.0,1504.8094701719917,1500.0,4.809470171991734,1,43.0,54.0,-3.36,26.0,81.0,12.5,0.0,87.5,6.0,0.0,27.0,0.0,0.0,80.0,25.0,25.0,0.0,0.0,3.0,0.9616,-0.0,-0.0,0.16666666666666669
12,2013-130-brad tavares--robert mcdaniel,2013,0,292,309,robert mcdaniel,brad tavares,185,185,1,0.0,1500.0,1519.6911271392212,-19.69112713922118,0,-43.0,-54.0,3.36,-26.0,-81.0,-12.5,0.0,-87.5,-6.0,0.0,-27.0,0.0,0.0,-80.0,-25.0,-25.0,0.0,0.0,-3.0,-0.9616,-0.0,-0.0,-0.16666666666666669
12,2013-131-brian melancon--kelvin gastelum,2013,0,163,164,Kelvin Gastelum,brian melancon,185,185,1,0.0,1500.0,1500.0,0.0,1,42.0,57.0,-3.49,34.0,58.0,23.1,15.4,61.5,9.0,1.0,23.0,0.0,0.0,0.0,0.0,0.0,0.0,0.0,0.0,0.0,-0.0,-0.0,0.0
12,2013-132-chad mendes--darren elkins,2013,0,62,64,chad mendes,Darren Elkins,185,145,0,40.0,1500.0,1553.41212767608,-53.41212767607999,1,-38.0,-51.0,3.34,-34.0,-56.0,-20.999999999999993,-15.8,-63.2,-7.0,0.0,-30.0,0.0,0.0,-100.0,-20.0,-20.0,0.0,0.0,-5.0,-1.0,-0.0,-0.0,-2.25
12,2013-133-charles oliveira--frankie edgar,2013,0,63,165,Charles Oliveira,frankie edgar,155,185,0,-30.0,1472.1819154839218,1500.0,-27.818084516078216,0,55.0,48.0,-3.26,39.0,56.0,17.4,69.6,13.0,13.0,2.0,34.0,0.0,0.0,60.0,100.0,0.0,100.0,0.0,2.0,0.8655999999999999,-0.0,-0.0,0.0
12,2013-134-chris clements--stephen thompson,2013,0,131,166,Stephen Thompson,chris clements,170,185,0,-15.0,1483.9606051872352,1500.0,-16.03939481276484,1,46.0,54.0,-3.0,35.0,63.0,50.0,0.0,50.0,7.0,0.0,22.0,0.0,0.0,50.0,100.0,100.0,0.0,0.0,1.0,0.6,-0.0,-0.0,-2.6666666666666665
12,2013-135-chris holdsworth--davey grant,2013,1,167,168,chris holdsworth,Davey Grant,185,135,0,50.0,1500.0,1500.0,0.0,1,-44.0,-55.0,3.74,-40.0,-63.0,-37.5,-12.5,-50.0,0.0,0.0,-14.0,0.0,0.0,0.0,0.0,0.0,0.0,0.0,0.0,0.0,-0.0,-0.0,0.0
12,2013-136-colton smith--michael chiesa,2013,0,114,169,Michael Chiesa,colton smith,170,185,0,-15.0,1516.4708725647924,1500.0,16.470872564792444,1,40.0,57.0,-1.73,47.0,67.0,0.0,57.1,42.9,5.0,1.0,21.0,0.0,0.0,100.0,100.0,0.0,100.0,1.0,1.0,1.0,-0.0,-0.0,0.0
12,2013-137-colton smith--robert whittaker,2013,0,121,169,Robert Whittaker,colton smith,185,185,1,0.0,1513.65,1500.0,13.650000000000091,1,43.0,59.0,-3.36,38.0,82.0,35.3,0.0,64.7,12.0,2.0,24.0,0.0,0.0,100.0,0.0,0.0,0.0,1.0,1.0,1.0,-0.0,-0.0,1.0
12,2013-138-conor mcgregor--max holloway,2013,0,137,170,Max Holloway,Conor McGregor,145,185,0,-40.0,1510.9208367927467,1500.0,10.92083679274674,0,48.0,59.0,-4.74,53.0,83.0,47.8,8.7,43.5,15.0,5.0,31.0,0.0,0.0,75.0,33.333333333333336,33.333333333333336,0.0,0.0,-1.0,0.4,-0.0,-0.0,2.0
12,2013-139-court mcgee--josh neer,2013,0,13,67,josh neer,Court McGee,185,170,0,15.0,1500.0,1492.6040745878545,7.395925412145516,0,-36.0,-60.0,3.65,-24.0,-70.0,0.0,-27.3,-72.7,0.0,-1.0,-24.0,0.0,0.0,-60.0,-66.66666666666667,0.0,-66.66666666666667,-1.0,2.0,-0.16000000000000003,-0.0,-0.0,0.0
12,2013-140-court mcgee--robert whittaker,2013,0,67,121,Court McGee,Robert Whittaker,170,185,0,-15.0,1509.8955956575562,1516.6205492575875,-6.724953600031313,1,-7.0,1.0,-0.29000000000000004,-14.0,-12.0,-35.3,27.3,8.0,-12.0,-1.0,0.0,0.0,0.0,-40.0,66.66666666666667,0.0,66.66666666666667,0.0,-3.0,-0.84,-0.0,-0.0,-1.0
12,2013-141-court mcgee--ryan laflare,2013,0,67,172,Court McGee,ryan laflare,170,185,0,-15.0,1523.6283869721412,1500.0,23.628386972141243,0,36.0,60.0,-3.65,24.0,70.0,0.0,27.3,72.7,0.0,1.0,24.0,0.0,0.0,60.0,66.66666666666667,0.0,66.66666666666667,1.0,-2.0,0.16000000000000003,-0.0,-0.0,0.0
12,2013-142-cub swanson--dennis siver,2013,0,18,173,Cub Swanson,dennis siver,145,185,0,-40.0,1498.1666705237176,1500.0,-1.8333294762824153,1,51.0,59.0,-4.0,50.0,63.0,35.0,10.0,55.0,7.0,0.0,33.0,0.0,0.0,60.0,100.0,100.0,0.0,0.0,3.0,0.9359999999999999,-0.0,-0.0,1.1666666666666667
12,2013-143-cub swanson--dustin poirier,2013,0,18,136,Cub Swanson,dustin poirier,145,185,0,-40.0,1548.0323654067024,1500.0,48.03236540670241,1,51.0,59.0,-4.0,50.0,63.0,35.0,10.0,55.0,7.0,0.0,33.0,0.0,0.0,60.0,100.0,100.0,0.0,0.0,3.0,0.9359999999999999,-0.0,-0.0,1.1666666666666667
12,2013-144-danny castillo--edson barboza,2013,0,72,133,Edson Barboza,danny castillo,155,185,0,-30.0,1501.2278914492254,1500.0,1.2278914492253534,1,44.0,55.0,-4.6,50.0,73.0,50.0,0.0,50.0,11.0,0.0,31.0,0.0,0.0,80.0,50.0,50.0,0.0,0.0,1.0,0.76,-0.0,-0.0,1.0
12,2013-145-danny castillo--tim means,2013,0,119,133,Tim Means,danny castillo,170,185,0,-15.0,1517.6167950778024,1500.0,17.616795077802408,0,49.0,60.0,-3.65,40.0,64.0,40.0,13.3,46.7,0.0,0.0,29.0,0.0,0.0,100.0,50.0,50.0,0.0,0.0,2.0,1.0,-0.0,-0.0,3.6666666666666665
12,2013-146-darren elkins--hatsu hioki,2013,0,64,174,Darren Elkins,hatsu hioki,145,185,0,-40.0,1550.2977281403485,1500.0,50.297728140348454,1,38.0,51.0,-3.34,34.0,56.0,20.999999999999993,15.8,63.2,7.0,0.0,30.0,0.0,0.0,100.0,20.0,20.0,0.0,0.0,5.0,1.0,-0.0,-0.0,2.25
12,2013-147-dennis bermudez--max holloway,2013,0,137,175,Max Holloway,dennis bermudez,145,185,0,-40.0,1483.036832225251,1500.0,-16.96316777474908,0,48.0,59.0,-4.74,53.0,83.0,47.8,8.7,43.5,15.0,5.0,31.0,0.0,0.0,75.0,33.333333333333336,33.333333333333336,0.0,0.0,-1.0,0.4,-0.0,-0.0,2.0
12,2013-148-donald cerrone--rafael dos anjos,2013,0,34,93,Rafael Dos Anjos,donald cerrone,170,185,0,-15.0,1516.47098147357,1500.0,16.470981473569964,1,47.0,60.0,-3.23,35.0,54.0,19.099999999999994,23.8,57.1,13.0,2.0,36.0,0.0,0.0,80.0,50.0,25.0,25.0,0.0,4.0,0.9743999999999999,-0.0,-0.0,0.7333333333333334
12,2013-149-drew dober--sean spencer,2013,0,32,176,Drew Dober,sean spencer,155,185,0,-30.0,1500.7119140625,1500.0,0.7119140625,0,40.0,51.0,-4.33,17.0,56.0,71.5,7.1,21.4,1.0,0.0,25.0,0.0,0.0,100.0,100.0,100.0,0.0,0.0,1.0,1.0,-0.0,-0.0,0.0
12,2013-150-edson barboza--lucas martins,2013,0,72,177,Edson Barboza,lucas martins,155,185,0,-30.0,1506.5565125945996,1500.0,6.556512594599553,1,44.0,55.0,-4.6,50.0,73.0,50.0,0.0,50.0,11.0,0.0,31.0,0.0,0.0,80.0,50.0,50.0,0.0,0.0,1.0,0.76,-0.0,-0.0,1.0
12,2013-151-edson barboza--rafaello oliveira,2013,0,72,178,Edson Barboza,rafaello oliveira,155,185,0,-30.0,1512.528209214022,1500.0,12.5282092140219,1,44.0,55.0,-4.6,50.0,73.0,50.0,0.0,50.0,11.0,0.0,31.0,0.0,0.0,80.0,50.0,50.0,0.0,0.0,1.0,0.76,-0.0,-0.0,1.0
12,2013-152-estevan payan--jeremy stephens,2013,0,21,179,Jeremy Stephens,estevan payan,155,185,0,-30.0,1459.1148490227715,1500.0,-40.88515097722848,1,40.0,58.0,-3.14,38.0,62.0,53.3,0.0,46.7,6.0,0.0,34.0,0.0,0.0,40.0,50.0,50.0,0.0,0.0,-2.0,0.13440000000000002,-0.0,-0.0,-0.0666666666666667
12,2013-153-evan dunham--rafael dos anjos,2013,0,34,180,Rafael Dos Anjos,evan dunham,170,185,0,-15.0,1557.4992620628643,1500.0,57.49926206286432,1,47.0,60.0,-3.23,35.0,54.0,19.099999999999994,23.8,57.1,13.0,2.0,36.0,0.0,0.0,80.0,50.0,25.0,25.0,0.0,4.0,0.9743999999999999,-0.0,-0.0,0.7333333333333334
12,2013-154-fabricio camoes--jim miller,2013,0,30,181,Jim Miller,fabricio camoes,155,185,0,-30.0,1506.8956688619733,1500.0,6.895668861973263,1,42.0,56.0,-3.44,45.0,48.0,22.299999999999994,48.1,29.6,2.0,0.0,45.0,0.0,0.0,60.0,66.66666666666667,33.333333333333336,33.333333333333336,0.0,1.0,0.7343999999999999,-0.0,-0.0,-0.2666666666666666
12,2013-155-gleison tibau--michael johnson,2013,0,9,81,gleison tibau,Michael Johnson,185,155,0,30.0,1500.0,1487.6527405347888,12.34725946521121,0,-39.0,-58.0,3.79,-38.0,-81.0,-37.5,0.0,-62.5,-3.0,0.0,-31.0,0.0,0.0,-80.0,-50.0,-50.0,0.0,0.0,-3.0,-0.9616,-0.0,-0.0,0.08333333333333331
12,2013-156-gunnar nelson--jorge santiago,2013,0,129,183,Gunnar Nelson,jorge santiago,170,185,0,-15.0,1502.25,1500.0,2.25,1,61.0,48.0,-3.06,52.0,68.0,0.0,80.0,20.0,5.0,0.0,16.0,0.0,0.0,100.0,100.0,0.0,100.0,0.0,1.0,1.0,-0.0,-0.0,0.0
12,2013-157-jacob volkmann--king green,2013,0,46,184,King Green,jacob volkmann,155,185,0,-30.0,1510.1702819261673,1500.0,10.170281926167263,1,52.0,62.0,-3.72,39.0,74.0,17.699999999999996,23.5,58.8,3.0,0.0,32.0,0.0,0.0,80.0,50.0,0.0,50.0,0.0,2.0,0.904,-0.0,-0.0,1.0
12,2013-158-james krause--king green,2013,0,46,185,King Green,james krause,155,185,0,-30.0,1519.104437776827,1500.0,19.1044377768269,1,52.0,62.0,-3.72,39.0,74.0,17.699999999999996,23.5,58.8,3.0,0.0,32.0,0.0,0.0,80.0,50.0,0.0,50.0,0.0,2.0,0.904,-0.0,-0.0,1.0
12,2013-159-jeremy stephens--rony jason,2013,0,21,186,Jeremy Stephens,rony jason,155,185,0,-30.0,1480.2494842104443,1500.0,-19.75051578955572,1,40.0,58.0,-3.14,38.0,62.0,53.3,0.0,46.7,6.0,0.0,34.0,0.0,0.0,40.0,50.0,50.0,0.0,0.0,-2.0,0.13440000000000002,-0.0,-0.0,-0.0666666666666667
12,2013-160-joe lauzon--michael johnson,2013,0,10,81,Joe Lauzon,Michael Johnson,185,155,0,30.0,1500.0,1493.706025508481,6.293974491519066,0,-39.0,-58.0,3.79,-38.0,-81.0,-37.5,0.0,-62.5,-3.0,0.0,-31.0,0.0,0.0,-80.0,-50.0,-50.0,0.0,0.0,-3.0,-0.9616,-0.0,-0.0,0.08333333333333331
12,2013-161-jon manley--neil magny,2013,0,187,188,Neil Magny,jon manley,170,185,0,-15.0,1500.0,1500.0,0.0,1,46.0,51.0,-2.47,39.0,55.0,30.4,8.7,60.9,13.0,0.0,35.0,0.0,0.0,0.0,0.0,0.0,0.0,0.0,0.0,0.0,-0.0,-0.0,0.0
12,2013-162-jorge masvidal--michael chiesa,2013,0,114,189,Michael Chiesa,jorge masvidal,170,185,0,-15.0,1522.3998153156242,1500.0,22.39981531562421,0,40.0,57.0,-1.73,47.0,67.0,0.0,57.1,42.9,5.0,1.0,21.0,0.0,0.0,100.0,100.0,0.0,100.0,1.0,1.0,1.0,-0.0,-0.0,0.0
12,2013-163-jorge masvidal--tim means,2013,0,119,189,Tim Means,jorge masvidal,170,185,0,-15.0,1501.4141478692902,1500.0,1.4141478692902183,0,49.0,60.0,-3.65,40.0,64.0,40.0,13.3,46.7,0.0,0.0,29.0,0.0,0.0,100.0,50.0,50.0,0.0,0.0,2.0,1.0,-0.0,-0.0,3.6666666666666665
12,2013-164-josh clopton--rani yahya,2013,0,17,190,Rani Yahya,josh clopton,135,185,0,-50.0,1477.4318941040783,1500.0,-22.56810589592169,1,38.0,50.0,-2.08,30.0,29.0,0.0,64.7,35.3,0.0,0.0,27.0,0.0,0.0,60.0,66.66666666666667,0.0,66.66666666666667,0.0,2.0,0.8655999999999999,-0.0,-0.0,-1.5833333333333335
12,2013-165-kelvin gastelum--uriah hall,2013,1,163,191,Kelvin Gastelum,uriah hall,185,185,1,0.0,1503.0,1500.0,3.0,1,42.0,57.0,-3.49,34.0,58.0,23.1,15.4,61.5,9.0,1.0,23.0,0.0,0.0,0.0,0.0,0.0,0.0,0.0,0.0,0.0,-0.0,-0.0,0.0
12,2013-166-king green--pat healy,2013,0,46,192,King Green,pat healy,155,185,0,-30.0,1530.9396428568466,1500.0,30.939642856846604,1,52.0,62.0,-3.72,39.0,74.0,17.699999999999996,23.5,58.8,3.0,0.0,32.0,0.0,0.0,80.0,50.0,0.0,50.0,0.0,2.0,0.904,-0.0,-0.0,1.0
12,2013-167-kurt holobaugh--pat healy,2013,0,192,193,pat healy,Kurt Holobaugh,185,155,0,30.0,1500.0,1500.0,0.0,1,-44.0,-49.0,4.24,-33.0,-38.0,0.0,-50.0,-50.0,0.0,0.0,-10.0,0.0,0.0,0.0,0.0,0.0,0.0,0.0,0.0,0.0,-0.0,-0.0,0.0
12,2013-168-kurt holobaugh--steven siler,2013,0,135,193,steven siler,Kurt Holobaugh,185,155,0,30.0,1500.0,1477.3333333333333,22.666666666666742,1,-44.0,-49.0,4.24,-33.0,-38.0,0.0,-50.0,-50.0,0.0,0.0,-10.0,0.0,0.0,0.0,0.0,0.0,0.0,0.0,0.0,0.0,-0.0,-0.0,0.0
12,2013-169-louis gaudinot--tim elliott,2013,0,140,194,Tim Elliott,louis gaudinot,125,185,0,-60.0,1493.1223755059746,1500.0,-6.87762449402544,1,44.0,57.0,-2.65,47.0,59.0,0.0,30.0,70.0,9.0,0.0,21.0,0.0,0.0,50.0,0.0,0.0,0.0,0.0,-1.0,0.4,-0.0,-0.0,1.8333333333333335
12,2013-170-michael johnson--reza madadi,2013,0,81,195,Michael Johnson,reza madadi,155,185,0,-30.0,1518.7522665332938,1500.0,18.752266533293778,0,39.0,58.0,-3.79,38.0,81.0,37.5,0.0,62.5,3.0,0.0,31.0,0.0,0.0,80.0,50.0,50.0,0.0,0.0,3.0,0.9616,-0.0,-0.0,-0.08333333333333331
12,2013-171-mizuto hirota--rani yahya,2013,0,17,196,Rani Yahya,mizuto hirota,135,185,0,-50.0,1486.9843269182913,1500.0,-13.015673081708655,1,38.0,50.0,-2.08,30.0,29.0,0.0,64.7,35.3,0.0,0.0,27.0,0.0,0.0,60.0,66.66666666666667,0.0,66.66666666666667,0.0,2.0,0.8655999999999999,-0.0,-0.0,-1.5833333333333335
12,2013-172-nahshon burrell--stephen thompson,2013,0,131,197,Stephen Thompson,nahshon burrell,170,185,0,-15.0,1486.9952044281818,1500.0,-13.00479557181825,1,46.0,54.0,-3.0,35.0,63.0,50.0,0.0,50.0,7.0,0.0,22.0,0.0,0.0,50.0,100.0,100.0,0.0,0.0,1.0,0.6,-0.0,-0.0,-2.6666666666666665
12,2013-173-neil magny--sergio moraes,2013,0,187,198,Neil Magny,sergio moraes,170,185,0,-15.0,1513.8666666666666,1500.0,13.86666666666656,0,46.0,51.0,-2.47,39.0,55.0,30.4,8.7,60.9,13.0,0.0,35.0,0.0,0.0,0.0,0.0,0.0,0.0,0.0,0.0,0.0,-0.0,-0.0,0.0
12,2013-174-neil magny--seth baczynski,2013,0,187,199,Neil Magny,seth baczynski,170,185,0,-15.0,1498.717078055043,1500.0,-1.2829219449570246,0,46.0,51.0,-2.47,39.0,55.0,30.4,8.7,60.9,13.0,0.0,35.0,0.0,0.0,0.0,0.0,0.0,0.0,0.0,0.0,0.0,-0.0,-0.0,0.0
12,2013-175-nikita krylov--soa palelei,2013,0,200,201,soa palelei,Nikita Krylov,185,205,0,-20.0,1500.0,1500.0,0.0,1,-54.0,-44.0,2.58,-38.0,-53.0,-36.29999999999999,-45.5,-18.2,-7.0,0.0,-20.0,0.0,0.0,0.0,0.0,0.0,0.0,0.0,0.0,0.0,-0.0,-0.0,0.0
12,2013-176-rani yahya--tom niinimaki,2013,0,17,202,Rani Yahya,tom niinimaki,135,185,0,-50.0,1498.6929162682698,1500.0,-1.3070837317302448,0,38.0,50.0,-2.08,30.0,29.0,0.0,64.7,35.3,0.0,0.0,27.0,0.0,0.0,60.0,66.66666666666667,0.0,66.66666666666667,0.0,2.0,0.8655999999999999,-0.0,-0.0,-1.5833333333333335
12,2013-177-ryan laflare--santiago ponzinibbio,2013,0,172,203,ryan laflare,Santiago Ponzinibbio,185,170,0,15.0,1500.0,1500.0,0.0,1,-41.0,-61.0,4.68,-27.0,-71.0,-58.3,0.0,-41.7,-3.0,0.0,-20.0,0.0,0.0,0.0,0.0,0.0,0.0,0.0,0.0,0.0,-0.0,-0.0,0.0
12,2014-178-akira corassani--max holloway,2014,0,137,204,Max Holloway,akira corassani,145,185,0,-40.0,1476.164832441084,1500.0,-23.835167558916055,1,48.0,59.0,-4.74,53.0,83.0,47.8,8.7,43.5,15.0,5.0,31.0,0.0,0.0,40.0,50.0,50.0,0.0,0.0,-3.0,0.06400000000000002,-0.0,-0.0,-0.08333333333333337
12,2014-179-alex caceres--masanori kanehara,2014,0,86,208,Alex Caceres,masanori kanehara,145,185,0,-40.0,1500.8945112357515,1500.0,0.8945112357514517,0,49.0,62.0,-3.09,68.0,64.0,12.5,25.0,62.5,1.0,0.0,29.0,0.0,0.0,60.0,33.333333333333336,0.0,33.333333333333336,0.0,1.0,0.7343999999999999,-0.0,-0.0,1.3333333333333335
12,2014-180-alex caceres--sergio pettis,2014,0,86,209,Alex Caceres,sergio pettis,145,185,0,-40.0,1488.8782104763477,1500.0,-11.121789523652296,1,49.0,62.0,-3.09,68.0,64.0,12.5,25.0,62.5,1.0,0.0,29.0,0.0,0.0,60.0,33.333333333333336,0.0,33.333333333333336,0.0,1.0,0.7343999999999999,-0.0,-0.0,1.3333333333333335
12,2014-181-alex caceres--urijah faber,2014,0,86,210,Alex Caceres,urijah faber,145,185,0,-40.0,1491.9022105917843,1500.0,-8.097789408215704,0,49.0,62.0,-3.09,68.0,64.0,12.5,25.0,62.5,1.0,0.0,29.0,0.0,0.0,60.0,33.333333333333336,0.0,33.333333333333336,0.0,1.0,0.7343999999999999,-0.0,-0.0,1.3333333333333335
12,2014-182-alex garcia--neil magny,2014,0,187,211,Neil Magny,alex garcia,170,185,0,-15.0,1490.7954243831696,1500.0,-9.204575616830425,1,46.0,51.0,-2.47,39.0,55.0,30.4,8.7,60.9,13.0,0.0,35.0,0.0,0.0,33.333333333333336,0.0,0.0,0.0,0.0,1.0,0.6,-0.0,-0.0,1.1666666666666667
12,2014-183-aljamain sterling--cody gibson,2014,0,212,213,Aljamain Sterling,Cody Gibson,145,135,0,10.0,1500.0,1500.0,0.0,1,7.0,2.0,0.9700000000000002,-7.0,-25.0,-21.600000000000005,-9.799999999999997,25.5,13.0,4.0,13.0,0.0,0.0,0.0,0.0,0.0,0.0,0.0,0.0,0.0,-0.0,-0.0,0.0
12,2014-184-aljamain sterling--hugo viana,2014,0,212,214,Aljamain Sterling,hugo viana,145,185,0,-40.0,1507.2,1500.0,7.2000000000000455,1,52.0,59.0,-2.21,30.0,44.0,11.8,23.5,58.8,13.0,4.0,22.0,0.0,0.0,0.0,0.0,0.0,0.0,0.0,0.0,0.0,-0.0,-0.0,0.0
12,2014-185-andre fili--felipe arantes,2014,0,159,215,Andre Fili,felipe arantes,145,185,0,-40.0,1502.25,1500.0,2.25,1,37.0,51.0,-4.23,45.0,71.0,30.8,0.0,69.2,2.0,0.0,24.0,0.0,0.0,100.0,100.0,100.0,0.0,0.0,1.0,1.0,-0.0,-0.0,0.0
12,2014-186-andre fili--max holloway,2014,0,137,159,Max Holloway,Andre Fili,145,145,1,0.0,1479.2162042196667,1509.438343325922,-30.222139106255327,1,11.0,8.0,-0.5099999999999998,8.0,12.0,16.999999999999996,8.7,-25.700000000000003,13.0,5.0,7.0,0.0,0.0,-60.0,-50.0,-50.0,0.0,0.0,-4.0,-0.9359999999999999,-0.0,-0.0,-0.08333333333333337
12,2014-187-andreas stahl--gilbert burns,2014,0,216,217,Gilbert Burns,andreas stahl,170,185,0,-15.0,1500.0,1500.0,0.0,1,48.0,52.0,-3.64,37.0,53.0,20.0,33.3,46.7,5.0,0.0,24.0,0.0,0.0,0.0,0.0,0.0,0.0,0.0,0.0,0.0,-0.0,-0.0,0.0
12,2014-188-andy ogle--charles oliveira,2014,0,63,218,Charles Oliveira,andy ogle,155,185,0,-30.0,1468.1587460084697,1500.0,-31.841253991530266,1,55.0,48.0,-3.26,39.0,56.0,17.4,69.6,13.0,13.0,2.0,34.0,0.0,0.0,40.0,100.0,0.0,100.0,0.0,-1.0,0.336,17.0,17.0,-2.3333333333333335
12,2014-189-anthony rocco martin--beneil dariush,2014,0,219,220,Beneil Dariush,anthony rocco martin,155,185,0,-30.0,1500.0,1500.0,0.0,1,49.0,57.0,-2.61,38.0,82.0,17.699999999999996,29.4,52.9,9.0,0.0,24.0,0.0,0.0,0.0,0.0,0.0,0.0,0.0,0.0,0.0,-0.0,-0.0,0.0
12,2014-190-anying wang--colby covington,2014,0,221,222,Colby Covington,anying wang,170,185,0,-15.0,1500.0,1500.0,0.0,1,38.0,54.0,-3.09,42.0,68.0,25.0,16.7,58.3,6.0,1.0,17.0,0.0,0.0,0.0,0.0,0.0,0.0,0.0,0.0,0.0,-0.0,-0.0,0.0
12,2014-191-beneil dariush--charlie brenneman,2014,0,219,223,Beneil Dariush,charlie brenneman,155,185,0,-30.0,1503.0,1500.0,3.0,1,49.0,57.0,-2.61,38.0,82.0,17.699999999999996,29.4,52.9,9.0,0.0,24.0,0.0,0.0,0.0,0.0,0.0,0.0,0.0,0.0,0.0,-0.0,-0.0,0.0
12,2014-192-beneil dariush--diego ferreira,2014,0,219,224,Beneil Dariush,Diego Ferreira,155,155,1,0.0,1505.9935241403673,1500.0,5.993524140367299,1,9.0,2.0,0.8500000000000001,8.0,25.0,-32.300000000000004,9.399999999999999,22.9,8.0,0.0,8.0,0.0,0.0,0.0,0.0,0.0,0.0,0.0,0.0,0.0,-0.0,-0.0,0.0
12,2014-193-beneil dariush--ramsey nijem,2014,0,219,225,Beneil Dariush,ramsey nijem,155,185,0,-30.0,1525.3098663052356,1500.0,25.309866305235573,0,49.0,57.0,-2.61,38.0,82.0,17.699999999999996,29.4,52.9,9.0,0.0,24.0,0.0,0.0,0.0,0.0,0.0,0.0,0.0,0.0,0.0,-0.0,-0.0,0.0
12,2014-194-benson henderson--rafael dos anjos,2014,0,34,91,Rafael Dos Anjos,benson henderson,170,185,0,-15.0,1566.3418266995418,1500.0,66.3418266995418,1,47.0,60.0,-3.23,35.0,54.0,19.099999999999994,23.8,57.1,13.0,2.0,36.0,0.0,0.0,100.0,20.0,0.0,20.0,0.0,5.0,1.0,12.0,12.0,1.1333333333333333
12,2014-195-brad tavares--lorenz larkin,2014,0,309,359,brad tavares,lorenz larkin,185,185,1,0.0,1524.9718540042386,1500.0,24.971854004238594,1,43.0,54.0,-3.36,26.0,81.0,12.5,0.0,87.5,6.0,0.0,27.0,0.0,0.0,100.0,20.0,20.0,0.0,0.0,5.0,1.0,-0.0,-0.0,0.4666666666666667
12,2014-196-brad tavares--tim boetsch,2014,0,309,1510,brad tavares,tim boetsch,185,185,1,0.0,1550.6233182716473,1500.0,50.62331827164735,0,43.0,54.0,-3.36,26.0,81.0,12.5,0.0,87.5,6.0,0.0,27.0,0.0,0.0,100.0,20.0,20.0,0.0,0.0,5.0,1.0,-0.0,-0.0,0.4666666666666667
12,2014-197-brad tavares--yoel romero,2014,0,309,595,brad tavares,yoel romero,185,185,1,0.0,1537.7007881895486,1500.0,37.700788189548575,0,43.0,54.0,-3.36,26.0,81.0,12.5,0.0,87.5,6.0,0.0,27.0,0.0,0.0,100.0,20.0,20.0,0.0,0.0,5.0,1.0,-0.0,-0.0,0.4666666666666667
12,2014-198-charles oliveira--hatsu hioki,2014,0,63,174,Charles Oliveira,hatsu hioki,155,185,0,-30.0,1471.2272890882116,1500.0,-28.77271091178841,1,55.0,48.0,-3.26,39.0,56.0,17.4,69.6,13.0,13.0,2.0,34.0,0.0,0.0,40.0,100.0,0.0,100.0,0.0,-1.0,0.336,17.0,17.0,-2.3333333333333335
12,2014-199-charles oliveira--jeremy stephens,2014,0,21,63,Jeremy Stephens,Charles Oliveira,155,155,1,0.0,1487.4690549449385,1474.289258375378,13.179796569560494,0,-15.0,10.0,0.11999999999999966,-1.0,6.0,35.9,-69.6,33.7,-7.0,-2.0,0.0,0.0,0.0,20.0,-33.33333333333333,66.66666666666667,-100.0,0.0,3.0,0.5295999999999998,-17.0,-17.0,3.3333333333333335
12,2014-200-christos giagos--gilbert burns,2014,0,216,226,Gilbert Burns,christos giagos,170,185,0,-15.0,1507.2,1500.0,7.2000000000000455,1,48.0,52.0,-3.64,37.0,53.0,20.0,33.3,46.7,5.0,0.0,24.0,0.0,0.0,0.0,0.0,0.0,0.0,0.0,0.0,0.0,-0.0,-0.0,0.0
12,2014-201-claudio silva--leon edwards,2014,0,227,228,claudio silva,Leon Edwards,185,170,0,15.0,1500.0,1500.0,0.0,1,-54.0,-53.0,2.42,-36.0,-63.0,-21.499999999999993,-7.1,-71.4,-8.0,-3.0,-18.0,0.0,0.0,0.0,0.0,0.0,0.0,0.0,0.0,0.0,-0.0,-0.0,0.0
12,2014-202-clay collard--max holloway,2014,0,137,229,Max Holloway,clay collard,145,185,0,-40.0,1482.2812798996824,1500.0,-17.71872010031757,1,48.0,59.0,-4.74,53.0,83.0,47.8,8.7,43.5,15.0,5.0,31.0,0.0,0.0,40.0,50.0,50.0,0.0,0.0,-3.0,0.06400000000000002,-0.0,-0.0,-0.08333333333333337
12,2014-203-clint hester--robert whittaker,2014,0,121,230,Robert Whittaker,clint hester,185,185,1,0.0,1496.1367881240194,1500.0,-3.8632118759805962,1,43.0,59.0,-3.36,38.0,82.0,35.3,0.0,64.7,12.0,2.0,24.0,0.0,0.0,66.66666666666667,50.0,50.0,0.0,1.0,1.0,0.76,-0.0,-0.0,-0.6666666666666667
12,2014-204-cody donovan--nikita krylov,2014,0,201,231,Nikita Krylov,cody donovan,205,185,0,20.0,1488.75,1500.0,-11.25,1,54.0,44.0,-2.58,38.0,53.0,36.29999999999999,45.5,18.2,7.0,0.0,20.0,0.0,0.0,0.0,0.0,0.0,0.0,0.0,-1.0,0.0,-0.0,-0.0,0.0
12,2014-205-cody gibson--johnny bedford,2014,0,213,232,Cody Gibson,johnny bedford,135,185,0,-50.0,1484.0,1500.0,-16.0,1,45.0,57.0,-3.18,37.0,69.0,33.400000000000006,33.3,33.3,0.0,0.0,9.0,0.0,0.0,0.0,0.0,0.0,0.0,0.0,0.0,0.0,-0.0,-0.0,0.0
12,2014-206-cody gibson--manvel gamburyan,2014,0,213,233,Cody Gibson,manvel gamburyan,135,185,0,-50.0,1487.0345143809463,1500.0,-12.965485619053652,0,45.0,57.0,-3.18,37.0,69.0,33.400000000000006,33.3,33.3,0.0,0.0,9.0,0.0,0.0,0.0,0.0,0.0,0.0,0.0,0.0,0.0,-0.0,-0.0,0.0
12,2014-207-colby covington--wagner silva,2014,0,221,234,Colby Covington,wagner silva,170,185,0,-15.0,1503.0,1500.0,3.0,1,38.0,54.0,-3.09,42.0,68.0,25.0,16.7,58.3,6.0,1.0,17.0,0.0,0.0,0.0,0.0,0.0,0.0,0.0,0.0,0.0,-0.0,-0.0,0.0
12,2014-208-colton smith--diego ferreira,2014,0,169,224,colton smith,Diego Ferreira,185,155,0,30.0,1500.0,1474.1121187481147,25.887881251885347,0,-40.0,-55.0,3.46,-30.0,-57.0,-50.0,-20.0,-30.0,-1.0,0.0,-16.0,0.0,0.0,0.0,0.0,0.0,0.0,0.0,0.0,0.0,-0.0,-0.0,0.0
12,2014-209-cub swanson--frankie edgar,2014,0,18,165,Cub Swanson,frankie edgar,145,185,0,-40.0,1570.2857650600395,1500.0,70.28576506003947,0,51.0,59.0,-4.0,50.0,63.0,35.0,10.0,55.0,7.0,0.0,33.0,0.0,0.0,100.0,80.0,80.0,0.0,0.0,5.0,1.0,13.5,13.5,1.4
12,2014-210-cub swanson--jeremy stephens,2014,0,18,21,Cub Swanson,Jeremy Stephens,145,155,0,-10.0,1565.6062292070153,1469.8243220434806,95.7819071635347,1,11.0,1.0,-0.8599999999999999,12.0,1.0,-18.299999999999997,10.0,8.299999999999997,1.0,0.0,-1.0,0.0,0.0,40.0,13.333333333333329,13.333333333333329,0.0,0.0,3.0,0.13440000000000007,13.5,13.5,0.3999999999999999
12,2014-211-dan hooker--ian entwistle,2014,0,235,236,Dan Hooker,ian entwistle,155,185,0,-30.0,1500.0,1500.0,0.0,1,48.0,51.0,-4.72,34.0,78.0,50.0,14.3,35.7,7.0,0.0,22.0,0.0,0.0,0.0,0.0,0.0,0.0,0.0,0.0,0.0,-0.0,-0.0,0.0
12,2014-212-dan hooker--maximo blanco,2014,0,235,237,Dan Hooker,maximo blanco,155,185,0,-30.0,1503.0,1500.0,3.0,0,48.0,51.0,-4.72,34.0,78.0,50.0,14.3,35.7,7.0,0.0,22.0,0.0,0.0,0.0,0.0,0.0,0.0,0.0,0.0,0.0,-0.0,-0.0,0.0
12,2014-213-darren elkins--hacran dias,2014,0,64,238,Darren Elkins,hacran dias,145,185,0,-40.0,1542.9292126033279,1500.0,42.92921260332787,0,38.0,51.0,-3.34,34.0,56.0,20.999999999999993,15.8,63.2,7.0,0.0,30.0,0.0,0.0,80.0,25.0,25.0,0.0,0.0,1.0,0.76,19.0,19.0,2.0
12,2014-214-darren elkins--jeremy stephens,2014,0,21,64,Jeremy Stephens,Darren Elkins,155,145,0,10.0,1455.394754132071,1525.4636736919176,-70.06891955984656,1,2.0,7.0,0.19999999999999973,4.0,6.0,32.300000000000004,-15.8,-16.5,-1.0,0.0,4.0,0.0,0.0,-20.0,41.66666666666667,41.66666666666667,0.0,0.0,1.0,0.10559999999999992,-19.0,-19.0,-1.0
12,2014-215-darren elkins--lucas martins,2014,0,64,177,Darren Elkins,lucas martins,145,185,0,-40.0,1505.8594166742585,1500.0,5.859416674258455,1,38.0,51.0,-3.34,34.0,56.0,20.999999999999993,15.8,63.2,7.0,0.0,30.0,0.0,0.0,80.0,25.0,25.0,0.0,0.0,1.0,0.76,19.0,19.0,2.0
12,2014-216-dashon johnson--jake matthews,2014,0,239,240,Jake Matthews,dashon johnson,170,185,0,-15.0,1500.0,1500.0,0.0,1,43.0,60.0,-2.63,42.0,67.0,13.3,40.0,46.7,0.0,0.0,22.0,0.0,0.0,0.0,0.0,0.0,0.0,0.0,0.0,0.0,-0.0,-0.0,0.0
12,2014-217-david michaud--li jingliang,2014,0,241,242,Li Jingliang,david michaud,170,185,0,-15.0,1500.0,1500.0,0.0,1,42.0,56.0,-3.95,41.0,60.0,72.7,0.0,27.3,2.0,0.0,18.0,0.0,0.0,0.0,0.0,0.0,0.0,0.0,0.0,0.0,-0.0,-0.0,0.0
12,2014-218-derrick lewis--guto inocente,2014,0,243,244,Derrick Lewis,guto inocente,265,185,0,80.0,1500.0,1500.0,0.0,1,50.0,40.0,-2.49,26.0,52.0,80.0,0.0,20.0,14.0,0.0,30.0,0.0,0.0,0.0,0.0,0.0,0.0,0.0,0.0,0.0,-0.0,-0.0,0.0
12,2014-219-derrick lewis--jack may,2014,0,243,245,Derrick Lewis,jack may,265,185,0,80.0,1503.0,1500.0,3.0,1,50.0,40.0,-2.49,26.0,52.0,80.0,0.0,20.0,14.0,0.0,30.0,0.0,0.0,0.0,0.0,0.0,0.0,0.0,0.0,0.0,-0.0,-0.0,0.0
12,2014-220-derrick lewis--matt mitrione,2014,0,243,246,Derrick Lewis,matt mitrione,265,185,0,80.0,1505.9935241403673,1500.0,5.993524140367299,0,50.0,40.0,-2.49,26.0,52.0,80.0,0.0,20.0,14.0,0.0,30.0,0.0,0.0,0.0,0.0,0.0,0.0,0.0,0.0,0.0,-0.0,-0.0,0.0
12,2014-221-diego ferreira--ramsey nijem,2014,0,224,225,Diego Ferreira,ramsey nijem,155,185,0,-30.0,1477.1678990406408,1500.0,-22.832100959359195,1,40.0,55.0,-3.46,30.0,57.0,50.0,20.0,30.0,1.0,0.0,16.0,0.0,0.0,0.0,0.0,0.0,0.0,0.0,0.0,0.0,-0.0,-0.0,0.0
12,2014-222-donald cerrone--edson barboza,2014,0,72,93,Edson Barboza,donald cerrone,155,185,0,-30.0,1516.0853335647678,1500.0,16.08533356476778,0,44.0,55.0,-4.6,50.0,73.0,50.0,0.0,50.0,11.0,0.0,31.0,0.0,0.0,80.0,75.0,75.0,0.0,0.0,4.0,0.9743999999999999,-0.0,-0.0,0.8888888888888888
12,2014-223-donald cerrone--jim miller,2014,0,30,93,Jim Miller,donald cerrone,155,185,0,-30.0,1526.2168226643298,1500.0,26.21682266432981,0,42.0,56.0,-3.44,45.0,48.0,22.299999999999994,48.1,29.6,2.0,0.0,45.0,0.0,0.0,80.0,75.0,25.0,50.0,0.0,2.0,0.904,10.0,10.0,-0.2666666666666666
12,2014-224-dooho choi--juan manuel puig,2014,0,247,248,Dooho Choi,juan manuel puig,145,185,0,-40.0,1500.0,1500.0,0.0,1,56.0,56.0,-4.02,53.0,47.0,100.0,0.0,0.0,0.0,0.0,9.0,0.0,0.0,0.0,0.0,0.0,0.0,0.0,0.0,0.0,-0.0,-0.0,0.0
12,2014-225-douglas silva de andrade--zubaira tukhugov,2014,0,249,250,zubaira tukhugov,Douglas Silva de Andrade,185,135,0,50.0,1500.0,1500.0,0.0,1,-38.0,-57.0,3.93,-42.0,-72.0,-28.6,-14.3,-57.1,0.0,0.0,-13.0,0.0,0.0,0.0,0.0,0.0,0.0,0.0,0.0,0.0,-0.0,-0.0,0.0
12,2014-226-drew dober--jamie varner,2014,0,32,138,Drew Dober,jamie varner,155,185,0,-30.0,1481.0239464256044,1500.0,-18.976053574395564,1,40.0,51.0,-4.33,17.0,56.0,71.5,7.1,21.4,1.0,0.0,25.0,0.0,0.0,50.0,100.0,100.0,0.0,0.0,-1.0,0.4,-0.0,-0.0,-3.0
12,2014-227-drew dober--nick hein,2014,0,32,251,Drew Dober,nick hein,155,185,0,-30.0,1484.0648688466893,1500.0,-15.93513115331075,0,40.0,51.0,-4.33,17.0,56.0,71.5,7.1,21.4,1.0,0.0,25.0,0.0,0.0,50.0,100.0,100.0,0.0,0.0,-1.0,0.4,-0.0,-0.0,-3.0
12,2014-228-dustin kimura--henry cejudo,2014,0,252,253,Henry Cejudo,dustin kimura,135,185,0,-50.0,1500.0,1500.0,0.0,1,47.0,59.0,-3.46,31.0,76.0,40.0,0.0,60.0,6.0,4.0,15.0,0.0,0.0,0.0,0.0,0.0,0.0,0.0,0.0,0.0,-0.0,-0.0,0.0
12,2014-229-edson barboza--evan dunham,2014,0,72,180,Edson Barboza,evan dunham,155,185,0,-30.0,1507.891648435394,1500.0,7.891648435394018,1,44.0,55.0,-4.6,50.0,73.0,50.0,0.0,50.0,11.0,0.0,31.0,0.0,0.0,80.0,75.0,75.0,0.0,0.0,4.0,0.9743999999999999,-0.0,-0.0,0.8888888888888888
12,2014-230-edson barboza--king green,2014,0,46,72,King Green,Edson Barboza,155,155,1,0.0,1539.8272607537033,1524.5962660799773,15.230994673725945,0,8.0,7.0,0.8799999999999994,-11.0,1.0,-32.300000000000004,23.5,8.799999999999997,-8.0,0.0,1.0,0.0,0.0,20.0,-35.0,-55.0,20.0,0.0,1.0,0.025600000000000067,-0.0,-0.0,0.44444444444444464
12,2014-231-francisco trinaldo--michael chiesa,2014,0,114,256,Michael Chiesa,francisco trinaldo,170,185,0,-15.0,1505.3687852245528,1500.0,5.3687852245527665,1,40.0,57.0,-1.73,47.0,67.0,0.0,57.1,42.9,5.0,1.0,21.0,0.0,0.0,75.0,100.0,0.0,100.0,1.0,1.0,0.76,-0.0,-0.0,0.0
12,2014-232-gasan umalatov--neil magny,2014,0,187,259,Neil Magny,gasan umalatov,170,185,0,-15.0,1504.753911615974,1500.0,4.753911615973948,1,46.0,51.0,-2.47,39.0,55.0,30.4,8.7,60.9,13.0,0.0,35.0,0.0,0.0,33.333333333333336,0.0,0.0,0.0,0.0,1.0,0.6,-0.0,-0.0,1.1666666666666667
12,2014-233-george roop--rob font,2014,0,128,260,george roop,Rob Font,185,135,0,50.0,1500.0,1500.0,0.0,0,-46.0,-57.0,3.67,-34.0,-42.0,-50.0,-8.3,-41.7,-9.0,0.0,-19.0,0.0,0.0,0.0,0.0,0.0,0.0,0.0,0.0,0.0,-0.0,-0.0,0.0
12,2014-234-gunnar nelson--omari akhmedov,2014,0,129,261,Gunnar Nelson,omari akhmedov,170,185,0,-15.0,1509.5747100381645,1500.0,9.57471003816454,1,61.0,48.0,-3.06,52.0,68.0,0.0,80.0,20.0,5.0,0.0,16.0,0.0,0.0,100.0,50.0,0.0,50.0,0.0,2.0,1.0,-0.0,-0.0,1.6666666666666667
12,2014-235-gunnar nelson--rick story,2014,0,129,262,Gunnar Nelson,rick story,170,185,0,-15.0,1515.5333831534876,1500.0,15.533383153487648,0,61.0,48.0,-3.06,52.0,68.0,0.0,80.0,20.0,5.0,0.0,16.0,0.0,0.0,100.0,50.0,0.0,50.0,0.0,2.0,1.0,-0.0,-0.0,1.6666666666666667
12,2014-236-gunnar nelson--zak cummings,2014,0,129,263,Gunnar Nelson,zak cummings,170,185,0,-15.0,1491.2556795323442,1500.0,-8.744320467655825,1,61.0,48.0,-3.06,52.0,68.0,0.0,80.0,20.0,5.0,0.0,16.0,0.0,0.0,100.0,50.0,0.0,50.0,0.0,2.0,1.0,-0.0,-0.0,1.6666666666666667
12,2014-237-hernani perpetuo--tim means,2014,0,119,264,Tim Means,hernani perpetuo,170,185,0,-15.0,1489.0484002351368,1500.0,-10.951599764863204,1,49.0,60.0,-3.65,40.0,64.0,40.0,13.3,46.7,0.0,0.0,29.0,0.0,0.0,50.0,50.0,50.0,0.0,0.0,-2.0,0.16000000000000003,-0.0,-0.0,0.5555555555555555
12,2014-238-ilir latifi--jan blachowicz,2014,0,265,266,Jan Blachowicz,ilir latifi,205,185,0,20.0,1500.0,1500.0,0.0,1,49.0,52.0,-3.03,48.0,69.0,41.599999999999994,16.7,41.7,7.0,2.0,21.0,0.0,0.0,0.0,0.0,0.0,0.0,0.0,0.0,0.0,-0.0,-0.0,0.0
12,2014-239-jake ellenberger--kelvin gastelum,2014,0,163,267,Kelvin Gastelum,jake ellenberger,185,185,1,0.0,1514.9724775965615,1500.0,14.972477596561475,1,42.0,57.0,-3.49,34.0,58.0,23.1,15.4,61.5,9.0,1.0,23.0,0.0,0.0,100.0,50.0,0.0,50.0,1.0,2.0,1.0,-0.0,-0.0,1.0
12,2014-240-jake matthews--vagner rocha,2014,0,61,239,Vagner Rocha,Jake Matthews,185,170,0,15.0,1500.0,1503.0,-3.0,0,-43.0,-60.0,2.63,-42.0,-67.0,-13.3,-40.0,-46.7,0.0,0.0,-22.0,0.0,0.0,0.0,0.0,0.0,0.0,0.0,0.0,0.0,-0.0,-0.0,0.0
12,2014-241-jason high--rafael dos anjos,2014,0,34,268,Rafael Dos Anjos,jason high,170,185,0,-15.0,1637.804455735957,1500.0,137.80445573595694,1,47.0,60.0,-3.23,35.0,54.0,19.099999999999994,23.8,57.1,13.0,2.0,36.0,0.0,0.0,100.0,20.0,0.0,20.0,0.0,5.0,1.0,12.0,12.0,1.1333333333333333
12,2014-242-jim miller--yancy medeiros,2014,0,30,269,Jim Miller,yancy medeiros,155,185,0,-30.0,1519.4488885107107,1500.0,19.44888851071073,1,42.0,56.0,-3.44,45.0,48.0,22.299999999999994,48.1,29.6,2.0,0.0,45.0,0.0,0.0,80.0,75.0,25.0,50.0,0.0,2.0,0.904,10.0,10.0,-0.2666666666666666
12,2014-243-joe lauzon--michael chiesa,2014,0,10,114,Joe Lauzon,Michael Chiesa,185,170,0,15.0,1500.0,1525.8228014933447,-25.82280149334474,1,-40.0,-57.0,1.73,-47.0,-67.0,0.0,-57.1,-42.9,-5.0,-1.0,-21.0,0.0,0.0,-75.0,-100.0,0.0,-100.0,-1.0,-1.0,-0.76,-0.0,-0.0,0.0
12,2014-244-johnny bedford--rani yahya,2014,0,17,232,Rani Yahya,johnny bedford,135,185,0,-50.0,1485.2826193224869,1500.0,-14.71738067751312,1,38.0,50.0,-2.08,30.0,29.0,0.0,64.7,35.3,0.0,0.0,27.0,0.0,0.0,80.0,25.0,0.0,25.0,0.0,2.0,0.904,-0.0,-0.0,-0.2
12,2014-245-joseph benavidez--tim elliott,2014,0,54,140,joseph benavidez,Tim Elliott,185,125,0,60.0,1500.0,1530.5475912580016,-30.547591258001603,1,-44.0,-57.0,2.65,-47.0,-59.0,0.0,-30.0,-70.0,-9.0,0.0,-21.0,0.0,0.0,-50.0,0.0,0.0,0.0,0.0,-1.0,-0.664,-13.0,-13.0,-1.4166666666666667
12,2014-246-josh thomson--king green,2014,0,46,270,King Green,josh thomson,155,185,0,-30.0,1517.0375014724714,1500.0,17.037501472471376,1,52.0,62.0,-3.72,39.0,74.0,17.699999999999996,23.5,58.8,3.0,0.0,32.0,0.0,0.0,100.0,40.0,20.0,20.0,0.0,5.0,1.0,-0.0,-0.0,1.3333333333333335
12,2014-247-kelvin gastelum--nicholas musoke,2014,0,163,271,Kelvin Gastelum,nicholas musoke,185,185,1,0.0,1557.1138076836303,1500.0,57.113807683630284,1,42.0,57.0,-3.49,34.0,58.0,23.1,15.4,61.5,9.0,1.0,23.0,0.0,0.0,100.0,50.0,0.0,50.0,1.0,2.0,1.0,-0.0,-0.0,1.0
12,2014-248-kelvin gastelum--rick story,2014,0,163,262,Kelvin Gastelum,rick story,185,185,1,0.0,1583.4361638347302,1500.0,83.43616383473022,1,42.0,57.0,-3.49,34.0,58.0,23.1,15.4,61.5,9.0,1.0,23.0,0.0,0.0,100.0,50.0,0.0,50.0,1.0,2.0,1.0,-0.0,-0.0,1.0
12,2014-249-khabib nurmagomedov--rafael dos anjos,2014,0,34,272,Rafael Dos Anjos,khabib nurmagomedov,170,185,0,-15.0,1694.3222504904186,1500.0,194.32225049041858,0,47.0,60.0,-3.23,35.0,54.0,19.099999999999994,23.8,57.1,13.0,2.0,36.0,0.0,0.0,100.0,20.0,0.0,20.0,0.0,5.0,1.0,12.0,12.0,1.1333333333333333
12,2014-250-leonardo morales--yair rodriguez,2014,1,273,274,Yair Rodriguez,leonardo morales,145,185,0,-40.0,1500.0,1500.0,0.0,1,46.0,52.0,-3.78,29.0,59.0,36.4,9.1,54.5,7.0,2.0,15.0,0.0,0.0,0.0,0.0,0.0,0.0,0.0,0.0,0.0,-0.0,-0.0,0.0
12,2014-251-li jingliang--nordine taleb,2014,0,241,275,Li Jingliang,nordine taleb,170,185,0,-15.0,1510.3333333333333,1500.0,10.333333333333258,0,42.0,56.0,-3.95,41.0,60.0,72.7,0.0,27.3,2.0,0.0,18.0,0.0,0.0,0.0,0.0,0.0,0.0,0.0,0.0,0.0,-0.0,-0.0,0.0
12,2014-252-luke barnatt--sean strickland,2014,0,276,277,Sean Strickland,luke barnatt,185,185,1,0.0,1500.0,1500.0,0.0,1,42.0,60.0,-4.57,64.0,76.0,25.0,6.2,68.8,6.0,1.0,23.0,0.0,0.0,0.0,0.0,0.0,0.0,0.0,0.0,0.0,-0.0,-0.0,0.0
12,2014-253-marcio alexandre junior--tim means,2014,0,119,278,Tim Means,marcio alexandre junior,170,185,0,-15.0,1496.3051196794363,1500.0,-3.6948803205636978,1,49.0,60.0,-3.65,40.0,64.0,40.0,13.3,46.7,0.0,0.0,29.0,0.0,0.0,50.0,50.0,50.0,0.0,0.0,-2.0,0.16000000000000003,-0.0,-0.0,0.5555555555555555
12,2014-254-marco beltran--marlon vera,2014,0,279,280,marco beltran,Marlon Vera,185,135,0,50.0,1500.0,1500.0,0.0,1,-49.0,-50.0,5.37,-39.0,-72.0,-46.599999999999994,-26.7,-26.7,-6.0,0.0,-24.0,0.0,0.0,0.0,0.0,0.0,0.0,0.0,0.0,0.0,-0.0,-0.0,0.0
12,2014-255-matt hobar--pedro munhoz,2014,0,281,282,Pedro Munhoz,matt hobar,135,185,0,-50.0,1500.0,1500.0,0.0,1,41.0,55.0,-6.29,16.0,82.0,30.0,30.0,40.0,8.0,0.0,20.0,0.0,0.0,0.0,0.0,0.0,0.0,0.0,0.0,0.0,-0.0,-0.0,0.0
12,2014-256-max holloway--will chope,2014,0,137,283,Max Holloway,will chope,145,185,0,-40.0,1488.3577115126047,1500.0,-11.642288487395263,1,48.0,59.0,-4.74,53.0,83.0,47.8,8.7,43.5,15.0,5.0,31.0,0.0,0.0,40.0,50.0,50.0,0.0,0.0,-3.0,0.06400000000000002,-0.0,-0.0,-0.08333333333333337
12,2014-257-melvin guillard--michael johnson,2014,0,77,81,melvin guillard,Michael Johnson,185,155,0,30.0,1500.0,1502.662547052701,-2.6625470527010293,0,-39.0,-58.0,3.79,-38.0,-81.0,-37.5,0.0,-62.5,-3.0,0.0,-31.0,0.0,0.0,-80.0,-25.0,-25.0,0.0,0.0,1.0,-0.4,-0.0,-0.0,-0.6666666666666666
12,2014-258-mike rhodes--robert whittaker,2014,0,121,284,Robert Whittaker,mike rhodes,185,185,1,0.0,1499.1451271935466,1500.0,-0.8548728064533861,1,43.0,59.0,-3.36,38.0,82.0,35.3,0.0,64.7,12.0,2.0,24.0,0.0,0.0,66.66666666666667,50.0,50.0,0.0,1.0,1.0,0.76,-0.0,-0.0,-0.6666666666666667
12,2014-259-nate diaz--rafael dos anjos,2014,0,34,143,Rafael Dos Anjos,nate diaz,170,185,0,-15.0,1671.3277594393967,1500.0,171.3277594393967,1,47.0,60.0,-3.23,35.0,54.0,19.099999999999994,23.8,57.1,13.0,2.0,36.0,0.0,0.0,100.0,20.0,0.0,20.0,0.0,5.0,1.0,12.0,12.0,1.1333333333333333
12,2014-260-neil magny--rodrigo de lima,2014,0,187,285,Neil Magny,rodrigo de lima,170,185,0,-15.0,1518.573147336532,1500.0,18.573147336531974,1,46.0,51.0,-2.47,39.0,55.0,30.4,8.7,60.9,13.0,0.0,35.0,0.0,0.0,33.333333333333336,0.0,0.0,0.0,0.0,1.0,0.6,-0.0,-0.0,1.1666666666666667
12,2014-261-neil magny--tim means,2014,0,119,187,Tim Means,Neil Magny,170,170,1,0.0,1503.3237297386172,1524.4930369106828,-21.1693071720656,0,3.0,9.0,-1.1799999999999997,1.0,9.0,9.600000000000001,4.600000000000001,-14.199999999999996,-13.0,0.0,-6.0,0.0,0.0,16.666666666666664,50.0,50.0,0.0,0.0,-3.0,-0.43999999999999995,-0.0,-0.0,-0.6111111111111113
12,2014-262-neil magny--william macario,2014,0,187,286,Neil Magny,william macario,170,185,0,-15.0,1539.1991787109241,1500.0,39.199178710924116,1,46.0,51.0,-2.47,39.0,55.0,30.4,8.7,60.9,13.0,0.0,35.0,0.0,0.0,33.333333333333336,0.0,0.0,0.0,0.0,1.0,0.6,-0.0,-0.0,1.1666666666666667
12,2014-263-nikita krylov--ovince saint preux,2014,0,201,287,Nikita Krylov,ovince saint preux,205,185,0,20.0,1491.7742765933106,1500.0,-8.22572340668944,0,54.0,44.0,-2.58,38.0,53.0,36.29999999999999,45.5,18.2,7.0,0.0,20.0,0.0,0.0,0.0,0.0,0.0,0.0,0.0,-1.0,0.0,-0.0,-0.0,0.0
12,2014-264-nikita krylov--walt harris,2014,0,201,288,Nikita Krylov,walt harris,205,185,0,20.0,1476.8630432651378,1500.0,-23.136956734862224,1,54.0,44.0,-2.58,38.0,53.0,36.29999999999999,45.5,18.2,7.0,0.0,20.0,0.0,0.0,0.0,0.0,0.0,0.0,0.0,-1.0,0.0,-0.0,-0.0,0.0
12,2014-265-patrick cote--stephen thompson,2014,0,131,289,Stephen Thompson,patrick cote,170,185,0,-15.0,1498.2202946662753,1500.0,-1.779705333724678,1,46.0,54.0,-3.0,35.0,63.0,50.0,0.0,50.0,7.0,0.0,22.0,0.0,0.0,75.0,66.66666666666667,66.66666666666667,0.0,0.0,3.0,0.9359999999999999,-0.0,-0.0,-0.4999999999999999
12,2014-266-pedro munhoz--raphael assuncao,2014,0,281,290,Pedro Munhoz,raphael assuncao,135,185,0,-50.0,1503.0,1500.0,3.0,0,41.0,55.0,-6.29,16.0,82.0,30.0,30.0,40.0,8.0,0.0,20.0,0.0,0.0,0.0,0.0,0.0,0.0,0.0,0.0,0.0,-0.0,-0.0,0.0
12,2014-267-renato moicano--tom niinimaki,2014,0,202,291,tom niinimaki,Renato Moicano,185,155,0,30.0,1500.0,1500.0,0.0,0,-48.0,-59.0,3.57,-41.0,-62.0,-16.7,-50.0,-33.3,-7.0,0.0,-19.0,0.0,0.0,0.0,0.0,0.0,0.0,0.0,0.0,0.0,-0.0,-0.0,0.0
12,2014-268-robert mcdaniel--sean strickland,2014,0,276,292,Sean Strickland,robert mcdaniel,185,185,1,0.0,1510.3333333333333,1500.0,10.333333333333258,1,42.0,60.0,-4.57,64.0,76.0,25.0,6.2,68.8,6.0,1.0,23.0,0.0,0.0,0.0,0.0,0.0,0.0,0.0,0.0,0.0,-0.0,-0.0,0.0
12,2014-269-robert whittaker--stephen thompson,2014,0,121,131,Robert Whittaker,Stephen Thompson,185,170,0,15.0,1516.3557074156156,1510.9699341754797,5.385773240135904,0,-3.0,5.0,-0.3599999999999999,3.0,19.0,-14.700000000000003,0.0,14.700000000000003,5.0,2.0,2.0,0.0,0.0,-8.333333333333329,-16.66666666666667,-16.66666666666667,0.0,1.0,-2.0,-0.17599999999999993,-0.0,-0.0,-0.16666666666666685
12,2014-270-santiago ponzinibbio--wendell oliveira marques,2014,0,203,293,Santiago Ponzinibbio,wendell oliveira marques,170,185,0,-15.0,1491.75,1500.0,-8.25,1,41.0,61.0,-4.68,27.0,71.0,58.3,0.0,41.7,3.0,0.0,20.0,0.0,0.0,0.0,0.0,0.0,0.0,0.0,-1.0,0.0,-0.0,-0.0,0.0
12,2015-271-adriano martins--islam makhachev,2015,0,294,295,adriano martins,Islam Makhachev,185,170,0,15.0,1500.0,1500.0,0.0,1,-58.0,-61.0,1.55,-53.0,-90.0,-18.8,-50.0,-31.2,-8.0,-5.0,-17.0,0.0,0.0,0.0,0.0,0.0,0.0,0.0,0.0,0.0,-0.0,-0.0,0.0
12,2015-272-akbarh arreola--jake matthews,2015,0,239,296,Jake Matthews,akbarh arreola,170,185,0,-15.0,1504.4951431052755,1500.0,4.495143105275474,1,43.0,60.0,-2.63,42.0,67.0,13.3,40.0,46.7,0.0,0.0,22.0,0.0,0.0,100.0,100.0,0.0,100.0,0.0,2.0,1.0,-0.0,-0.0,0.0
12,2015-273-alan omer--arnold allen,2015,0,297,298,Arnold Allen,alan omer,145,185,0,-40.0,1500.0,1500.0,0.0,1,41.0,61.0,-2.88,47.0,75.0,18.2,18.2,63.6,4.0,0.0,13.0,0.0,0.0,0.0,0.0,0.0,0.0,0.0,0.0,0.0,-0.0,-0.0,0.0
12,2015-274-alex caceres--francisco rivera,2015,0,86,299,Alex Caceres,francisco rivera,145,185,0,-40.0,1491.1465207304582,1500.0,-8.853479269541822,0,49.0,62.0,-3.09,68.0,64.0,12.5,25.0,62.5,1.0,0.0,29.0,0.0,0.0,40.0,50.0,0.0,50.0,0.0,1.0,0.6384,14.0,14.0,0.8666666666666668
12,2015-275-alex oliveira--gilbert burns,2015,0,216,300,Gilbert Burns,alex oliveira,170,185,0,-15.0,1507.638344831371,1500.0,7.638344831370887,1,48.0,52.0,-3.64,37.0,53.0,20.0,33.3,46.7,5.0,0.0,24.0,0.0,0.0,100.0,50.0,0.0,50.0,0.0,2.0,1.0,-0.0,-0.0,1.0
12,2015-276-aljamain sterling--johnny eduardo,2015,0,212,301,Aljamain Sterling,johnny eduardo,145,185,0,-40.0,1507.638344831371,1500.0,7.638344831370887,1,52.0,59.0,-2.21,30.0,44.0,11.8,23.5,58.8,13.0,4.0,22.0,0.0,0.0,100.0,50.0,50.0,0.0,0.0,2.0,1.0,-0.0,-0.0,1.0
12,2015-277-aljamain sterling--takeya mizugaki,2015,0,85,212,takeya mizugaki,Aljamain Sterling,185,145,0,40.0,1500.0,1538.6668900492507,-38.666890049250696,0,-52.0,-59.0,2.21,-30.0,-44.0,-11.8,-23.5,-58.8,-13.0,-4.0,-22.0,0.0,0.0,-100.0,-50.0,-50.0,0.0,0.0,-2.0,-1.0,-0.0,-0.0,-1.0
12,2015-278-andre fili--gabriel benitez,2015,0,159,302,Andre Fili,gabriel benitez,145,185,0,-40.0,1495.584723694382,1500.0,-4.415276305617908,1,37.0,51.0,-4.23,45.0,71.0,30.8,0.0,69.2,2.0,0.0,24.0,0.0,0.0,66.66666666666667,50.0,50.0,0.0,0.0,-1.0,0.4,-0.0,-0.0,1.0
12,2015-279-andre fili--godofredo pepey,2015,0,159,303,Andre Fili,godofredo pepey,145,185,0,-40.0,1498.5942543213937,1500.0,-1.4057456786063085,0,37.0,51.0,-4.23,45.0,71.0,30.8,0.0,69.2,2.0,0.0,24.0,0.0,0.0,66.66666666666667,50.0,50.0,0.0,0.0,-1.0,0.4,-0.0,-0.0,1.0
12,2015-280-andreas stahl--santiago ponzinibbio,2015,0,203,217,Santiago Ponzinibbio,andreas stahl,170,185,0,-15.0,1496.0758542826156,1500.0,-3.924145717384363,1,41.0,61.0,-4.68,27.0,71.0,58.3,0.0,41.7,3.0,0.0,20.0,0.0,0.0,50.0,100.0,100.0,0.0,0.0,1.0,0.6,-0.0,-0.0,0.0
12,2015-281-anthony pettis--rafael dos anjos,2015,1,34,90,Rafael Dos Anjos,anthony pettis,170,185,0,-15.0,1646.8147324757892,1500.0,146.81473247578924,1,47.0,60.0,-3.23,35.0,54.0,19.099999999999994,23.8,57.1,13.0,2.0,36.0,0.0,0.0,80.0,50.0,50.0,0.0,0.0,-1.0,0.4,14.2,12.6,1.0
12,2015-282-beneil dariush--daron cruickshank,2015,0,219,308,Beneil Dariush,daron cruickshank,155,185,0,-30.0,1507.5278773674258,1500.0,7.527877367425845,1,49.0,57.0,-2.61,38.0,82.0,17.699999999999996,29.4,52.9,9.0,0.0,24.0,0.0,0.0,75.0,66.66666666666667,0.0,66.66666666666667,0.0,1.0,0.76,-0.0,-0.0,3.0
12,2015-283-beneil dariush--jim miller,2015,0,30,219,Jim Miller,Beneil Dariush,155,155,1,0.0,1538.546952363663,1510.51162968031,28.035322683352888,0,-7.0,-1.0,-0.8300000000000001,7.0,-34.0,4.599999999999998,18.700000000000003,-23.299999999999997,-7.0,0.0,21.0,0.0,0.0,-15.0,33.33333333333333,0.0,33.33333333333333,0.0,0.0,-0.025600000000000067,11.666666666666666,11.666666666666666,-3.2666666666666666
12,2015-284-beneil dariush--michael johnson,2015,0,81,219,Michael Johnson,Beneil Dariush,155,155,1,0.0,1517.646870245939,1530.873411831741,-13.226541585801897,0,-10.0,1.0,-1.1800000000000002,0.0,-1.0,19.800000000000004,-29.4,9.600000000000001,-6.0,0.0,7.0,0.0,0.0,5.0,-41.66666666666667,25.0,-66.66666666666667,0.0,0.0,0.0,6.0,6.0,-1.6
12,2015-285-brad tavares--nate marquardt,2015,0,309,355,brad tavares,nate marquardt,185,185,1,0.0,1509.6769577217315,1500.0,9.676957721731469,1,43.0,54.0,-3.36,26.0,81.0,12.5,0.0,87.5,6.0,0.0,27.0,0.0,0.0,60.0,0.0,0.0,0.0,0.0,1.0,0.664,6.333333333333334,6.333333333333334,0.33333333333333337
12,2015-286-brad tavares--robert whittaker,2015,0,121,309,Robert Whittaker,brad tavares,185,185,1,0.0,1500.9731860806357,1531.1265929766716,-30.153406896035904,1,0.0,5.0,-0.0,12.0,1.0,22.799999999999997,0.0,-22.799999999999997,6.0,2.0,-3.0,0.0,0.0,0.0,66.66666666666667,66.66666666666667,0.0,0.0,-2.0,-0.2896,-6.333333333333334,-6.333333333333334,0.2222222222222221
12,2015-287-brandon thatch--gunnar nelson,2015,0,129,310,Gunnar Nelson,brandon thatch,170,185,0,-15.0,1506.121022672873,1500.0,6.121022672873096,1,61.0,48.0,-3.06,52.0,68.0,0.0,80.0,20.0,5.0,0.0,16.0,0.0,0.0,80.0,75.0,0.0,75.0,0.0,2.0,0.904,7.5,7.5,-0.8333333333333334
12,2015-288-brian ortega--thiago tavares,2015,0,311,312,Brian Ortega,thiago tavares,145,185,0,-40.0,1500.0,1500.0,0.0,1,37.0,49.0,-6.38,25.0,54.0,37.5,50.0,12.5,6.0,0.0,13.0,0.0,0.0,0.0,0.0,0.0,0.0,0.0,0.0,0.0,-0.0,-0.0,0.0
12,2015-289-charles oliveira--max holloway,2015,0,63,137,Charles Oliveira,Max Holloway,155,145,0,10.0,1504.3488490332247,1498.0748092539595,6.274039779265195,0,7.0,-11.0,1.4800000000000004,-14.0,-27.0,-30.4,60.89999999999999,-30.5,-2.0,-3.0,3.0,0.0,0.0,0.0,-25.0,-75.0,50.0,0.0,-1.0,-0.012799999999999923,13.5,13.5,-0.25
12,2015-290-charles oliveira--myles jury,2015,0,63,152,Charles Oliveira,myles jury,155,185,0,-30.0,1498.4078659738182,1500.0,-1.5921340261818386,1,55.0,48.0,-3.26,39.0,56.0,17.4,69.6,13.0,13.0,2.0,34.0,0.0,0.0,80.0,75.0,0.0,75.0,0.0,3.0,0.9616,13.5,13.5,-0.33333333333333337
12,2015-291-charles oliveira--nik lentz,2015,0,63,313,Charles Oliveira,nik lentz,155,185,0,-30.0,1530.8449842077528,1500.0,30.84498420775276,1,55.0,48.0,-3.26,39.0,56.0,17.4,69.6,13.0,13.0,2.0,34.0,0.0,0.0,80.0,75.0,0.0,75.0,0.0,3.0,0.9616,13.5,13.5,-0.33333333333333337
12,2015-292-charles rosa--yair rodriguez,2015,0,273,314,Yair Rodriguez,charles rosa,145,185,0,-40.0,1509.9,1500.0,9.900000000000091,1,46.0,52.0,-3.78,29.0,59.0,36.4,9.1,54.5,7.0,2.0,15.0,0.0,0.0,100.0,0.0,0.0,0.0,1.0,1.0,1.0,-0.0,-0.0,0.0
12,2015-293-chico camus--henry cejudo,2015,0,252,315,Henry Cejudo,chico camus,135,185,0,-50.0,1512.9,1500.0,12.900000000000091,1,47.0,59.0,-3.46,31.0,76.0,40.0,0.0,60.0,6.0,4.0,15.0,0.0,0.0,100.0,0.0,0.0,0.0,0.0,1.0,1.0,-0.0,-0.0,3.0
12,2015-294-chris cariaso--henry cejudo,2015,0,252,316,Henry Cejudo,chris cariaso,135,185,0,-50.0,1536.6641175804398,1500.0,36.66411758043978,1,47.0,59.0,-3.46,31.0,76.0,40.0,0.0,60.0,6.0,4.0,15.0,0.0,0.0,100.0,0.0,0.0,0.0,0.0,1.0,1.0,-0.0,-0.0,3.0
12,2015-295-cody garbrandt--henry briones,2015,0,317,318,Cody Garbrandt,henry briones,135,185,0,-50.0,1500.0,1500.0,0.0,1,39.0,59.0,-3.64,27.0,83.0,66.7,0.0,33.3,3.0,1.0,16.0,0.0,0.0,0.0,0.0,0.0,0.0,0.0,0.0,0.0,-0.0,-0.0,0.0
12,2015-296-cody garbrandt--marcus brimage,2015,0,171,317,marcus brimage,Cody Garbrandt,185,135,0,50.0,1500.0,1517.2,-17.200000000000045,0,-39.0,-59.0,3.64,-27.0,-83.0,-66.7,0.0,-33.3,-3.0,-1.0,-16.0,0.0,0.0,0.0,0.0,0.0,0.0,0.0,0.0,0.0,-0.0,-0.0,0.0
12,2015-297-cody gibson--douglas silva de andrade,2015,0,213,250,Cody Gibson,Douglas Silva de Andrade,135,135,1,0.0,1479.1307930315234,1483.0,-3.8692069684766466,0,7.0,0.0,0.75,-5.0,-3.0,4.800000000000004,18.999999999999996,-23.800000000000004,0.0,0.0,-4.0,0.0,0.0,33.333333333333336,100.0,100.0,0.0,0.0,0.0,0.24,-0.0,-0.0,1.3333333333333335
12,2015-298-colby covington--mike pyle,2015,0,221,319,Colby Covington,mike pyle,170,185,0,-15.0,1504.4951431052755,1500.0,4.495143105275474,1,38.0,54.0,-3.09,42.0,68.0,25.0,16.7,58.3,6.0,1.0,17.0,0.0,0.0,100.0,100.0,50.0,50.0,0.0,2.0,1.0,-0.0,-0.0,0.0
12,2015-299-colby covington--warlley alves,2015,0,221,320,Colby Covington,warlley alves,170,185,0,-15.0,1520.509844789552,1500.0,20.509844789552062,0,38.0,54.0,-3.09,42.0,68.0,25.0,16.7,58.3,6.0,1.0,17.0,0.0,0.0,100.0,100.0,50.0,50.0,0.0,2.0,1.0,-0.0,-0.0,0.0
12,2015-300-cole miller--max holloway,2015,0,28,137,cole miller,Max Holloway,185,145,0,40.0,1500.0,1546.8941917856052,-46.894191785605244,0,-48.0,-59.0,4.74,-53.0,-83.0,-47.8,-8.7,-43.5,-15.0,-5.0,-31.0,0.0,0.0,-80.0,-100.0,-75.0,-25.0,0.0,-4.0,-0.9743999999999999,-0.0,-0.0,0.08333333333333337
12,2015-301-corey anderson--jan blachowicz,2015,0,265,321,Jan Blachowicz,corey anderson,205,185,0,20.0,1502.25,1500.0,2.25,0,49.0,52.0,-3.03,48.0,69.0,41.599999999999994,16.7,41.7,7.0,2.0,21.0,0.0,0.0,100.0,100.0,100.0,0.0,0.0,1.0,1.0,-0.0,-0.0,0.0
12,2015-302-court mcgee--marcio alexandre junior,2015,0,67,278,Court McGee,marcio alexandre junior,170,185,0,-15.0,1504.1381852229188,1500.0,4.138185222918764,1,36.0,60.0,-3.65,24.0,70.0,0.0,27.3,72.7,0.0,1.0,24.0,0.0,0.0,40.0,0.0,0.0,0.0,0.0,2.0,0.84,-0.0,-0.0,0.4666666666666667
12,2015-303-cub swanson--max holloway,2015,0,18,137,Cub Swanson,Max Holloway,145,145,1,0.0,1569.9868741905238,1575.3596703207247,-5.372796130200868,0,3.0,0.0,0.7400000000000002,-3.0,-20.0,-12.799999999999997,1.3000000000000007,11.5,-8.0,-5.0,2.0,0.0,0.0,0.0,-50.0,-25.0,-25.0,0.0,-3.0,-0.21439999999999992,13.25,13.25,1.35
12,2015-304-dan hooker--hatsu hioki,2015,0,174,235,hatsu hioki,Dan Hooker,185,155,0,30.0,1500.0,1490.2240965614697,9.77590343853035,0,-48.0,-51.0,4.72,-34.0,-78.0,-50.0,-14.3,-35.7,-7.0,0.0,-22.0,0.0,0.0,-50.0,-100.0,-100.0,0.0,0.0,-1.0,-0.6,-0.0,-0.0,1.0
12,2015-305-dan hooker--yair rodriguez,2015,0,235,273,Dan Hooker,Yair Rodriguez,155,145,0,10.0,1493.2451939780294,1516.8501481330247,-23.604954154995312,0,2.0,-1.0,-0.94,5.0,19.0,13.600000000000001,5.200000000000001,-18.799999999999997,0.0,-2.0,7.0,0.0,0.0,-50.0,100.0,100.0,0.0,-1.0,0.0,-0.4,-0.0,-0.0,-1.0
12,2015-306-danny castillo--jim miller,2015,0,30,133,Jim Miller,danny castillo,155,185,0,-30.0,1525.206574907737,1500.0,25.206574907736922,1,42.0,56.0,-3.44,45.0,48.0,22.299999999999994,48.1,29.6,2.0,0.0,45.0,0.0,0.0,60.0,100.0,0.0,100.0,0.0,1.0,0.7343999999999999,11.666666666666666,11.666666666666666,-0.2666666666666666
12,2015-307-darren elkins--robert whiteford,2015,0,64,322,Darren Elkins,robert whiteford,145,185,0,-40.0,1523.9617222412814,1500.0,23.96172224128145,1,38.0,51.0,-3.34,34.0,56.0,20.999999999999993,15.8,63.2,7.0,0.0,30.0,0.0,0.0,40.0,50.0,50.0,0.0,0.0,-1.0,0.2784,10.75,10.75,0.19999999999999996
12,2015-308-demian maia--gunnar nelson,2015,0,129,323,Gunnar Nelson,demian maia,170,185,0,-15.0,1515.0813869047945,1500.0,15.081386904794499,0,61.0,48.0,-3.06,52.0,68.0,0.0,80.0,20.0,5.0,0.0,16.0,0.0,0.0,80.0,75.0,0.0,75.0,0.0,2.0,0.904,7.5,7.5,-0.8333333333333334
12,2015-309-demian maia--neil magny,2015,0,187,323,Neil Magny,demian maia,170,185,0,-15.0,1538.146601021872,1500.0,38.1466010218719,0,46.0,51.0,-2.47,39.0,55.0,30.4,8.7,60.9,13.0,0.0,35.0,0.0,0.0,100.0,40.0,40.0,0.0,0.0,5.0,1.0,-0.0,-0.0,1.7333333333333336
12,2015-310-dennis bermudez--jeremy stephens,2015,0,21,175,Jeremy Stephens,dennis bermudez,155,185,0,-30.0,1492.0129042451258,1500.0,-7.98709575487419,1,40.0,58.0,-3.14,38.0,62.0,53.3,0.0,46.7,6.0,0.0,34.0,0.0,0.0,60.0,33.333333333333336,33.333333333333336,0.0,0.0,1.0,0.664,10.666666666666666,10.666666666666666,-0.20000000000000004
12,2015-311-derrick lewis--ruan potts,2015,0,243,324,Derrick Lewis,ruan potts,265,185,0,80.0,1493.1966301854181,1500.0,-6.803369814581856,1,50.0,40.0,-2.49,26.0,52.0,80.0,0.0,20.0,14.0,0.0,30.0,0.0,0.0,66.66666666666667,100.0,100.0,0.0,0.0,2.0,0.84,-0.0,-0.0,0.0
12,2015-312-derrick lewis--shawn jordan,2015,0,243,325,Derrick Lewis,shawn jordan,265,185,0,80.0,1496.211314562895,1500.0,-3.7886854371049594,0,50.0,40.0,-2.49,26.0,52.0,80.0,0.0,20.0,14.0,0.0,30.0,0.0,0.0,66.66666666666667,100.0,100.0,0.0,0.0,2.0,0.84,-0.0,-0.0,0.0
12,2015-313-derrick lewis--viktor pesta,2015,0,243,326,Derrick Lewis,viktor pesta,265,185,0,80.0,1481.2522056168173,1500.0,-18.747794383182736,1,50.0,40.0,-2.49,26.0,52.0,80.0,0.0,20.0,14.0,0.0,30.0,0.0,0.0,66.66666666666667,100.0,100.0,0.0,0.0,2.0,0.84,-0.0,-0.0,0.0
12,2015-314-dhiego lima--li jingliang,2015,0,241,327,Li Jingliang,dhiego lima,170,185,0,-15.0,1493.8977929580008,1500.0,-6.102207041999236,1,42.0,56.0,-3.95,41.0,60.0,72.7,0.0,27.3,2.0,0.0,18.0,0.0,0.0,50.0,0.0,0.0,0.0,0.0,1.0,0.6,-0.0,-0.0,0.0
12,2015-315-dhiego lima--tim means,2015,0,119,327,Tim Means,dhiego lima,170,185,0,-15.0,1488.2133962256034,1500.0,-11.786603774396553,1,49.0,60.0,-3.65,40.0,64.0,40.0,13.3,46.7,0.0,0.0,29.0,0.0,0.0,40.0,0.0,0.0,0.0,0.0,-1.0,0.336,-0.0,-0.0,-0.33333333333333337
12,2015-316-diego ferreira--dustin poirier,2015,0,136,224,dustin poirier,Diego Ferreira,185,155,0,30.0,1500.0,1485.1628364483456,14.837163551654385,1,-40.0,-55.0,3.46,-30.0,-57.0,-50.0,-20.0,-30.0,-1.0,0.0,-16.0,0.0,0.0,-66.66666666666667,-100.0,-50.0,-50.0,0.0,-2.0,-0.84,-0.0,-0.0,3.0
12,2015-317-donald cerrone--rafael dos anjos,2015,1,34,93,Rafael Dos Anjos,donald cerrone,170,185,0,-15.0,1763.9451137482283,1500.0,263.9451137482283,1,47.0,60.0,-3.23,35.0,54.0,19.099999999999994,23.8,57.1,13.0,2.0,36.0,0.0,0.0,80.0,50.0,50.0,0.0,0.0,-1.0,0.4,14.2,12.6,1.0
12,2015-318-dooho choi--sam sicilia,2015,0,247,328,Dooho Choi,sam sicilia,145,185,0,-40.0,1502.25,1500.0,2.25,1,56.0,56.0,-4.02,53.0,47.0,100.0,0.0,0.0,0.0,0.0,9.0,0.0,0.0,100.0,100.0,100.0,0.0,0.0,1.0,1.0,-0.0,-0.0,0.0
12,2015-319-drew dober--efrain escudero,2015,0,32,65,Drew Dober,efrain escudero,155,185,0,-30.0,1473.7147957555976,1500.0,-26.285204244402394,0,40.0,51.0,-4.33,17.0,56.0,71.5,7.1,21.4,1.0,0.0,25.0,0.0,0.0,50.0,100.0,50.0,50.0,0.0,-1.0,0.30400000000000005,-0.0,-0.0,-2.3333333333333335
12,2015-320-edson barboza--michael johnson,2015,0,72,81,Edson Barboza,Michael Johnson,155,155,1,0.0,1551.8389628262294,1505.4214265897085,46.417536236520846,0,5.0,-3.0,-0.8099999999999996,12.0,-8.0,12.5,0.0,-12.5,8.0,0.0,0.0,0.0,0.0,0.0,50.0,50.0,0.0,0.0,-2.0,-0.36,4.666666666666666,4.666666666666666,0.01666666666666683
12,2015-321-edson barboza--paul felder,2015,0,72,329,Edson Barboza,paul felder,155,185,0,-30.0,1531.4396037301094,1500.0,31.43960373010941,1,44.0,55.0,-4.6,50.0,73.0,50.0,0.0,50.0,11.0,0.0,31.0,0.0,0.0,80.0,75.0,75.0,0.0,0.0,-1.0,0.4,10.666666666666666,10.666666666666666,1.4166666666666667
12,2015-322-edson barboza--tony ferguson,2015,0,72,154,Edson Barboza,tony ferguson,155,185,0,-30.0,1564.7116250301024,1500.0,64.71162503010237,0,44.0,55.0,-4.6,50.0,73.0,50.0,0.0,50.0,11.0,0.0,31.0,0.0,0.0,80.0,75.0,75.0,0.0,0.0,-1.0,0.4,10.666666666666666,10.666666666666666,1.4166666666666667
12,2015-323-elizeu zaleski dos santos--nicolas dalby,2015,0,330,331,Nicolas Dalby,Elizeu Zaleski dos Santos,170,170,1,0.0,1500.0,1500.0,0.0,1,2.0,-3.0,-0.1299999999999999,7.0,-9.0,-22.099999999999998,-9.1,31.200000000000003,-1.0,0.0,-5.0,0.0,0.0,0.0,0.0,0.0,0.0,0.0,0.0,0.0,-0.0,-0.0,0.0
12,2015-324-erick silva--neil magny,2015,0,187,332,Neil Magny,erick silva,170,185,0,-15.0,1531.322135350742,1500.0,31.322135350741974,1,46.0,51.0,-2.47,39.0,55.0,30.4,8.7,60.9,13.0,0.0,35.0,0.0,0.0,100.0,40.0,40.0,0.0,0.0,5.0,1.0,-0.0,-0.0,1.7333333333333336
12,2015-325-george sullivan--tim means,2015,0,119,335,Tim Means,george sullivan,170,185,0,-15.0,1491.238829898859,1500.0,-8.761170101141033,1,49.0,60.0,-3.65,40.0,64.0,40.0,13.3,46.7,0.0,0.0,29.0,0.0,0.0,40.0,0.0,0.0,0.0,0.0,-1.0,0.336,-0.0,-0.0,-0.33333333333333337
12,2015-326-gilbert burns--rashid magomedov,2015,0,216,336,Gilbert Burns,rashid magomedov,170,185,0,-15.0,1513.6053727578862,1500.0,13.605372757886244,0,48.0,52.0,-3.64,37.0,53.0,20.0,33.3,46.7,5.0,0.0,24.0,0.0,0.0,100.0,50.0,0.0,50.0,0.0,2.0,1.0,-0.0,-0.0,1.0
12,2015-327-hayder hassan--kamaru usman,2015,1,337,338,Kamaru Usman,hayder hassan,170,185,0,-15.0,1500.0,1500.0,0.0,1,51.0,55.0,-2.67,44.0,89.0,25.0,6.2,68.8,11.0,7.0,19.0,0.0,0.0,0.0,0.0,0.0,0.0,0.0,0.0,0.0,-0.0,-0.0,0.0
12,2015-328-hayder hassan--vicente luque,2015,0,338,339,hayder hassan,Vicente Luque,185,170,0,15.0,1500.0,1500.0,0.0,0,-51.0,-52.0,5.25,-51.0,-61.0,-50.0,-37.5,-12.5,-8.0,0.0,-23.0,0.0,0.0,0.0,0.0,0.0,0.0,0.0,0.0,0.0,-0.0,-0.0,0.0
12,2015-329-henry cejudo--jussier formiga,2015,0,252,340,Henry Cejudo,jussier formiga,135,185,0,-50.0,1573.5484623599255,1500.0,73.54846235992545,1,47.0,59.0,-3.46,31.0,76.0,40.0,0.0,60.0,6.0,4.0,15.0,0.0,0.0,100.0,0.0,0.0,0.0,0.0,1.0,1.0,-0.0,-0.0,3.0
12,2015-330-hyun gyu lim--neil magny,2015,0,187,341,Neil Magny,hyun gyu lim,170,185,0,-15.0,1545.3332950982133,1500.0,45.333295098213284,1,46.0,51.0,-2.47,39.0,55.0,30.4,8.7,60.9,13.0,0.0,35.0,0.0,0.0,100.0,40.0,40.0,0.0,0.0,5.0,1.0,-0.0,-0.0,1.7333333333333336
12,2015-331-igor araujo--sean strickland,2015,0,276,342,Sean Strickland,igor araujo,185,185,1,0.0,1509.9832752113093,1500.0,9.98327521130932,1,42.0,60.0,-4.57,64.0,76.0,25.0,6.2,68.8,6.0,1.0,23.0,0.0,0.0,100.0,50.0,0.0,50.0,0.0,2.0,1.0,-0.0,-0.0,1.6666666666666667
12,2015-332-islam makhachev--leo kuntz,2015,0,295,343,Islam Makhachev,leo kuntz,170,185,0,-15.0,1485.0,1500.0,-15.0,1,58.0,61.0,-1.55,53.0,90.0,18.8,50.0,31.2,8.0,5.0,17.0,0.0,0.0,0.0,0.0,0.0,0.0,0.0,0.0,0.0,-0.0,-0.0,0.0
12,2015-333-jake ellenberger--stephen thompson,2015,0,131,267,Stephen Thompson,jake ellenberger,170,185,0,-15.0,1515.0036073202555,1500.0,15.003607320255469,1,46.0,54.0,-3.0,35.0,63.0,50.0,0.0,50.0,7.0,0.0,22.0,0.0,0.0,100.0,60.0,60.0,0.0,0.0,5.0,1.0,-0.0,-0.0,0.22222222222222232
12,2015-334-jake matthews--james vick,2015,0,239,344,Jake Matthews,james vick,170,185,0,-15.0,1510.4757370952543,1500.0,10.475737095254317,0,43.0,60.0,-2.63,42.0,67.0,13.3,40.0,46.7,0.0,0.0,22.0,0.0,0.0,100.0,100.0,0.0,100.0,0.0,2.0,1.0,-0.0,-0.0,0.0
12,2015-335-jan blachowicz--jimi manuwa,2015,0,265,345,Jan Blachowicz,jimi manuwa,205,185,0,20.0,1472.4580357687662,1500.0,-27.541964231233806,0,49.0,52.0,-3.03,48.0,69.0,41.599999999999994,16.7,41.7,7.0,2.0,21.0,0.0,0.0,100.0,100.0,100.0,0.0,0.0,1.0,1.0,-0.0,-0.0,0.0
12,2015-336-jared cannonier--shawn jordan,2015,0,325,346,shawn jordan,Jared Cannonier,185,185,1,0.0,1500.0,1500.0,0.0,1,-49.0,-56.0,4.35,-40.0,-64.0,-63.6,0.0,-36.4,-8.0,0.0,-20.0,0.0,0.0,0.0,0.0,0.0,0.0,0.0,0.0,0.0,-0.0,-0.0,0.0
12,2015-337-jeremy stephens--max holloway,2015,0,21,137,Jeremy Stephens,Max Holloway,155,145,0,10.0,1528.219766191298,1637.5184488035816,-109.29868261228353,0,-8.0,-1.0,1.6,-15.0,-21.0,5.5,-8.7,3.200000000000003,-9.0,-5.0,3.0,0.0,0.0,-20.0,-66.66666666666666,-41.666666666666664,-25.0,0.0,-3.0,-0.3103999999999999,10.666666666666666,10.666666666666666,-0.11666666666666667
12,2015-338-jim miller--michael chiesa,2015,0,30,114,Jim Miller,Michael Chiesa,155,170,0,-15.0,1535.3528146358199,1507.9084489385555,27.444365697264402,0,2.0,-1.0,-1.71,-2.0,-19.0,22.299999999999994,-9.0,-13.299999999999997,-3.0,-1.0,24.0,0.0,0.0,0.0,33.33333333333333,0.0,33.33333333333333,0.0,0.0,0.012799999999999923,11.666666666666666,11.666666666666666,-3.933333333333333
12,2015-339-jimmie rivera--pedro munhoz,2015,0,281,347,Pedro Munhoz,jimmie rivera,135,185,0,-50.0,1488.5189952525066,1500.0,-11.481004747493444,0,41.0,55.0,-6.29,16.0,82.0,30.0,30.0,40.0,8.0,0.0,20.0,0.0,0.0,50.0,100.0,100.0,0.0,0.0,-1.0,0.4,17.0,17.0,-3.0
12,2015-340-joaquim silva--nazareno malegarie,2015,0,348,349,Joaquim Silva,nazareno malegarie,155,185,0,-30.0,1500.0,1500.0,0.0,1,43.0,53.0,-4.53,50.0,69.0,50.0,0.0,50.0,0.0,0.0,11.0,0.0,0.0,0.0,0.0,0.0,0.0,0.0,0.0,0.0,-0.0,-0.0,0.0
12,2015-341-john howard--tim means,2015,0,119,351,Tim Means,john howard,170,185,0,-15.0,1494.2577383971218,1500.0,-5.742261602878216,1,49.0,60.0,-3.65,40.0,64.0,40.0,13.3,46.7,0.0,0.0,29.0,0.0,0.0,40.0,0.0,0.0,0.0,0.0,-1.0,0.336,-0.0,-0.0,-0.33333333333333337
12,2015-342-julian erosa--marcin wrzosek,2015,0,352,353,Julian Erosa,marcin wrzosek,145,185,0,-40.0,1500.0,1500.0,0.0,1,48.0,48.0,-6.27,43.0,61.0,30.0,40.0,30.0,0.0,0.0,18.0,0.0,0.0,0.0,0.0,0.0,0.0,0.0,0.0,0.0,-0.0,-0.0,0.0
12,2015-343-kamaru usman--leon edwards,2015,0,228,337,Leon Edwards,Kamaru Usman,170,170,1,0.0,1488.75,1518.0,-29.25,0,3.0,-2.0,0.25,-8.0,-26.0,-3.500000000000007,0.8999999999999995,2.6000000000000085,-3.0,-4.0,-1.0,0.0,0.0,0.0,0.0,0.0,0.0,0.0,-1.0,0.0,-0.0,-0.0,-1.0
12,2015-344-keita nakamura--li jingliang,2015,0,241,354,Li Jingliang,keita nakamura,170,185,0,-15.0,1496.910964276455,1500.0,-3.0890357235450665,0,42.0,56.0,-3.95,41.0,60.0,72.7,0.0,27.3,2.0,0.0,18.0,0.0,0.0,50.0,0.0,0.0,0.0,0.0,1.0,0.6,-0.0,-0.0,0.0
12,2015-345-kelvin gastelum--nate marquardt,2015,0,163,355,Kelvin Gastelum,nate marquardt,185,185,1,0.0,1578.6227240498558,1500.0,78.62272404985583,1,42.0,57.0,-3.49,34.0,58.0,23.1,15.4,61.5,9.0,1.0,23.0,0.0,0.0,100.0,40.0,0.0,40.0,1.0,5.0,1.0,9.333333333333334,9.333333333333334,1.2222222222222223
12,2015-346-kelvin gastelum--neil magny,2015,0,163,187,Kelvin Gastelum,Neil Magny,185,170,0,15.0,1616.5865073291066,1554.0413705367273,62.54513679237925,0,-4.0,6.0,-1.02,-5.0,3.0,-7.299999999999997,6.700000000000001,0.6000000000000014,-4.0,1.0,-12.0,0.0,0.0,0.0,0.0,-40.0,40.0,1.0,0.0,0.0,9.333333333333334,9.333333333333334,-0.5111111111111113
12,2015-347-kelvin gastelum--tyron woodley,2015,0,163,356,Kelvin Gastelum,tyron woodley,185,185,1,0.0,1603.1867449502408,1500.0,103.18674495024084,0,42.0,57.0,-3.49,34.0,58.0,23.1,15.4,61.5,9.0,1.0,23.0,0.0,0.0,100.0,40.0,0.0,40.0,1.0,5.0,1.0,9.333333333333334,9.333333333333334,1.2222222222222223
12,2015-348-kiichi kunimoto--neil magny,2015,0,187,357,Neil Magny,kiichi kunimoto,170,185,0,-15.0,1567.620194328228,1500.0,67.62019432822808,1,46.0,51.0,-2.47,39.0,55.0,30.4,8.7,60.9,13.0,0.0,35.0,0.0,0.0,100.0,40.0,40.0,0.0,0.0,5.0,1.0,-0.0,-0.0,1.7333333333333336
12,2015-349-leon edwards--pawel pawlak,2015,0,228,358,Leon Edwards,pawel pawlak,170,185,0,-15.0,1469.82261799668,1500.0,-30.177382003319963,1,54.0,53.0,-2.42,36.0,63.0,21.499999999999993,7.1,71.4,8.0,3.0,18.0,0.0,0.0,0.0,0.0,0.0,0.0,0.0,-1.0,0.0,-0.0,-0.0,-1.0
12,2015-350-leon edwards--seth baczynski,2015,0,199,228,seth baczynski,Leon Edwards,185,170,0,15.0,1500.0,1487.3951687947185,12.60483120528147,0,-54.0,-53.0,2.42,-36.0,-63.0,-21.499999999999993,-7.1,-71.4,-8.0,-3.0,-18.0,0.0,0.0,0.0,0.0,0.0,0.0,0.0,1.0,0.0,-0.0,-0.0,1.0
12,2015-351-lorenz larkin--santiago ponzinibbio,2015,0,203,359,Santiago Ponzinibbio,lorenz larkin,170,185,0,-15.0,1499.0843248718938,1500.0,-0.9156751281061588,0,41.0,61.0,-4.68,27.0,71.0,58.3,0.0,41.7,3.0,0.0,20.0,0.0,0.0,50.0,100.0,100.0,0.0,0.0,1.0,0.6,-0.0,-0.0,0.0
12,2015-352-marcos rogerio de lima--nikita krylov,2015,0,201,360,Nikita Krylov,marcos rogerio de lima,205,185,0,20.0,1484.934686025985,1500.0,-15.065313974014998,1,54.0,44.0,-2.58,38.0,53.0,36.29999999999999,45.5,18.2,7.0,0.0,20.0,0.0,0.0,50.0,100.0,100.0,0.0,0.0,1.0,0.696,-0.0,-0.0,0.0
12,2015-353-marlon vera--roman salazar,2015,0,280,361,Marlon Vera,roman salazar,135,185,0,-50.0,1491.75,1500.0,-8.25,1,49.0,50.0,-5.37,39.0,72.0,46.599999999999994,26.7,26.7,6.0,0.0,24.0,0.0,0.0,0.0,0.0,0.0,0.0,0.0,-1.0,0.0,-0.0,-0.0,0.0
12,2015-354-masanori kanehara--rani yahya,2015,0,17,208,Rani Yahya,masanori kanehara,135,185,0,-50.0,1491.2357777652953,1500.0,-8.764222234704675,1,38.0,50.0,-2.08,30.0,29.0,0.0,64.7,35.3,0.0,0.0,27.0,0.0,0.0,80.0,50.0,0.0,50.0,0.0,3.0,0.9616,-0.0,-0.0,-0.2
12,2015-355-matt brown--tim means,2015,0,119,150,Tim Means,matt brown,170,185,0,-15.0,1500.2825274762213,1500.0,0.2825274762212757,0,49.0,60.0,-3.65,40.0,64.0,40.0,13.3,46.7,0.0,0.0,29.0,0.0,0.0,40.0,0.0,0.0,0.0,0.0,-1.0,0.336,-0.0,-0.0,-0.33333333333333337
12,2015-356-michael chiesa--mitch clarke,2015,0,114,206,Michael Chiesa,mitch clarke,170,185,0,-15.0,1520.7567550959639,1500.0,20.756755095963854,1,40.0,57.0,-1.73,47.0,67.0,0.0,57.1,42.9,5.0,1.0,21.0,0.0,0.0,60.0,66.66666666666667,0.0,66.66666666666667,0.0,1.0,0.7216,-0.0,-0.0,3.6666666666666665
12,2015-357-michael graves--vicente luque,2015,0,339,362,Vicente Luque,michael graves,170,185,0,-15.0,1503.0,1500.0,3.0,0,51.0,52.0,-5.25,51.0,61.0,50.0,37.5,12.5,8.0,0.0,23.0,0.0,0.0,0.0,0.0,0.0,0.0,0.0,0.0,0.0,-0.0,-0.0,0.0
12,2015-358-michael johnson--nate diaz,2015,0,81,143,Michael Johnson,nate diaz,155,185,0,-30.0,1550.661932778663,1500.0,50.66193277866296,0,39.0,58.0,-3.79,38.0,81.0,37.5,0.0,62.5,3.0,0.0,31.0,0.0,0.0,80.0,25.0,25.0,0.0,0.0,1.0,0.76,6.0,6.0,1.4
12,2015-359-nikita krylov--stanislav nedkov,2015,0,201,363,Nikita Krylov,stanislav nedkov,205,185,0,20.0,1487.9671867534903,1500.0,-12.032813246509704,1,54.0,44.0,-2.58,38.0,53.0,36.29999999999999,45.5,18.2,7.0,0.0,20.0,0.0,0.0,50.0,100.0,100.0,0.0,0.0,1.0,0.696,-0.0,-0.0,0.0
12,2015-360-robert whittaker--uriah hall,2015,0,121,191,Robert Whittaker,uriah hall,185,185,1,0.0,1513.845885461901,1500.0,13.845885461900934,1,43.0,59.0,-3.36,38.0,82.0,35.3,0.0,64.7,12.0,2.0,24.0,0.0,0.0,60.0,66.66666666666667,66.66666666666667,0.0,0.0,-1.0,0.3744,-0.0,-0.0,0.5555555555555555
12,2015-361-santiago ponzinibbio--sean strickland,2015,0,203,276,Santiago Ponzinibbio,Sean Strickland,170,185,0,-15.0,1484.0942080672924,1532.5533475750453,-48.45913950775298,1,-1.0,1.0,-0.10999999999999943,-37.0,-5.0,33.3,-6.2,-27.099999999999994,-3.0,-1.0,-3.0,0.0,0.0,-50.0,50.0,100.0,-50.0,0.0,-1.0,-0.4,-0.0,-0.0,-1.6666666666666667
12,2015-362-tim elliott--zach makovsky,2015,0,140,364,Tim Elliott,zach makovsky,125,185,0,-60.0,1520.0529551528116,1500.0,20.05295515281159,0,44.0,57.0,-2.65,47.0,59.0,0.0,30.0,70.0,9.0,0.0,21.0,0.0,0.0,40.0,0.0,0.0,0.0,0.0,-1.0,0.2656,14.666666666666668,14.666666666666668,1.4166666666666667
12,2016-363-alan jouban--belal muhammad,2016,0,365,366,alan jouban,Belal Muhammad,185,170,0,15.0,1500.0,1500.0,0.0,1,-43.0,-55.0,3.78,-38.0,-90.0,-13.3,-6.7,-80.0,-6.0,-1.0,-19.0,0.0,0.0,0.0,0.0,0.0,0.0,0.0,0.0,0.0,-0.0,-0.0,0.0
12,2016-364-albert tumenov--gunnar nelson,2016,0,129,367,Gunnar Nelson,albert tumenov,170,185,0,-15.0,1489.928055740091,1500.0,-10.07194425990906,1,61.0,48.0,-3.06,52.0,68.0,0.0,80.0,20.0,5.0,0.0,16.0,0.0,0.0,60.0,100.0,0.0,100.0,0.0,1.0,0.7343999999999999,8.5,8.5,-2.111111111111111
12,2016-365-albert tumenov--leon edwards,2016,0,228,367,Leon Edwards,albert tumenov,170,185,0,-15.0,1492.8167749338738,1500.0,-7.18322506612617,1,54.0,53.0,-2.42,36.0,63.0,21.499999999999993,7.1,71.4,8.0,3.0,18.0,0.0,0.0,50.0,50.0,50.0,0.0,0.0,2.0,0.84,-0.0,-0.0,0.11111111111111109
12,2016-366-alberto uda--marvin vettori,2016,0,368,369,Marvin Vettori,alberto uda,185,185,1,0.0,1500.0,1500.0,0.0,1,45.0,56.0,-4.52,45.0,65.0,0.0,22.2,77.8,4.0,0.0,17.0,0.0,0.0,0.0,0.0,0.0,0.0,0.0,0.0,0.0,-0.0,-0.0,0.0
12,2016-367-alex caceres--cole miller,2016,0,28,86,cole miller,Alex Caceres,185,145,0,40.0,1500.0,1485.6947387537416,14.305261246258397,0,-49.0,-62.0,3.09,-68.0,-64.0,-12.5,-25.0,-62.5,-1.0,0.0,-29.0,0.0,0.0,-40.0,-50.0,0.0,-50.0,0.0,1.0,-0.2656,-12.333333333333332,-12.333333333333332,-0.8666666666666668
12,2016-368-alex caceres--masio fullen,2016,0,86,370,Alex Caceres,masio fullen,145,185,0,-40.0,1496.3364353343632,1500.0,-3.663564665636841,1,49.0,62.0,-3.09,68.0,64.0,12.5,25.0,62.5,1.0,0.0,29.0,0.0,0.0,40.0,50.0,0.0,50.0,0.0,-1.0,0.2656,12.333333333333332,12.333333333333332,0.8666666666666668
12,2016-369-alex caceres--yair rodriguez,2016,0,86,273,Alex Caceres,Yair Rodriguez,145,145,1,0.0,1513.5817753768995,1528.16965820366,-14.587882826760506,0,3.0,10.0,0.69,39.0,5.0,-23.9,15.9,8.0,-6.0,-2.0,14.0,0.0,0.0,-60.0,50.0,0.0,50.0,-1.0,-4.0,-0.7343999999999999,12.333333333333332,12.333333333333332,-0.5777777777777778
12,2016-370-alex garcia--sean strickland,2016,0,211,276,alex garcia,Sean Strickland,185,185,1,0.0,1500.0,1504.2394373170314,-4.239437317031388,0,-42.0,-60.0,4.57,-64.0,-76.0,-25.0,-6.2,-68.8,-6.0,-1.0,-23.0,0.0,0.0,-75.0,-33.333333333333336,0.0,-33.333333333333336,0.0,1.0,-0.4,-0.0,-0.0,-0.7777777777777777
12,2016-371-alex morono--james moontasri,2016,0,371,372,Alex Morono,james moontasri,170,185,0,-15.0,1500.0,1500.0,0.0,1,40.0,56.0,-4.78,24.0,47.0,15.4,15.4,69.2,1.0,0.0,22.0,0.0,0.0,0.0,0.0,0.0,0.0,0.0,0.0,0.0,-0.0,-0.0,0.0
12,2016-372-alex morono--kyle noke,2016,0,371,373,Alex Morono,kyle noke,170,185,0,-15.0,1507.2,1500.0,7.2000000000000455,1,40.0,56.0,-4.78,24.0,47.0,15.4,15.4,69.2,1.0,0.0,22.0,0.0,0.0,0.0,0.0,0.0,0.0,0.0,0.0,0.0,-0.0,-0.0,0.0
12,2016-373-alexander gustafsson--jan blachowicz,2016,0,265,374,Jan Blachowicz,alexander gustafsson,205,185,0,20.0,1466.0068876876262,1500.0,-33.993112312373796,0,49.0,52.0,-3.03,48.0,69.0,41.599999999999994,16.7,41.7,7.0,2.0,21.0,0.0,0.0,33.333333333333336,100.0,100.0,0.0,0.0,-2.0,0.16000000000000003,9.5,9.5,-3.333333333333333
12,2016-374-alexander volkanovski--yusuke kasuya,2016,0,375,376,Alexander Volkanovski,yusuke kasuya,145,185,0,-40.0,1500.0,1500.0,0.0,1,56.0,58.0,-3.36,34.0,70.0,35.7,0.0,64.3,9.0,7.0,17.0,0.0,0.0,0.0,0.0,0.0,0.0,0.0,0.0,0.0,-0.0,-0.0,0.0
12,2016-375-alexander volkov--timothy johnson,2016,0,377,378,Alexander Volkov,timothy johnson,265,185,0,80.0,1500.0,1500.0,0.0,1,57.0,54.0,-2.99,66.0,72.0,50.0,8.3,41.7,12.0,0.0,17.0,0.0,0.0,0.0,0.0,0.0,0.0,0.0,0.0,0.0,-0.0,-0.0,0.0
12,2016-376-alexander yakovlev--kamaru usman,2016,0,337,379,Kamaru Usman,alexander yakovlev,170,185,0,-15.0,1521.2341198875636,1500.0,21.234119887563565,1,51.0,55.0,-2.67,44.0,89.0,25.0,6.2,68.8,11.0,7.0,19.0,0.0,0.0,100.0,50.0,0.0,50.0,1.0,2.0,1.0,-0.0,-0.0,1.6666666666666667
12,2016-377-aljamain sterling--bryan caraway,2016,0,212,380,Aljamain Sterling,bryan caraway,145,185,0,-40.0,1565.315245411404,1500.0,65.31524541140402,0,52.0,59.0,-2.21,30.0,44.0,11.8,23.5,58.8,13.0,4.0,22.0,0.0,0.0,100.0,75.0,25.0,50.0,0.0,4.0,1.0,12.0,12.0,1.0
12,2016-378-alvaro herrera mendoza--vicente luque,2016,0,339,381,Vicente Luque,alvaro herrera mendoza,170,185,0,-15.0,1490.2240965614697,1500.0,-9.77590343853035,1,51.0,52.0,-5.25,51.0,61.0,50.0,37.5,12.5,8.0,0.0,23.0,0.0,0.0,50.0,100.0,0.0,100.0,0.0,-1.0,0.4,-0.0,-0.0,-1.0
12,2016-379-andre fili--hacran dias,2016,0,159,238,Andre Fili,hacran dias,145,185,0,-40.0,1487.7070702263698,1500.0,-12.292929773630249,1,37.0,51.0,-4.23,45.0,71.0,30.8,0.0,69.2,2.0,0.0,24.0,0.0,0.0,60.0,66.66666666666667,66.66666666666667,0.0,0.0,-1.0,0.30400000000000005,-0.0,-0.0,1.0
12,2016-380-andre fili--yair rodriguez,2016,0,159,273,Andre Fili,Yair Rodriguez,145,145,1,0.0,1507.8435522491548,1551.4561113048007,-43.61255905564599,0,-9.0,-1.0,-0.4500000000000006,16.0,12.0,-5.599999999999998,-9.1,14.700000000000003,-5.0,-2.0,9.0,0.0,0.0,-40.0,66.66666666666667,66.66666666666667,0.0,-1.0,-4.0,-0.696,-0.0,-0.0,-0.44444444444444464
12,2016-381-andrew holbrook--jake matthews,2016,0,239,382,Jake Matthews,andrew holbrook,170,185,0,-15.0,1496.52202714907,1500.0,-3.477972850929973,0,43.0,60.0,-2.63,42.0,67.0,13.3,40.0,46.7,0.0,0.0,22.0,0.0,0.0,75.0,100.0,33.333333333333336,66.66666666666667,0.0,-1.0,0.4,-0.0,-0.0,0.0
12,2016-382-andrew holbrook--joaquim silva,2016,0,348,382,Joaquim Silva,andrew holbrook,155,185,0,-30.0,1510.25,1500.0,10.25,1,43.0,53.0,-4.53,50.0,69.0,50.0,0.0,50.0,0.0,0.0,11.0,0.0,0.0,100.0,0.0,0.0,0.0,0.0,1.0,1.0,-0.0,-0.0,2.3333333333333335
12,2016-383-andrew sanchez--khalil rountree jr,2016,1,383,384,andrew sanchez,Khalil Rountree Jr.,185,205,0,-20.0,1500.0,1500.0,0.0,1,-40.0,-49.0,4.24,0.0,-58.0,-70.0,0.0,-30.0,-4.0,0.0,-16.0,0.0,0.0,0.0,0.0,0.0,0.0,0.0,0.0,0.0,-0.0,-0.0,0.0
12,2016-384-anthony pettis--charles oliveira,2016,0,63,90,Charles Oliveira,anthony pettis,155,185,0,-30.0,1546.8958182256288,1500.0,46.89581822562877,0,55.0,48.0,-3.26,39.0,56.0,17.4,69.6,13.0,13.0,2.0,34.0,0.0,0.0,80.0,100.0,0.0,100.0,0.0,1.0,0.76,12.8,12.333333333333332,-0.33333333333333337
12,2016-385-anthony pettis--edson barboza,2016,0,72,90,Edson Barboza,anthony pettis,155,185,0,-30.0,1542.750652391826,1500.0,42.75065239182595,1,44.0,55.0,-4.6,50.0,73.0,50.0,0.0,50.0,11.0,0.0,31.0,0.0,0.0,40.0,50.0,50.0,0.0,0.0,-1.0,0.2656,10.6,10.6,0.6666666666666666
12,2016-386-anthony pettis--max holloway,2016,1,90,137,anthony pettis,Max Holloway,185,145,0,40.0,1500.0,1638.6608287550441,-138.66082875504412,0,-48.0,-59.0,4.74,-53.0,-83.0,-47.8,-8.7,-43.5,-15.0,-5.0,-31.0,0.0,0.0,-100.0,-60.0,-40.0,-20.0,0.0,-5.0,-1.0,-11.75,-11.75,-0.5333333333333334
12,2016-387-anton zafir--li jingliang,2016,0,241,385,Li Jingliang,anton zafir,170,185,0,-15.0,1486.4582283720902,1500.0,-13.541771627909839,1,42.0,56.0,-3.95,41.0,60.0,72.7,0.0,27.3,2.0,0.0,18.0,0.0,0.0,50.0,50.0,50.0,0.0,0.0,1.0,0.696,-0.0,-0.0,0.0
12,2016-388-antonio carlos junior--marvin vettori,2016,0,368,386,Marvin Vettori,antonio carlos junior,185,185,1,0.0,1503.0,1500.0,3.0,0,45.0,56.0,-4.52,45.0,65.0,0.0,22.2,77.8,4.0,0.0,17.0,0.0,0.0,0.0,0.0,0.0,0.0,0.0,0.0,0.0,-0.0,-0.0,0.0
12,2016-389-arnold allen--yaotzin meza,2016,0,297,387,Arnold Allen,yaotzin meza,145,185,0,-40.0,1502.25,1500.0,2.25,1,41.0,61.0,-2.88,47.0,75.0,18.2,18.2,63.6,4.0,0.0,13.0,0.0,0.0,100.0,100.0,0.0,100.0,0.0,1.0,1.0,-0.0,-0.0,0.0
12,2016-390-augusto mendes--cody garbrandt,2016,0,317,388,Cody Garbrandt,augusto mendes,135,185,0,-50.0,1515.122175838326,1500.0,15.12217583832603,1,39.0,59.0,-3.64,27.0,83.0,66.7,0.0,33.3,3.0,1.0,16.0,0.0,0.0,100.0,50.0,50.0,0.0,0.0,2.0,1.0,-0.0,-0.0,3.0
12,2016-391-augusto montano--belal muhammad,2016,0,366,389,Belal Muhammad,augusto montano,170,185,0,-15.0,1482.3333333333333,1500.0,-17.666666666666742,1,43.0,55.0,-3.78,38.0,90.0,13.3,6.7,80.0,6.0,1.0,19.0,0.0,0.0,0.0,0.0,0.0,0.0,0.0,0.0,0.0,-0.0,-0.0,0.0
12,2016-392-belal muhammad--vicente luque,2016,0,339,366,Vicente Luque,Belal Muhammad,170,170,1,0.0,1493.2451939780294,1485.371437064313,7.873756913716306,1,8.0,-3.0,-1.4700000000000002,13.0,-29.0,36.7,30.8,-67.5,2.0,-1.0,4.0,0.0,0.0,50.0,100.0,0.0,100.0,0.0,-1.0,0.4,-0.0,-0.0,-1.0
12,2016-393-beneil dariush--james vick,2016,0,219,344,Beneil Dariush,james vick,155,185,0,-30.0,1551.8296671716657,1500.0,51.82966717166573,1,49.0,57.0,-2.61,38.0,82.0,17.699999999999996,29.4,52.9,9.0,0.0,24.0,0.0,0.0,80.0,50.0,0.0,50.0,0.0,4.0,0.9743999999999999,11.5,11.5,1.6666666666666667
12,2016-394-beneil dariush--michael chiesa,2016,0,114,219,Michael Chiesa,Beneil Dariush,170,155,0,15.0,1525.8124197276002,1584.763575175614,-58.95115544801388,1,-9.0,0.0,0.8799999999999999,9.0,-15.0,-17.699999999999996,27.700000000000003,-10.0,-4.0,1.0,-3.0,0.0,0.0,0.0,0.0,0.0,0.0,0.0,-1.0,-0.012799999999999923,-5.5,-5.5,1.3333333333333333
12,2016-395-beneil dariush--rashid magomedov,2016,0,219,336,Beneil Dariush,rashid magomedov,155,185,0,-30.0,1571.7681429896659,1500.0,71.76814298966588,1,49.0,57.0,-2.61,38.0,82.0,17.699999999999996,29.4,52.9,9.0,0.0,24.0,0.0,0.0,80.0,50.0,0.0,50.0,0.0,4.0,0.9743999999999999,11.5,11.5,1.6666666666666667
12,2016-396-brad tavares--caio magalhaes,2016,0,309,1511,brad tavares,caio magalhaes,185,185,1,0.0,1513.7889357530441,1500.0,13.788935753044143,1,43.0,54.0,-3.36,26.0,81.0,12.5,0.0,87.5,6.0,0.0,27.0,0.0,0.0,40.0,0.0,0.0,0.0,0.0,1.0,0.696,6.0,6.0,0.7333333333333334
12,2016-397-brandon moreno--louis smolka,2016,0,390,391,Brandon Moreno,louis smolka,125,185,0,-60.0,1500.0,1500.0,0.0,1,44.0,60.0,-3.62,44.0,64.0,27.200000000000006,27.3,45.5,9.0,3.0,18.0,0.0,0.0,0.0,0.0,0.0,0.0,0.0,0.0,0.0,-0.0,-0.0,0.0
12,2016-398-brandon moreno--ryan benoit,2016,0,390,392,Brandon Moreno,ryan benoit,125,185,0,-60.0,1532.4,1500.0,32.40000000000009,1,44.0,60.0,-3.62,44.0,64.0,27.200000000000006,27.3,45.5,9.0,3.0,18.0,0.0,0.0,0.0,0.0,0.0,0.0,0.0,0.0,0.0,-0.0,-0.0,0.0
12,2016-399-brandon thatch--niko price,2016,0,310,393,brandon thatch,Niko Price,185,170,0,15.0,1500.0,1500.0,0.0,0,-43.0,-48.0,5.55,-28.0,-50.0,-50.0,-25.0,-25.0,0.0,0.0,-17.0,0.0,0.0,0.0,0.0,0.0,0.0,0.0,0.0,0.0,-0.0,-0.0,0.0
12,2016-400-brian camozzi--randy brown,2016,0,394,395,Randy Brown,brian camozzi,170,185,0,-15.0,1500.0,1500.0,0.0,1,47.0,54.0,-3.26,39.0,73.0,28.6,21.4,50.0,0.0,0.0,20.0,0.0,0.0,0.0,0.0,0.0,0.0,0.0,0.0,0.0,-0.0,-0.0,0.0
12,2016-401-brian ortega--clay guida,2016,0,66,311,clay guida,Brian Ortega,185,145,0,40.0,1500.0,1502.25,-2.25,0,-37.0,-49.0,6.38,-25.0,-54.0,-37.5,-50.0,-12.5,-6.0,0.0,-13.0,0.0,0.0,-100.0,-100.0,-100.0,0.0,0.0,-1.0,-1.0,-0.0,-0.0,0.0
12,2016-402-brian ortega--diego brandao,2016,0,134,311,diego brandao,Brian Ortega,185,145,0,40.0,1500.0,1522.6169727567792,-22.616972756779205,0,-37.0,-49.0,6.38,-25.0,-54.0,-37.5,-50.0,-12.5,-6.0,0.0,-13.0,0.0,0.0,-100.0,-100.0,-100.0,0.0,0.0,-1.0,-1.0,-0.0,-0.0,0.0
12,2016-403-bryan barberena--colby covington,2016,0,221,396,Colby Covington,bryan barberena,170,185,0,-15.0,1503.9665484597247,1500.0,3.966548459724663,1,38.0,54.0,-3.09,42.0,68.0,25.0,16.7,58.3,6.0,1.0,17.0,0.0,0.0,75.0,66.66666666666667,33.333333333333336,33.333333333333336,0.0,1.0,0.76,-0.0,-0.0,2.3333333333333335
12,2016-404-cezar ferreira--jack hermansson,2016,0,397,398,cezar ferreira,Jack Hermansson,185,185,1,0.0,1500.0,1500.0,0.0,1,-45.0,-57.0,3.7,-29.0,-80.0,-27.200000000000006,-27.3,-45.5,-5.0,0.0,-18.0,0.0,0.0,0.0,0.0,0.0,0.0,0.0,0.0,0.0,-0.0,-0.0,0.0
12,2016-405-charles oliveira--ricardo lamas,2016,0,63,99,Charles Oliveira,ricardo lamas,155,185,0,-30.0,1539.277145971474,1500.0,39.277145971474056,0,55.0,48.0,-3.26,39.0,56.0,17.4,69.6,13.0,13.0,2.0,34.0,0.0,0.0,80.0,100.0,0.0,100.0,0.0,1.0,0.76,12.8,12.333333333333332,-0.33333333333333337
12,2016-406-chas skelly--darren elkins,2016,0,64,399,Darren Elkins,chas skelly,145,185,0,-40.0,1535.8383309782653,1500.0,35.838330978265276,1,38.0,51.0,-3.34,34.0,56.0,20.999999999999993,15.8,63.2,7.0,0.0,30.0,0.0,0.0,60.0,33.333333333333336,33.333333333333336,0.0,0.0,1.0,0.7216,9.8,7.5,0.6
12,2016-407-chris wade--islam makhachev,2016,0,295,400,Islam Makhachev,chris wade,170,185,0,-15.0,1491.0242699996825,1500.0,-8.975730000317526,1,58.0,61.0,-1.55,53.0,90.0,18.8,50.0,31.2,8.0,5.0,17.0,0.0,0.0,50.0,100.0,0.0,100.0,0.0,1.0,0.6,-0.0,-0.0,0.0
12,2016-408-claudio puelles--martin bravo,2016,1,401,402,martin bravo,Claudio Puelles,185,155,0,30.0,1500.0,1500.0,0.0,1,-49.0,-46.0,2.78,-36.0,-60.0,0.0,-60.0,-40.0,0.0,0.0,-8.0,0.0,0.0,0.0,0.0,0.0,0.0,0.0,0.0,0.0,-0.0,-0.0,0.0
12,2016-409-cm punk--mickey gall,2016,0,403,404,Mickey Gall,cm punk,170,185,0,-15.0,1500.0,1500.0,0.0,1,49.0,49.0,-4.72,32.0,37.0,0.0,83.3,16.7,0.0,0.0,13.0,0.0,0.0,0.0,0.0,0.0,0.0,0.0,0.0,0.0,-0.0,-0.0,0.0
12,2016-410-cody east--curtis blaydes,2016,0,405,406,Curtis Blaydes,cody east,265,185,0,80.0,1500.0,1500.0,0.0,1,50.0,58.0,-2.0,48.0,31.0,57.1,0.0,42.9,13.0,0.0,19.0,0.0,0.0,0.0,0.0,0.0,0.0,0.0,0.0,0.0,-0.0,-0.0,0.0
12,2016-411-cody garbrandt--dominick cruz,2016,1,317,407,Cody Garbrandt,dominick cruz,135,185,0,-50.0,1521.0569293536541,1500.0,21.05692935365414,1,39.0,59.0,-3.64,27.0,83.0,66.7,0.0,33.3,3.0,1.0,16.0,0.0,0.0,100.0,50.0,50.0,0.0,0.0,2.0,1.0,-0.0,-0.0,3.0
12,2016-412-cody garbrandt--takeya mizugaki,2016,0,85,317,takeya mizugaki,Cody Garbrandt,185,135,0,50.0,1500.0,1634.0303486495388,-134.03034864953884,0,-39.0,-59.0,3.64,-27.0,-83.0,-66.7,0.0,-33.3,-3.0,-1.0,-16.0,0.0,0.0,-100.0,-50.0,-50.0,0.0,0.0,-2.0,-1.0,-0.0,-0.0,-3.0
12,2016-413-cody garbrandt--thomas almeida,2016,0,317,408,Cody Garbrandt,thomas almeida,135,185,0,-50.0,1664.5416000160162,1500.0,164.54160001601622,1,39.0,59.0,-3.64,27.0,83.0,66.7,0.0,33.3,3.0,1.0,16.0,0.0,0.0,100.0,50.0,50.0,0.0,0.0,2.0,1.0,-0.0,-0.0,3.0
12,2016-414-colby covington--jonathan meunier,2016,0,221,409,Colby Covington,jonathan meunier,170,185,0,-15.0,1521.1174590224468,1500.0,21.117459022446837,1,38.0,54.0,-3.09,42.0,68.0,25.0,16.7,58.3,6.0,1.0,17.0,0.0,0.0,75.0,66.66666666666667,33.333333333333336,33.333333333333336,0.0,1.0,0.76,-0.0,-0.0,2.3333333333333335
12,2016-415-colby covington--max griffin,2016,0,221,410,Colby Covington,Max Griffin,170,170,1,0.0,1524.071929375998,1500.0,24.071929375998025,1,-9.0,-4.0,0.6100000000000003,2.0,-2.0,-12.5,16.7,-4.200000000000003,6.0,1.0,-1.0,0.0,0.0,75.0,66.66666666666667,33.333333333333336,33.333333333333336,0.0,1.0,0.76,-0.0,-0.0,2.3333333333333335
12,2016-416-court mcgee--dominique steele,2016,0,67,412,Court McGee,dominique steele,170,185,0,-15.0,1510.9801164868518,1500.0,10.980116486851784,1,36.0,60.0,-3.65,24.0,70.0,0.0,27.3,72.7,0.0,1.0,24.0,0.0,0.0,60.0,0.0,0.0,0.0,0.0,3.0,0.9359999999999999,-0.0,-0.0,1.0
12,2016-417-court mcgee--santiago ponzinibbio,2016,0,67,203,Court McGee,Santiago Ponzinibbio,170,170,1,0.0,1521.4302554510582,1501.4175738145132,20.01268163654504,0,-5.0,-1.0,1.0299999999999998,-3.0,-1.0,-58.3,27.3,31.0,-3.0,1.0,4.0,0.0,0.0,0.0,-66.66666666666667,-66.66666666666667,0.0,0.0,2.0,0.2016,-0.0,-0.0,-0.5
12,2016-418-cub swanson--dooho choi,2016,0,18,247,Cub Swanson,Dooho Choi,145,145,1,0.0,1545.894323722837,1503.9338572893507,41.96046643348632,1,-5.0,3.0,0.019999999999999574,-3.0,16.0,-65.0,10.0,55.0,7.0,0.0,24.0,0.0,0.0,-40.0,-66.66666666666666,-66.66666666666666,0.0,0.0,-3.0,-0.696,12.8,12.8,1.2666666666666668
12,2016-419-cub swanson--hacran dias,2016,0,18,238,Cub Swanson,hacran dias,145,185,0,-40.0,1574.7083930702051,1500.0,74.70839307020515,1,51.0,59.0,-4.0,50.0,63.0,35.0,10.0,55.0,7.0,0.0,33.0,0.0,0.0,60.0,33.333333333333336,33.333333333333336,0.0,0.0,-1.0,0.30400000000000005,12.8,12.8,1.2666666666666668
12,2016-420-cub swanson--tatsuya kawajiri,2016,0,18,413,Cub Swanson,tatsuya kawajiri,145,185,0,-40.0,1599.0288032215924,1500.0,99.0288032215924,1,51.0,59.0,-4.0,50.0,63.0,35.0,10.0,55.0,7.0,0.0,33.0,0.0,0.0,60.0,33.333333333333336,33.333333333333336,0.0,0.0,-1.0,0.30400000000000005,12.8,12.8,1.2666666666666668
12,2016-421-curtis blaydes--francis ngannou,2016,0,405,414,Curtis Blaydes,francis ngannou,265,185,0,80.0,1503.0,1500.0,3.0,0,50.0,58.0,-2.0,48.0,31.0,57.1,0.0,42.9,13.0,0.0,19.0,0.0,0.0,0.0,0.0,0.0,0.0,0.0,0.0,0.0,-0.0,-0.0,0.0
12,2016-422-cyril asker--jared cannonier,2016,0,346,415,Jared Cannonier,cyril asker,185,185,1,0.0,1488.75,1500.0,-11.25,1,49.0,56.0,-4.35,40.0,64.0,63.6,0.0,36.4,8.0,0.0,20.0,0.0,0.0,0.0,0.0,0.0,0.0,0.0,-1.0,0.0,-0.0,-0.0,0.0
12,2016-423-damian grabowski--derrick lewis,2016,0,243,416,Derrick Lewis,damian grabowski,265,185,0,80.0,1488.2194775626792,1500.0,-11.78052243732077,1,50.0,40.0,-2.49,26.0,52.0,80.0,0.0,20.0,14.0,0.0,30.0,0.0,0.0,80.0,100.0,100.0,0.0,0.0,1.0,0.76,-0.0,-0.0,0.0
12,2016-424-damian stasiak--davey grant,2016,0,168,417,Davey Grant,damian stasiak,135,185,0,-50.0,1493.671875,1500.0,-6.328125,0,44.0,55.0,-3.74,40.0,63.0,37.5,12.5,50.0,0.0,0.0,14.0,0.0,0.0,0.0,0.0,0.0,0.0,1.0,-1.0,0.0,-0.0,-0.0,0.0
12,2016-425-damir hadzovic--mairbek taisumov,2016,0,418,419,mairbek taisumov,Damir Hadzovic,185,155,0,30.0,1500.0,1500.0,0.0,1,-47.0,-59.0,3.74,-54.0,-34.0,-50.0,0.0,-50.0,0.0,0.0,-10.0,0.0,0.0,0.0,0.0,0.0,0.0,0.0,0.0,0.0,-0.0,-0.0,0.0
12,2016-426-dan hooker--jason knight,2016,0,235,420,Dan Hooker,jason knight,155,185,0,-30.0,1474.5357956477153,1500.0,-25.464204352284696,0,48.0,51.0,-4.72,34.0,78.0,50.0,14.3,35.7,7.0,0.0,22.0,0.0,0.0,50.0,100.0,100.0,0.0,0.0,1.0,0.696,-0.0,-0.0,-2.166666666666667
12,2016-427-dan hooker--mark eddiva,2016,0,235,421,Dan Hooker,mark eddiva,155,185,0,-30.0,1450.6475245722795,1500.0,-49.35247542772049,1,48.0,51.0,-4.72,34.0,78.0,50.0,14.3,35.7,7.0,0.0,22.0,0.0,0.0,50.0,100.0,100.0,0.0,0.0,1.0,0.696,-0.0,-0.0,-2.166666666666667
12,2016-428-darren elkins--godofredo pepey,2016,0,64,303,Darren Elkins,godofredo pepey,145,185,0,-40.0,1570.172780045629,1500.0,70.172780045629,1,38.0,51.0,-3.34,34.0,56.0,20.999999999999993,15.8,63.2,7.0,0.0,30.0,0.0,0.0,60.0,33.333333333333336,33.333333333333336,0.0,0.0,1.0,0.7216,9.8,7.5,0.6
12,2016-429-davey grant--marlon vera,2016,0,168,280,Davey Grant,Marlon Vera,135,135,1,0.0,1478.7401692276196,1496.0758542826156,-17.33568505499602,1,-5.0,5.0,1.63,1.0,-9.0,-9.099999999999994,-14.2,23.3,-6.0,0.0,-10.0,0.0,0.0,-50.0,-100.0,0.0,-100.0,1.0,-2.0,-0.6,-0.0,-0.0,0.0
12,2016-430-demetrious johnson--henry cejudo,2016,1,252,425,Henry Cejudo,demetrious johnson,135,185,0,-50.0,1592.4594109697862,1500.0,92.45941096978618,0,47.0,59.0,-3.46,31.0,76.0,40.0,0.0,60.0,6.0,4.0,15.0,0.0,0.0,100.0,0.0,0.0,0.0,0.0,4.0,1.0,11.333333333333334,11.333333333333334,2.666666666666667
12,2016-431-demetrious johnson--tim elliott,2016,1,140,425,Tim Elliott,demetrious johnson,125,185,0,-60.0,1505.9034757972186,1500.0,5.903475797218562,0,44.0,57.0,-2.65,47.0,59.0,0.0,30.0,70.0,9.0,0.0,21.0,0.0,0.0,20.0,0.0,0.0,0.0,0.0,-2.0,0.096,13.5,13.5,0.9333333333333333
12,2016-432-derek brunson--robert whittaker,2016,0,121,426,Robert Whittaker,derek brunson,185,185,1,0.0,1534.4028416387212,1500.0,34.402841638721156,1,43.0,59.0,-3.36,38.0,82.0,35.3,0.0,64.7,12.0,2.0,24.0,0.0,0.0,80.0,50.0,50.0,0.0,0.0,2.0,0.904,8.0,8.0,1.0
12,2016-433-derrick lewis--gabriel gonzaga,2016,0,243,427,Derrick Lewis,gabriel gonzaga,265,185,0,80.0,1491.2448981234022,1500.0,-8.755101876597791,1,50.0,40.0,-2.49,26.0,52.0,80.0,0.0,20.0,14.0,0.0,30.0,0.0,0.0,80.0,100.0,100.0,0.0,0.0,1.0,0.76,-0.0,-0.0,0.0
12,2016-434-derrick lewis--roy nelson,2016,0,243,428,Derrick Lewis,roy nelson,265,185,0,80.0,1497.2826889379373,1500.0,-2.717311062062663,1,50.0,40.0,-2.49,26.0,52.0,80.0,0.0,20.0,14.0,0.0,30.0,0.0,0.0,80.0,100.0,100.0,0.0,0.0,1.0,0.76,-0.0,-0.0,0.0
12,2016-435-derrick lewis--shamil abdurakhimov,2016,0,243,429,Derrick Lewis,shamil abdurakhimov,265,185,0,80.0,1525.137044126679,1500.0,25.13704412667903,1,50.0,40.0,-2.49,26.0,52.0,80.0,0.0,20.0,14.0,0.0,30.0,0.0,0.0,80.0,100.0,100.0,0.0,0.0,1.0,0.76,-0.0,-0.0,0.0
12,2016-436-diego ferreira--olivier aubinmercier,2016,0,224,430,Diego Ferreira,olivier aubinmercier,155,185,0,-30.0,1483.943142508814,1500.0,-16.056857491186065,1,40.0,55.0,-3.46,30.0,57.0,50.0,20.0,30.0,1.0,0.0,16.0,0.0,0.0,50.0,100.0,50.0,50.0,0.0,-1.0,0.336,14.0,14.0,-3.0
12,2016-437-diego sanchez--jim miller,2016,0,6,30,diego sanchez,Jim Miller,185,155,0,30.0,1500.0,1516.9767102324622,-16.97671023246221,1,-42.0,-56.0,3.44,-45.0,-48.0,-22.299999999999994,-48.1,-29.6,-2.0,0.0,-45.0,0.0,0.0,-40.0,-50.0,0.0,-50.0,0.0,1.0,-0.2784,-9.8,-9.75,-4.4408920985006264e-17
12,2016-438-dominic waters--leon edwards,2016,0,228,431,Leon Edwards,dominic waters,170,185,0,-15.0,1508.4973958833414,1500.0,8.497395883341369,1,54.0,53.0,-2.42,36.0,63.0,21.499999999999993,7.1,71.4,8.0,3.0,18.0,0.0,0.0,50.0,50.0,50.0,0.0,0.0,2.0,0.84,-0.0,-0.0,0.11111111111111109
12,2016-439-dooho choi--thiago tavares,2016,0,247,312,Dooho Choi,thiago tavares,145,185,0,-40.0,1488.9291468376548,1500.0,-11.070853162345202,1,56.0,56.0,-4.02,53.0,47.0,100.0,0.0,0.0,0.0,0.0,9.0,0.0,0.0,100.0,100.0,100.0,0.0,0.0,2.0,1.0,-0.0,-0.0,0.0
12,2016-440-douglas silva de andrade--henry briones,2016,0,250,318,Douglas Silva de Andrade,henry briones,135,185,0,-50.0,1495.1280063753197,1500.0,-4.871993624680272,1,38.0,57.0,-3.93,42.0,72.0,28.6,14.3,57.1,0.0,0.0,13.0,0.0,0.0,50.0,0.0,0.0,0.0,0.0,1.0,0.6,-0.0,-0.0,-0.33333333333333337
12,2016-441-drew dober--jason gonzalez,2016,0,32,432,Drew Dober,jason gonzalez,155,185,0,-30.0,1469.248471189072,1500.0,-30.751528810927994,1,40.0,51.0,-4.33,17.0,56.0,71.5,7.1,21.4,1.0,0.0,25.0,0.0,0.0,40.0,100.0,50.0,50.0,0.0,-2.0,0.12160000000000003,-0.0,-0.0,-2.3333333333333335
12,2016-442-drew dober--olivier aubinmercier,2016,0,32,430,Drew Dober,olivier aubinmercier,155,185,0,-30.0,1472.3146808942788,1500.0,-27.68531910572119,0,40.0,51.0,-4.33,17.0,56.0,71.5,7.1,21.4,1.0,0.0,25.0,0.0,0.0,40.0,100.0,50.0,50.0,0.0,-2.0,0.12160000000000003,-0.0,-0.0,-2.3333333333333335
12,2016-443-drew dober--scott holtzman,2016,0,32,433,Drew Dober,scott holtzman,155,185,0,-30.0,1457.6128678595455,1500.0,-42.38713214045447,1,40.0,51.0,-4.33,17.0,56.0,71.5,7.1,21.4,1.0,0.0,25.0,0.0,0.0,40.0,100.0,50.0,50.0,0.0,-2.0,0.12160000000000003,-0.0,-0.0,-2.3333333333333335
12,2016-444-dustin poirier--king green,2016,0,46,136,King Green,dustin poirier,155,185,0,-30.0,1532.8080746733492,1500.0,32.80807467334921,0,52.0,62.0,-3.72,39.0,74.0,17.699999999999996,23.5,58.8,3.0,0.0,32.0,0.0,0.0,80.0,50.0,25.0,25.0,0.0,1.0,0.76,13.0,13.0,0.8666666666666668
12,2016-445-dustin poirier--michael johnson,2016,0,81,136,Michael Johnson,dustin poirier,155,185,0,-30.0,1526.5879096011645,1500.0,26.587909601164483,1,39.0,58.0,-3.79,38.0,81.0,37.5,0.0,62.5,3.0,0.0,31.0,0.0,0.0,40.0,0.0,0.0,0.0,0.0,1.0,0.6384,8.25,8.25,1.2666666666666668
12,2016-446-ed herman--nikita krylov,2016,0,201,434,Nikita Krylov,ed herman,205,185,0,20.0,1495.5143368677266,1500.0,-4.48566313227343,1,54.0,44.0,-2.58,38.0,53.0,36.29999999999999,45.5,18.2,7.0,0.0,20.0,0.0,0.0,80.0,100.0,50.0,50.0,0.0,3.0,0.9616,-0.0,-0.0,0.0
12,2016-447-eddie alvarez--rafael dos anjos,2016,1,34,411,Rafael Dos Anjos,eddie alvarez,170,185,0,-15.0,1746.707812708859,1500.0,246.7078127088589,0,47.0,60.0,-3.23,35.0,54.0,19.099999999999994,23.8,57.1,13.0,2.0,36.0,0.0,0.0,80.0,75.0,75.0,0.0,2.0,2.0,0.904,14.2,16.25,1.5333333333333332
12,2016-448-edson barboza--gilbert melendez,2016,0,72,436,Edson Barboza,gilbert melendez,155,185,0,-30.0,1590.0699436176235,1500.0,90.0699436176235,1,44.0,55.0,-4.6,50.0,73.0,50.0,0.0,50.0,11.0,0.0,31.0,0.0,0.0,40.0,50.0,50.0,0.0,0.0,-1.0,0.2656,10.6,10.6,0.6666666666666666
12,2016-449-elizeu zaleski dos santos--keita nakamura,2016,0,331,354,Elizeu Zaleski dos Santos,keita nakamura,170,185,0,-15.0,1488.75,1500.0,-11.25,1,41.0,55.0,-3.56,20.0,67.0,36.4,9.1,54.5,1.0,0.0,18.0,0.0,0.0,0.0,0.0,0.0,0.0,0.0,-1.0,0.0,-0.0,-0.0,-1.0
12,2016-450-elizeu zaleski dos santos--omari akhmedov,2016,0,261,331,omari akhmedov,Elizeu Zaleski dos Santos,185,170,0,15.0,1500.0,1496.008263823945,3.9917361760549284,0,-41.0,-55.0,3.56,-20.0,-67.0,-36.4,-9.1,-54.5,-1.0,0.0,-18.0,0.0,0.0,0.0,0.0,0.0,0.0,0.0,1.0,0.0,-0.0,-0.0,1.0
12,2016-451-erick montano--max griffin,2016,0,410,437,Max Griffin,erick montano,170,185,0,-15.0,1485.2594022417945,1500.0,-14.740597758205467,1,47.0,58.0,-3.7,40.0,70.0,37.5,0.0,62.5,0.0,0.0,18.0,0.0,0.0,0.0,0.0,0.0,0.0,0.0,0.0,0.0,-0.0,-0.0,0.0
12,2016-452-erick montano--randy brown,2016,0,394,437,Randy Brown,erick montano,170,185,0,-15.0,1503.0,1500.0,3.0,1,47.0,54.0,-3.26,39.0,73.0,28.6,21.4,50.0,0.0,0.0,20.0,0.0,0.0,0.0,0.0,0.0,0.0,0.0,0.0,0.0,-0.0,-0.0,0.0
12,2016-453-francimar barroso--nikita krylov,2016,0,201,438,Nikita Krylov,francimar barroso,205,185,0,20.0,1526.213098819197,1500.0,26.213098819197057,1,54.0,44.0,-2.58,38.0,53.0,36.29999999999999,45.5,18.2,7.0,0.0,20.0,0.0,0.0,80.0,100.0,50.0,50.0,0.0,3.0,0.9616,-0.0,-0.0,0.0
12,2016-454-frankie edgar--jeremy stephens,2016,0,21,165,Jeremy Stephens,frankie edgar,155,185,0,-30.0,1510.0759976672853,1500.0,10.075997667285264,0,40.0,58.0,-3.14,38.0,62.0,53.3,0.0,46.7,6.0,0.0,34.0,0.0,0.0,40.0,50.0,50.0,0.0,0.0,1.0,0.696,11.8,11.8,-0.06666666666666674
12,2016-455-gerald meerschaert--joseph gigliotti,2016,0,439,440,Gerald Meerschaert,joseph gigliotti,185,185,1,0.0,1500.0,1500.0,0.0,1,45.0,53.0,-3.49,30.0,42.0,8.3,91.7,0.0,0.0,0.0,24.0,0.0,0.0,0.0,0.0,0.0,0.0,0.0,0.0,0.0,-0.0,-0.0,0.0
12,2016-456-gilbert burns--lukasz sajewski,2016,0,216,441,Gilbert Burns,lukasz sajewski,170,185,0,-15.0,1490.5132249620424,1500.0,-9.486775037957614,1,48.0,52.0,-3.64,37.0,53.0,20.0,33.3,46.7,5.0,0.0,24.0,0.0,0.0,75.0,66.66666666666667,0.0,66.66666666666667,0.0,1.0,0.76,-0.0,-0.0,-1.0
12,2016-457-gilbert burns--michel prazeres,2016,0,216,442,Gilbert Burns,michel prazeres,170,185,0,-15.0,1493.5336987241947,1500.0,-6.4663012758053355,0,48.0,52.0,-3.64,37.0,53.0,20.0,33.3,46.7,5.0,0.0,24.0,0.0,0.0,75.0,66.66666666666667,0.0,66.66666666666667,0.0,1.0,0.76,-0.0,-0.0,-1.0
12,2016-458-guangyou ning--marlon vera,2016,0,280,443,Marlon Vera,guangyou ning,135,185,0,-50.0,1464.6894799996621,1500.0,-35.310520000337874,1,49.0,50.0,-5.37,39.0,72.0,46.599999999999994,26.7,26.7,6.0,0.0,24.0,0.0,0.0,50.0,100.0,0.0,100.0,0.0,1.0,0.6,-0.0,-0.0,0.0
12,2016-459-hector lombard--neil magny,2016,0,187,444,Neil Magny,hector lombard,170,185,0,-15.0,1557.1407984846794,1500.0,57.14079848467941,1,46.0,51.0,-2.47,39.0,55.0,30.4,8.7,60.9,13.0,0.0,35.0,0.0,0.0,80.0,50.0,25.0,25.0,0.0,2.0,0.904,7.25,7.25,1.8
12,2016-460-hector urbina--vicente luque,2016,0,339,445,Vicente Luque,hector urbina,170,185,0,-15.0,1496.2282000166422,1500.0,-3.7717999833578233,1,51.0,52.0,-5.25,51.0,61.0,50.0,37.5,12.5,8.0,0.0,23.0,0.0,0.0,50.0,100.0,0.0,100.0,0.0,-1.0,0.4,-0.0,-0.0,-1.0
12,2016-461-henrique da silva--paul craig,2016,0,446,447,Paul Craig,henrique da silva,205,185,0,20.0,1500.0,1500.0,0.0,1,45.0,43.0,-3.04,18.0,35.0,33.3,66.7,0.0,4.0,0.0,20.0,0.0,0.0,0.0,0.0,0.0,0.0,0.0,0.0,0.0,-0.0,-0.0,0.0
12,2016-462-henry cejudo--joseph benavidez,2016,0,54,252,joseph benavidez,Henry Cejudo,185,135,0,50.0,1500.0,1591.1814078453554,-91.18140784535535,1,-47.0,-59.0,3.46,-31.0,-76.0,-40.0,0.0,-60.0,-6.0,-4.0,-15.0,0.0,0.0,-100.0,0.0,0.0,0.0,0.0,-4.0,-1.0,-11.333333333333334,-11.333333333333334,-2.666666666666667
12,2016-463-igor pokrajac--jan blachowicz,2016,0,265,448,Jan Blachowicz,igor pokrajac,205,185,0,20.0,1440.1195677997837,1500.0,-59.88043220021632,1,49.0,52.0,-3.03,48.0,69.0,41.599999999999994,16.7,41.7,7.0,2.0,21.0,0.0,0.0,33.333333333333336,100.0,100.0,0.0,0.0,-2.0,0.16000000000000003,9.5,9.5,-3.333333333333333
12,2016-464-ion cutelaba--jared cannonier,2016,0,346,449,Jared Cannonier,Ion Cutelaba,185,205,0,-20.0,1491.7742765933106,1500.0,-8.22572340668944,1,6.0,9.0,-1.0099999999999998,-9.0,-11.0,13.600000000000001,-12.5,-1.1000000000000014,7.0,0.0,1.0,0.0,0.0,0.0,0.0,0.0,0.0,0.0,-1.0,0.0,-0.0,-0.0,0.0
12,2016-465-ion cutelaba--jonathan wilson,2016,0,449,450,Ion Cutelaba,jonathan wilson,205,185,0,20.0,1483.905315550051,1500.0,-16.094684449949,1,43.0,47.0,-3.34,49.0,75.0,50.0,12.5,37.5,1.0,0.0,19.0,0.0,0.0,0.0,0.0,0.0,0.0,0.0,0.0,0.0,-0.0,-0.0,0.0
12,2016-466-ion cutelaba--misha cirkunov,2016,0,449,451,Ion Cutelaba,misha cirkunov,205,185,0,20.0,1501.30436735655,1500.0,1.304367356550074,0,43.0,47.0,-3.34,49.0,75.0,50.0,12.5,37.5,1.0,0.0,19.0,0.0,0.0,0.0,0.0,0.0,0.0,0.0,0.0,0.0,-0.0,-0.0,0.0
12,2016-467-jack hermansson--scott askham,2016,0,398,452,Jack Hermansson,scott askham,185,185,1,0.0,1485.0,1500.0,-15.0,1,45.0,57.0,-3.7,29.0,80.0,27.200000000000006,27.3,45.5,5.0,0.0,18.0,0.0,0.0,0.0,0.0,0.0,0.0,0.0,0.0,0.0,-0.0,-0.0,0.0
12,2016-468-jake matthews--johnny case,2016,0,239,453,Jake Matthews,johnny case,170,185,0,-15.0,1481.5595649347765,1500.0,-18.440435065223483,1,43.0,60.0,-2.63,42.0,67.0,13.3,40.0,46.7,0.0,0.0,22.0,0.0,0.0,75.0,100.0,33.333333333333336,66.66666666666667,0.0,-1.0,0.4,-0.0,-0.0,0.0
12,2016-469-jake matthews--kevin lee,2016,0,205,239,kevin lee,Jake Matthews,185,170,0,15.0,1500.0,1484.5993344765554,15.400665523444559,1,-43.0,-60.0,2.63,-42.0,-67.0,-13.3,-40.0,-46.7,0.0,0.0,-22.0,0.0,0.0,-75.0,-100.0,-33.333333333333336,-66.66666666666667,0.0,1.0,-0.4,-0.0,-0.0,0.0
12,2016-470-jeremy stephens--renan barao,2016,0,21,454,Jeremy Stephens,renan barao,155,185,0,-30.0,1495.5706638542827,1500.0,-4.429336145717343,1,40.0,58.0,-3.14,38.0,62.0,53.3,0.0,46.7,6.0,0.0,34.0,0.0,0.0,40.0,50.0,50.0,0.0,0.0,1.0,0.696,11.8,11.8,-0.06666666666666674
12,2016-471-jim miller--joe lauzon,2016,0,10,30,Joe Lauzon,Jim Miller,185,155,0,30.0,1500.0,1500.7814140368057,-0.7814140368056997,0,-42.0,-56.0,3.44,-45.0,-48.0,-22.299999999999994,-48.1,-29.6,-2.0,0.0,-45.0,0.0,0.0,-40.0,-50.0,0.0,-50.0,0.0,1.0,-0.2784,-9.8,-9.75,-4.4408920985006264e-17
12,2016-472-jim miller--takanori gomi,2016,0,30,350,Jim Miller,takanori gomi,155,185,0,-30.0,1507.7774781352584,1500.0,7.777478135258434,1,42.0,56.0,-3.44,45.0,48.0,22.299999999999994,48.1,29.6,2.0,0.0,45.0,0.0,0.0,40.0,50.0,0.0,50.0,0.0,-1.0,0.2784,9.8,9.75,4.4408920985006264e-17
12,2016-473-jim miller--thiago alves,2016,0,30,455,Jim Miller,thiago alves,155,185,0,-30.0,1510.7606919029154,1500.0,10.760691902915369,1,42.0,56.0,-3.44,45.0,48.0,22.299999999999994,48.1,29.6,2.0,0.0,45.0,0.0,0.0,40.0,50.0,0.0,50.0,0.0,-1.0,0.2784,9.8,9.75,4.4408920985006264e-17
12,2016-474-joey gomez--rob font,2016,0,260,456,Rob Font,joey gomez,135,185,0,-50.0,1501.6875,1500.0,1.6875,1,46.0,57.0,-3.67,34.0,42.0,50.0,8.3,41.7,9.0,0.0,19.0,0.0,0.0,100.0,100.0,100.0,0.0,0.0,1.0,1.0,-0.0,-0.0,0.0
12,2016-475-john lineker--rob font,2016,0,260,457,Rob Font,john lineker,135,185,0,-50.0,1504.6838572670717,1500.0,4.683857267071744,0,46.0,57.0,-3.67,34.0,42.0,50.0,8.3,41.7,9.0,0.0,19.0,0.0,0.0,100.0,100.0,100.0,0.0,0.0,1.0,1.0,-0.0,-0.0,0.0
12,2016-476-johny hendricks--kelvin gastelum,2016,0,163,460,Kelvin Gastelum,johny hendricks,185,185,1,0.0,1568.299842031617,1500.0,68.29984203161689,1,42.0,57.0,-3.49,34.0,58.0,23.1,15.4,61.5,9.0,1.0,23.0,0.0,0.0,60.0,33.333333333333336,33.333333333333336,0.0,0.0,-1.0,0.30400000000000005,11.0,9.8,0.2
12,2016-477-johny hendricks--neil magny,2016,0,187,460,Neil Magny,johny hendricks,170,185,0,-15.0,1581.8894648249704,1500.0,81.88946482497045,1,46.0,51.0,-2.47,39.0,55.0,30.4,8.7,60.9,13.0,0.0,35.0,0.0,0.0,80.0,50.0,25.0,25.0,0.0,2.0,0.904,7.25,7.25,1.8
12,2016-478-johny hendricks--stephen thompson,2016,0,131,460,Stephen Thompson,johny hendricks,170,185,0,-15.0,1541.9676990489218,1500.0,41.96769904892176,1,46.0,54.0,-3.0,35.0,63.0,50.0,0.0,50.0,7.0,0.0,22.0,0.0,0.0,100.0,60.0,60.0,0.0,0.0,5.0,1.0,11.0,11.0,0.22222222222222232
12,2016-479-jon tuck--josh emmett,2016,0,461,462,Josh Emmett,jon tuck,145,185,0,-40.0,1500.0,1500.0,0.0,1,35.0,60.0,-4.46,37.0,46.0,40.0,0.0,60.0,7.0,0.0,15.0,0.0,0.0,0.0,0.0,0.0,0.0,0.0,0.0,0.0,-0.0,-0.0,0.0
12,2016-480-josh emmett--scott holtzman,2016,0,433,461,scott holtzman,Josh Emmett,185,145,0,40.0,1500.0,1507.0,-7.0,0,-35.0,-60.0,4.46,-37.0,-46.0,-40.0,0.0,-60.0,-7.0,0.0,-15.0,0.0,0.0,0.0,0.0,0.0,0.0,0.0,0.0,0.0,-0.0,-0.0,0.0
12,2016-481-julian erosa--teruto ishihara,2016,0,352,463,Julian Erosa,teruto ishihara,145,185,0,-40.0,1505.25,1500.0,5.25,0,48.0,48.0,-6.27,43.0,61.0,30.0,40.0,30.0,0.0,0.0,18.0,0.0,0.0,100.0,0.0,0.0,0.0,0.0,1.0,1.0,-0.0,-0.0,1.0
12,2016-482-justin scoggins--pedro munhoz,2016,0,281,464,Pedro Munhoz,justin scoggins,135,185,0,-50.0,1480.2321516539287,1500.0,-19.767848346071332,1,41.0,55.0,-6.29,16.0,82.0,30.0,30.0,40.0,8.0,0.0,20.0,0.0,0.0,33.333333333333336,100.0,100.0,0.0,0.0,-2.0,0.16000000000000003,17.0,17.0,-2.0
12,2016-483-kamaru usman--warlley alves,2016,0,320,337,warlley alves,Kamaru Usman,185,170,0,15.0,1500.0,1550.185470536945,-50.185470536945104,0,-51.0,-55.0,2.67,-44.0,-89.0,-25.0,-6.2,-68.8,-11.0,-7.0,-19.0,0.0,0.0,-100.0,-50.0,0.0,-50.0,-1.0,-2.0,-1.0,-0.0,-0.0,-1.6666666666666667
12,2016-484-kelvin gastelum--tim kennedy,2016,0,163,465,Kelvin Gastelum,tim kennedy,185,185,1,0.0,1609.9618812205154,1500.0,109.96188122051535,1,42.0,57.0,-3.49,34.0,58.0,23.1,15.4,61.5,9.0,1.0,23.0,0.0,0.0,60.0,33.333333333333336,33.333333333333336,0.0,0.0,-1.0,0.30400000000000005,11.0,9.8,0.2
12,2016-485-khabib nurmagomedov--michael johnson,2016,0,81,272,Michael Johnson,khabib nurmagomedov,155,185,0,-30.0,1565.4317761231646,1500.0,65.43177612316458,0,39.0,58.0,-3.79,38.0,81.0,37.5,0.0,62.5,3.0,0.0,31.0,0.0,0.0,40.0,0.0,0.0,0.0,0.0,1.0,0.6384,8.25,8.25,1.2666666666666668
12,2016-486-khalil rountree jr--tyson pedro,2016,0,384,466,Khalil Rountree Jr.,tyson pedro,205,185,0,20.0,1465.6666666666667,1500.0,-34.33333333333326,0,40.0,49.0,-4.24,0.0,58.0,70.0,0.0,30.0,4.0,0.0,16.0,0.0,0.0,0.0,0.0,0.0,0.0,0.0,0.0,0.0,-0.0,-0.0,0.0
12,2016-487-lorenz larkin--neil magny,2016,0,187,359,Neil Magny,lorenz larkin,170,185,0,-15.0,1625.1526814380686,1500.0,125.15268143806861,0,46.0,51.0,-2.47,39.0,55.0,30.4,8.7,60.9,13.0,0.0,35.0,0.0,0.0,80.0,50.0,25.0,25.0,0.0,2.0,0.904,7.25,7.25,1.8
12,2016-488-marcin tybura--timothy johnson,2016,0,378,467,timothy johnson,Marcin Tybura,185,265,0,-80.0,1500.0,1500.0,0.0,1,-48.0,-55.0,3.33,-33.0,-75.0,-35.8,-7.1,-57.1,-8.0,0.0,-23.0,0.0,0.0,0.0,0.0,0.0,0.0,0.0,0.0,0.0,-0.0,-0.0,0.0
12,2016-489-marcin tybura--viktor pesta,2016,0,326,467,viktor pesta,Marcin Tybura,185,265,0,-80.0,1500.0,1484.0,16.0,0,-48.0,-55.0,3.33,-33.0,-75.0,-35.8,-7.1,-57.1,-8.0,0.0,-23.0,0.0,0.0,0.0,0.0,0.0,0.0,0.0,0.0,0.0,-0.0,-0.0,0.0
12,2016-490-matt dwyer--randy brown,2016,0,394,468,Randy Brown,matt dwyer,170,185,0,-15.0,1505.9935241403673,1500.0,5.993524140367299,1,47.0,54.0,-3.26,39.0,73.0,28.6,21.4,50.0,0.0,0.0,20.0,0.0,0.0,0.0,0.0,0.0,0.0,0.0,0.0,0.0,-0.0,-0.0,0.0
12,2016-491-matt schnell--rob font,2016,0,260,469,Rob Font,Matt Schnell,135,125,0,10.0,1483.2012255866136,1500.0,-16.798774413386354,1,6.0,2.0,0.5,-6.0,-1.0,50.0,-34.599999999999994,-15.399999999999999,5.0,0.0,5.0,0.0,0.0,100.0,100.0,100.0,0.0,0.0,1.0,1.0,-0.0,-0.0,0.0
12,2016-492-matthew lopez--rani yahya,2016,0,17,470,Rani Yahya,matthew lopez,135,185,0,-50.0,1498.7099347185801,1500.0,-1.2900652814198565,1,38.0,50.0,-2.08,30.0,29.0,0.0,64.7,35.3,0.0,0.0,27.0,0.0,0.0,80.0,25.0,0.0,25.0,0.0,4.0,0.9743999999999999,-0.0,-0.0,0.6
12,2016-493-max holloway--ricardo lamas,2016,0,99,137,ricardo lamas,Max Holloway,185,145,0,40.0,1500.0,1714.1549910998249,-214.15499109982488,0,-48.0,-59.0,4.74,-53.0,-83.0,-47.8,-8.7,-43.5,-15.0,-5.0,-31.0,0.0,0.0,-100.0,-60.0,-40.0,-20.0,0.0,-5.0,-1.0,-11.75,-11.75,-0.5333333333333334
12,2016-494-michael graves--randy brown,2016,0,362,394,michael graves,Randy Brown,185,170,0,15.0,1500.0,1515.3529889006643,-15.352988900664286,1,-47.0,-54.0,3.26,-39.0,-73.0,-28.6,-21.4,-50.0,0.0,0.0,-20.0,0.0,0.0,0.0,0.0,0.0,0.0,0.0,0.0,0.0,-0.0,-0.0,0.0
12,2016-495-michinori tanaka--rani yahya,2016,0,17,471,Rani Yahya,michinori tanaka,135,185,0,-50.0,1504.71550435252,1500.0,4.715504352519929,1,38.0,50.0,-2.08,30.0,29.0,0.0,64.7,35.3,0.0,0.0,27.0,0.0,0.0,80.0,25.0,0.0,25.0,0.0,4.0,0.9743999999999999,-0.0,-0.0,0.6
12,2016-496-mickey gall--mike jackson,2016,0,403,472,Mickey Gall,mike jackson,170,185,0,-15.0,1503.0,1500.0,3.0,1,49.0,49.0,-4.72,32.0,37.0,0.0,83.3,16.7,0.0,0.0,13.0,0.0,0.0,0.0,0.0,0.0,0.0,0.0,0.0,0.0,-0.0,-0.0,0.0
12,2016-497-mickey gall--sage northcutt,2016,0,403,473,Mickey Gall,sage northcutt,170,185,0,-15.0,1505.9935241403673,1500.0,5.993524140367299,1,49.0,49.0,-4.72,32.0,37.0,0.0,83.3,16.7,0.0,0.0,13.0,0.0,0.0,0.0,0.0,0.0,0.0,0.0,0.0,0.0,-0.0,-0.0,0.0
12,2016-498-misha cirkunov--nikita krylov,2016,0,201,451,Nikita Krylov,misha cirkunov,205,185,0,20.0,1547.4064543465236,1500.0,47.40645434652356,0,54.0,44.0,-2.58,38.0,53.0,36.29999999999999,45.5,18.2,7.0,0.0,20.0,0.0,0.0,80.0,100.0,50.0,50.0,0.0,3.0,0.9616,-0.0,-0.0,0.0
12,2016-499-nicolas dalby--peter sobotta,2016,0,330,474,Nicolas Dalby,peter sobotta,170,185,0,-15.0,1505.25,1500.0,5.25,0,43.0,52.0,-3.69,27.0,58.0,14.3,0.0,85.7,0.0,0.0,13.0,0.0,0.0,100.0,0.0,0.0,0.0,0.0,1.0,1.0,-0.0,-0.0,1.0
12,2016-500-nicolas dalby--zak cummings,2016,0,263,330,zak cummings,Nicolas Dalby,185,170,0,15.0,1500.0,1474.132900873709,25.867099126290896,1,-43.0,-52.0,3.69,-27.0,-58.0,-14.3,0.0,-85.7,0.0,0.0,-13.0,0.0,0.0,-100.0,0.0,0.0,0.0,0.0,-1.0,-1.0,-0.0,-0.0,-1.0
12,2016-501-pedro munhoz--russell doane,2016,0,281,475,Pedro Munhoz,russell doane,135,185,0,-50.0,1505.1816876751386,1500.0,5.181687675138619,1,41.0,55.0,-6.29,16.0,82.0,30.0,30.0,40.0,8.0,0.0,20.0,0.0,0.0,33.333333333333336,100.0,100.0,0.0,0.0,-2.0,0.16000000000000003,17.0,17.0,-2.0
12,2016-502-rafael dos anjos--tony ferguson,2016,0,34,154,Rafael Dos Anjos,tony ferguson,170,185,0,-15.0,1742.40995520778,1500.0,242.40995520778006,0,47.0,60.0,-3.23,35.0,54.0,19.099999999999994,23.8,57.1,13.0,2.0,36.0,0.0,0.0,80.0,75.0,75.0,0.0,2.0,2.0,0.904,14.2,16.25,1.5333333333333332
12,2016-503-rafael natal--robert whittaker,2016,0,121,476,Robert Whittaker,rafael natal,185,185,1,0.0,1572.4405460882724,1500.0,72.44054608827241,1,43.0,59.0,-3.36,38.0,82.0,35.3,0.0,64.7,12.0,2.0,24.0,0.0,0.0,80.0,50.0,50.0,0.0,0.0,2.0,0.904,8.0,8.0,1.0
12,2016-504-renato moicano--zubaira tukhugov,2016,0,249,291,zubaira tukhugov,Renato Moicano,185,155,0,30.0,1500.0,1501.6875,-1.6875,0,-48.0,-59.0,3.57,-41.0,-62.0,-16.7,-50.0,-33.3,-7.0,0.0,-19.0,0.0,0.0,-100.0,-100.0,0.0,-100.0,0.0,-1.0,-1.0,-0.0,-0.0,0.0
12,2016-505-rory macdonald--stephen thompson,2016,0,131,477,Stephen Thompson,rory macdonald,170,185,0,-15.0,1611.2219743733199,1500.0,111.22197437331988,1,46.0,54.0,-3.0,35.0,63.0,50.0,0.0,50.0,7.0,0.0,22.0,0.0,0.0,100.0,60.0,60.0,0.0,0.0,5.0,1.0,11.0,11.0,0.22222222222222232
12,2016-506-sabah homasi--tim means,2016,0,119,478,Tim Means,sabah homasi,170,185,0,-15.0,1495.7752795637316,1500.0,-4.224720436268399,1,49.0,60.0,-3.65,40.0,64.0,40.0,13.3,46.7,0.0,0.0,29.0,0.0,0.0,60.0,100.0,66.66666666666667,33.333333333333336,0.0,2.0,0.8784,15.0,15.0,-0.33333333333333337
12,2016-507-santiago ponzinibbio--zak cummings,2016,0,203,263,Santiago Ponzinibbio,zak cummings,170,185,0,-15.0,1504.4607269452936,1500.0,4.4607269452935725,1,41.0,61.0,-4.68,27.0,71.0,58.3,0.0,41.7,3.0,0.0,20.0,0.0,0.0,60.0,66.66666666666667,66.66666666666667,0.0,0.0,1.0,0.7343999999999999,-0.0,-0.0,1.5
12,2016-508-sean strickland--tom breese,2016,0,276,479,Sean Strickland,tom breese,185,185,1,0.0,1507.2302862101028,1500.0,7.230286210102804,1,42.0,60.0,-4.57,64.0,76.0,25.0,6.2,68.8,6.0,1.0,23.0,0.0,0.0,75.0,33.333333333333336,0.0,33.333333333333336,0.0,-1.0,0.4,-0.0,-0.0,0.7777777777777777
12,2017-509-adrian diaz--grant dawson,2017,0,480,481,Grant Dawson,adrian diaz,155,185,0,-30.0,1500.0,1500.0,0.0,1,52.0,44.0,-2.11,40.0,57.0,16.59999999999999,41.7,41.7,1.0,0.0,14.0,0.0,0.0,0.0,0.0,0.0,0.0,0.0,0.0,0.0,-0.0,-0.0,0.0
12,2017-510-aiemann zahabi--reginaldo vieira,2017,0,482,483,Aiemann Zahabi,reginaldo vieira,135,185,0,-50.0,1500.0,1500.0,0.0,1,46.0,69.0,-4.13,14.0,83.0,28.6,0.0,71.4,1.0,0.0,9.0,0.0,0.0,0.0,0.0,0.0,0.0,0.0,0.0,0.0,-0.0,-0.0,0.0
12,2017-511-aiemann zahabi--ricardo ramos,2017,0,482,484,Aiemann Zahabi,Ricardo Ramos,135,145,0,-10.0,1511.3583333333333,1500.0,11.358333333333348,0,10.0,15.0,-0.07000000000000028,-43.0,13.0,3.6000000000000014,-12.5,8.900000000000006,1.0,0.0,-5.0,0.0,0.0,0.0,0.0,0.0,0.0,0.0,0.0,0.0,-0.0,-0.0,0.0
12,2017-512-alan jouban--gunnar nelson,2017,0,129,365,Gunnar Nelson,alan jouban,170,185,0,-15.0,1505.1373327988692,1500.0,5.137332798869238,1,61.0,48.0,-3.06,52.0,68.0,0.0,80.0,20.0,5.0,0.0,16.0,0.0,0.0,80.0,100.0,0.0,100.0,0.0,2.0,0.904,8.2,8.25,-2.111111111111111
12,2017-513-alan jouban--niko price,2017,0,365,393,alan jouban,Niko Price,185,170,0,15.0,1500.0,1502.25,-2.25,0,-43.0,-48.0,5.55,-28.0,-50.0,-50.0,-25.0,-25.0,0.0,0.0,-17.0,0.0,0.0,-100.0,-100.0,0.0,-100.0,0.0,-1.0,-1.0,-0.0,-0.0,0.0
12,2017-514-aleksandar rakic--francimar barroso,2017,0,438,485,francimar barroso,Aleksandar Rakic,185,205,0,-20.0,1500.0,1500.0,0.0,0,-50.0,-51.0,2.91,-23.0,-85.0,-33.3,0.0,-66.7,-3.0,0.0,-10.0,0.0,0.0,0.0,0.0,0.0,0.0,0.0,0.0,0.0,-0.0,-0.0,0.0
12,2017-515-aleksei oleinik--curtis blaydes,2017,0,405,486,Curtis Blaydes,aleksei oleinik,265,185,0,80.0,1490.9757155263778,1500.0,-9.024284473622174,1,50.0,58.0,-2.0,48.0,31.0,57.1,0.0,42.9,13.0,0.0,19.0,0.0,0.0,50.0,100.0,100.0,0.0,0.0,-1.0,0.4,-0.0,-0.0,0.0
12,2017-516-alex caceres--jason knight,2017,0,86,420,Alex Caceres,jason knight,145,185,0,-40.0,1498.1920647643715,1500.0,-1.8079352356285199,0,49.0,62.0,-3.09,68.0,64.0,12.5,25.0,62.5,1.0,0.0,29.0,0.0,0.0,60.0,33.333333333333336,0.0,33.333333333333336,0.0,2.0,0.8655999999999999,11.0,8.0,0.6
12,2017-517-alex caceres--rolando dy,2017,0,86,487,Alex Caceres,rolando dy,145,185,0,-40.0,1477.5938958729455,1500.0,-22.406104127054505,1,49.0,62.0,-3.09,68.0,64.0,12.5,25.0,62.5,1.0,0.0,29.0,0.0,0.0,60.0,33.333333333333336,0.0,33.333333333333336,0.0,2.0,0.8655999999999999,11.0,8.0,0.6
12,2017-518-alex caceres--wang guan,2017,0,86,488,Alex Caceres,wang guan,145,185,0,-40.0,1481.78530909131,1500.0,-18.214690908690045,0,49.0,62.0,-3.09,68.0,64.0,12.5,25.0,62.5,1.0,0.0,29.0,0.0,0.0,60.0,33.333333333333336,0.0,33.333333333333336,0.0,2.0,0.8655999999999999,11.0,8.0,0.6
12,2017-519-alex garcia--muslim salikhov,2017,0,211,489,alex garcia,Muslim Salikhov,185,170,0,15.0,1500.0,1500.0,0.0,1,-49.0,-62.0,2.92,-32.0,-72.0,-55.6,0.0,-44.4,0.0,0.0,-13.0,0.0,0.0,0.0,0.0,0.0,0.0,0.0,0.0,0.0,-0.0,-0.0,0.0
12,2017-520-alex garcia--tim means,2017,0,119,211,Tim Means,alex garcia,170,185,0,-15.0,1499.0882991798244,1500.0,-0.9117008201756107,1,49.0,60.0,-3.65,40.0,64.0,40.0,13.3,46.7,0.0,0.0,29.0,0.0,0.0,80.0,100.0,75.0,25.0,0.0,3.0,0.9616,15.0,15.0,-0.33333333333333337
12,2017-521-alex morono--keita nakamura,2017,0,354,371,keita nakamura,Alex Morono,185,170,0,15.0,1500.0,1513.1098544191664,-13.109854419166368,1,-40.0,-56.0,4.78,-24.0,-47.0,-15.4,-15.4,-69.2,-1.0,0.0,-22.0,0.0,0.0,-100.0,0.0,0.0,0.0,0.0,-2.0,-1.0,-0.0,-0.0,-1.3333333333333335
12,2017-522-alex nicholson--jack hermansson,2017,0,398,490,Jack Hermansson,alex nicholson,185,185,1,0.0,1499.262181331866,1500.0,-0.7378186681339685,1,45.0,57.0,-3.7,29.0,80.0,27.200000000000006,27.3,45.5,5.0,0.0,18.0,0.0,0.0,50.0,0.0,0.0,0.0,0.0,1.0,0.6,-0.0,-0.0,2.3333333333333335
12,2017-523-alex oliveira--tim means,2017,0,119,300,Tim Means,alex oliveira,170,185,0,-15.0,1507.1185637400722,1500.0,7.118563740072204,0,49.0,60.0,-3.65,40.0,64.0,40.0,13.3,46.7,0.0,0.0,29.0,0.0,0.0,80.0,100.0,75.0,25.0,0.0,3.0,0.9616,15.0,15.0,-0.33333333333333337
12,2017-524-alex perez--carls john de tomas,2017,0,491,492,Alex Perez,carls john de tomas,125,185,0,-60.0,1500.0,1500.0,0.0,1,46.0,58.0,-3.2,46.0,77.0,37.5,37.5,25.0,4.0,0.0,13.0,0.0,0.0,0.0,0.0,0.0,0.0,0.0,0.0,0.0,-0.0,-0.0,0.0
12,2017-525-alex perez--kevin gray,2017,0,491,493,Alex Perez,kevin gray,125,185,0,-60.0,1504.125,1500.0,4.125,1,46.0,58.0,-3.2,46.0,77.0,37.5,37.5,25.0,4.0,0.0,13.0,0.0,0.0,0.0,0.0,0.0,0.0,0.0,0.0,0.0,-0.0,-0.0,0.0
12,2017-526-alex reyes--mike perry,2017,0,494,495,mike perry,Alex Reyes,185,155,0,30.0,1500.0,1500.0,0.0,1,-46.0,-48.0,6.92,-28.0,0.0,-100.0,0.0,0.0,0.0,0.0,-3.0,0.0,0.0,0.0,0.0,0.0,0.0,0.0,0.0,0.0,-0.0,-0.0,0.0
12,2017-527-alexander volkanovski--mizuto hirota,2017,0,196,375,mizuto hirota,Alexander Volkanovski,185,145,0,40.0,1500.0,1502.25,-2.25,0,-56.0,-58.0,3.36,-34.0,-70.0,-35.7,0.0,-64.3,-9.0,-7.0,-17.0,0.0,0.0,-100.0,-100.0,-100.0,0.0,0.0,-1.0,-1.0,-0.0,-0.0,0.0
12,2017-528-alexander volkanovski--shane young,2017,0,375,496,Alexander Volkanovski,shane young,145,185,0,-40.0,1520.2458178402424,1500.0,20.245817840242353,1,56.0,58.0,-3.36,34.0,70.0,35.7,0.0,64.3,9.0,7.0,17.0,0.0,0.0,100.0,100.0,100.0,0.0,0.0,1.0,1.0,-0.0,-0.0,0.0
12,2017-529-alexander volkov--roy nelson,2017,0,377,428,Alexander Volkov,roy nelson,265,185,0,80.0,1512.55,1500.0,12.549999999999955,1,57.0,54.0,-2.99,66.0,72.0,50.0,8.3,41.7,12.0,0.0,17.0,0.0,0.0,100.0,0.0,0.0,0.0,0.0,1.0,1.0,6.0,6.0,1.6666666666666667
12,2017-530-alexander volkov--stefan struve,2017,0,377,497,Alexander Volkov,stefan struve,265,185,0,80.0,1551.995699157953,1500.0,51.99569915795291,1,57.0,54.0,-2.99,66.0,72.0,50.0,8.3,41.7,12.0,0.0,17.0,0.0,0.0,100.0,0.0,0.0,0.0,0.0,1.0,1.0,6.0,6.0,1.6666666666666667
12,2017-531-alexandre pantoja--eric shelton,2017,0,498,499,Alexandre Pantoja,eric shelton,125,185,0,-60.0,1500.0,1500.0,0.0,1,50.0,49.0,-3.88,47.0,69.0,14.200000000000006,42.9,42.9,11.0,5.0,17.0,0.0,0.0,0.0,0.0,0.0,0.0,0.0,0.0,0.0,-0.0,-0.0,0.0
12,2017-532-alexandre pantoja--neil seery,2017,0,498,500,Alexandre Pantoja,neil seery,125,185,0,-60.0,1507.75,1500.0,7.75,1,50.0,49.0,-3.88,47.0,69.0,14.200000000000006,42.9,42.9,11.0,5.0,17.0,0.0,0.0,0.0,0.0,0.0,0.0,0.0,0.0,0.0,-0.0,-0.0,0.0
12,2017-533-alfred khashakyan--sean omalley,2017,0,501,502,Sean O'Malley,alfred khashakyan,135,185,0,-50.0,1500.0,1500.0,0.0,1,61.0,60.0,-3.48,42.0,61.0,63.6,0.0,36.4,2.0,2.0,14.0,0.0,0.0,0.0,0.0,0.0,0.0,0.0,0.0,0.0,-0.0,-0.0,0.0
12,2017-534-aljamain sterling--augusto mendes,2017,0,212,388,Aljamain Sterling,augusto mendes,145,185,0,-40.0,1540.8241072265782,1500.0,40.824107226578235,1,52.0,59.0,-2.21,30.0,44.0,11.8,23.5,58.8,13.0,4.0,22.0,0.0,0.0,80.0,75.0,25.0,50.0,0.0,-1.0,0.4,12.0,12.0,0.0
12,2017-535-aljamain sterling--marlon moraes,2017,0,212,503,Aljamain Sterling,marlon moraes,145,185,0,-40.0,1580.9164597702827,1500.0,80.9164597702827,0,52.0,59.0,-2.21,30.0,44.0,11.8,23.5,58.8,13.0,4.0,22.0,0.0,0.0,80.0,75.0,25.0,50.0,0.0,-1.0,0.4,12.0,12.0,0.0
12,2017-536-aljamain sterling--raphael assuncao,2017,0,212,290,Aljamain Sterling,raphael assuncao,145,185,0,-40.0,1570.2010463025044,1500.0,70.20104630250444,0,52.0,59.0,-2.21,30.0,44.0,11.8,23.5,58.8,13.0,4.0,22.0,0.0,0.0,80.0,75.0,25.0,50.0,0.0,-1.0,0.4,12.0,12.0,0.0
12,2017-537-aljamain sterling--renan barao,2017,0,212,454,Aljamain Sterling,renan barao,145,185,0,-40.0,1559.9613829177028,1500.0,59.96138291770285,1,52.0,59.0,-2.21,30.0,44.0,11.8,23.5,58.8,13.0,4.0,22.0,0.0,0.0,80.0,75.0,25.0,50.0,0.0,-1.0,0.4,12.0,12.0,0.0
12,2017-538-alonzo menifield--daniel jolly,2017,0,504,505,Alonzo Menifield,daniel jolly,205,185,0,20.0,1500.0,1500.0,0.0,1,53.0,50.0,-3.76,31.0,78.0,50.0,16.7,33.3,4.0,0.0,18.0,0.0,0.0,0.0,0.0,0.0,0.0,0.0,0.0,0.0,-0.0,-0.0,0.0
12,2017-539-andre fili--artem lobov,2017,0,159,307,Andre Fili,artem lobov,145,185,0,-40.0,1494.983866274141,1500.0,-5.016133725858936,1,37.0,51.0,-4.23,45.0,71.0,30.8,0.0,69.2,2.0,0.0,24.0,0.0,0.0,40.0,50.0,50.0,0.0,0.0,-1.0,0.2784,8.0,8.0,1.0
12,2017-540-andre fili--calvin kattar,2017,0,159,506,Andre Fili,Calvin Kattar,145,145,1,0.0,1513.073921159482,1500.0,13.073921159482097,0,0.0,-3.0,2.3199999999999994,16.0,-6.0,-26.3,0.0,26.300000000000004,-2.0,0.0,9.0,0.0,0.0,40.0,50.0,50.0,0.0,0.0,-1.0,0.2784,8.0,8.0,1.0
12,2017-541-andrei arlovski--marcin tybura,2017,0,467,507,Marcin Tybura,andrei arlovski,265,185,0,80.0,1490.2758857857098,1500.0,-9.724114214290239,1,48.0,55.0,-3.33,33.0,75.0,35.8,7.1,57.1,8.0,0.0,23.0,0.0,0.0,50.0,100.0,100.0,0.0,0.0,-1.0,0.4,-0.0,-0.0,-1.0
12,2017-542-anthony pettis--jim miller,2017,0,30,90,Jim Miller,anthony pettis,155,185,0,-30.0,1520.0272463193107,1500.0,20.027246319310734,0,42.0,56.0,-3.44,45.0,48.0,22.299999999999994,48.1,29.6,2.0,0.0,45.0,0.0,0.0,60.0,33.333333333333336,33.333333333333336,0.0,0.0,-1.0,0.3744,9.8,8.0,0.6
12,2017-543-anton berzin--kennedy nzechukwu,2017,0,508,509,Kennedy Nzechukwu,anton berzin,265,185,0,80.0,1500.0,1500.0,0.0,1,46.0,51.0,-4.89,45.0,80.0,70.0,10.0,20.0,0.0,0.0,16.0,0.0,0.0,0.0,0.0,0.0,0.0,0.0,0.0,0.0,-0.0,-0.0,0.0
12,2017-544-arnold allen--makwan amirkhani,2017,0,297,510,Arnold Allen,makwan amirkhani,145,185,0,-40.0,1514.5666151256105,1500.0,14.566615125610497,1,41.0,61.0,-2.88,47.0,75.0,18.2,18.2,63.6,4.0,0.0,13.0,0.0,0.0,100.0,50.0,0.0,50.0,0.0,2.0,1.0,-0.0,-0.0,3.0
12,2017-545-artem lobov--cub swanson,2017,0,18,307,Cub Swanson,artem lobov,145,185,0,-40.0,1590.399108307185,1500.0,90.39910830718509,1,51.0,59.0,-4.0,50.0,63.0,35.0,10.0,55.0,7.0,0.0,33.0,0.0,0.0,80.0,0.0,0.0,0.0,0.0,3.0,0.9616,12.8,9.0,2.066666666666667
12,2017-546-belal muhammad--jordan mein,2017,0,366,511,Belal Muhammad,jordan mein,170,185,0,-15.0,1477.8423051534369,1500.0,-22.157694846563118,1,43.0,55.0,-3.78,38.0,90.0,13.3,6.7,80.0,6.0,1.0,19.0,0.0,0.0,33.333333333333336,100.0,100.0,0.0,0.0,-1.0,0.24,-0.0,-0.0,-1.3333333333333333
12,2017-547-belal muhammad--randy brown,2017,0,366,394,Belal Muhammad,Randy Brown,170,170,1,0.0,1489.3814877155182,1500.1405396683958,-10.759051952877599,1,-4.0,1.0,-0.52,-1.0,17.0,-15.3,-14.7,30.0,6.0,1.0,-1.0,0.0,0.0,-41.666666666666664,33.33333333333333,66.66666666666666,-33.333333333333336,0.0,-2.0,-0.52,-0.0,-0.0,-2.333333333333333
12,2017-548-belal muhammad--tim means,2017,0,119,366,Tim Means,Belal Muhammad,170,170,1,0.0,1486.387932767068,1504.1868573993286,-17.79892463226065,0,6.0,5.0,0.1299999999999999,2.0,-26.0,26.7,6.6000000000000005,-33.3,-6.0,-1.0,10.0,0.0,0.0,46.666666666666664,0.0,-25.0,25.0,0.0,4.0,0.7216,15.0,15.0,0.9999999999999999
12,2017-549-ben nguyen--tim elliott,2017,0,140,512,Tim Elliott,ben nguyen,125,185,0,-60.0,1484.5836765731297,1500.0,-15.416323426870349,0,44.0,57.0,-2.65,47.0,59.0,0.0,30.0,70.0,9.0,0.0,21.0,0.0,0.0,20.0,0.0,0.0,0.0,1.0,-3.0,0.038400000000000004,13.5,13.5,-0.6666666666666667
12,2017-550-ben saunders--court mcgee,2017,0,67,513,Court McGee,ben saunders,170,185,0,-15.0,1504.6608673478672,1500.0,4.6608673478672245,0,36.0,60.0,-3.65,24.0,70.0,0.0,27.3,72.7,0.0,1.0,24.0,0.0,0.0,80.0,0.0,0.0,0.0,0.0,-1.0,0.4,-0.0,-0.0,1.5333333333333334
12,2017-551-beneil dariush--edson barboza,2017,0,72,219,Edson Barboza,Beneil Dariush,155,155,1,0.0,1598.3105122104394,1566.82851482142,31.481997389019398,1,-5.0,-2.0,-1.9899999999999998,12.0,-9.0,32.300000000000004,-29.4,-2.8999999999999986,2.0,0.0,7.0,0.0,0.0,-20.0,-50.0,-25.0,-25.0,0.0,3.0,0.47839999999999994,1.799999999999999,5.75,-0.7000000000000002
12,2017-552-bharat kandare--song yadong,2017,0,514,515,Song Yadong,bharat kandare,135,185,0,-50.0,1500.0,1500.0,0.0,1,43.0,55.0,-4.0,38.0,73.0,45.400000000000006,9.1,45.5,7.0,0.0,15.0,0.0,0.0,0.0,0.0,0.0,0.0,0.0,0.0,0.0,-0.0,-0.0,0.0
12,2017-553-bj penn--yair rodriguez,2017,0,92,273,bj penn,Yair Rodriguez,185,145,0,40.0,1500.0,1547.3111218087806,-47.31112180878063,0,-46.0,-52.0,3.78,-29.0,-59.0,-36.4,-9.1,-54.5,-7.0,-2.0,-15.0,0.0,0.0,-100.0,-20.0,-20.0,0.0,-1.0,-5.0,-1.0,-7.0,-7.0,-1.5
12,2017-554-bobby nash--li jingliang,2017,0,241,516,Li Jingliang,bobby nash,170,185,0,-15.0,1492.1155843816355,1500.0,-7.884415618364528,1,42.0,56.0,-3.95,41.0,60.0,72.7,0.0,27.3,2.0,0.0,18.0,0.0,0.0,60.0,66.66666666666667,66.66666666666667,0.0,0.0,2.0,0.8784,-0.0,-0.0,0.0
12,2017-555-bobby nash--song kenan,2017,0,516,517,bobby nash,Song Kenan,185,170,0,15.0,1500.0,1500.0,0.0,0,-46.0,-51.0,5.82,-30.0,-73.0,-50.0,0.0,-50.0,0.0,0.0,-11.0,0.0,0.0,0.0,0.0,0.0,0.0,0.0,0.0,0.0,-0.0,-0.0,0.0
12,2017-556-bojan velickovic--jake matthews,2017,0,239,518,Jake Matthews,bojan velickovic,170,185,0,-15.0,1477.3240880530152,1500.0,-22.675911946984797,1,43.0,60.0,-2.63,42.0,67.0,13.3,40.0,46.7,0.0,0.0,22.0,0.0,0.0,40.0,100.0,50.0,50.0,0.0,1.0,0.6255999999999999,-0.0,-0.0,-1.0
12,2017-557-boston salmon--ricky turcios,2017,0,519,520,boston salmon,Ricky Turcios,185,135,0,50.0,1500.0,1500.0,0.0,1,-40.0,-52.0,3.72,-20.0,-44.0,0.0,0.0,-100.0,0.0,0.0,-6.0,0.0,0.0,0.0,0.0,0.0,0.0,0.0,0.0,0.0,-0.0,-0.0,0.0
12,2017-558-brad pickett--marlon vera,2017,0,280,521,Marlon Vera,brad pickett,135,185,0,-50.0,1479.0538425443865,1500.0,-20.946157455613502,1,49.0,50.0,-5.37,39.0,72.0,46.599999999999994,26.7,26.7,6.0,0.0,24.0,0.0,0.0,50.0,50.0,0.0,50.0,0.0,-1.0,0.336,-0.0,-0.0,-1.0
12,2017-559-brad scott--jack hermansson,2017,0,122,398,brad scott,Jack Hermansson,185,185,1,0.0,1500.0,1503.3893713043083,-3.38937130430827,0,-45.0,-57.0,3.7,-29.0,-80.0,-27.200000000000006,-27.3,-45.5,-5.0,0.0,-18.0,0.0,0.0,-50.0,0.0,0.0,0.0,0.0,-1.0,-0.6,-0.0,-0.0,-2.3333333333333335
12,2017-560-brad tavares--elias theodorou,2017,0,254,309,elias theodorou,brad tavares,185,185,1,0.0,1500.0,1518.0148471516784,-18.014847151678396,0,-43.0,-54.0,3.36,-26.0,-81.0,-12.5,0.0,-87.5,-6.0,0.0,-27.0,0.0,0.0,-60.0,0.0,0.0,0.0,0.0,-2.0,-0.8784,-6.0,-6.0,-0.8666666666666668
12,2017-561-brad tavares--thales leites,2017,0,309,685,brad tavares,thales leites,185,185,1,0.0,1525.9359144122136,1500.0,25.935914412213606,1,43.0,54.0,-3.36,26.0,81.0,12.5,0.0,87.5,6.0,0.0,27.0,0.0,0.0,60.0,0.0,0.0,0.0,0.0,2.0,0.8784,6.0,6.0,0.8666666666666668
12,2017-562-brandon moreno--dustin ortiz,2017,0,390,522,Brandon Moreno,dustin ortiz,125,185,0,-60.0,1537.925713747357,1500.0,37.925713747356895,1,44.0,60.0,-3.62,44.0,64.0,27.200000000000006,27.3,45.5,9.0,3.0,18.0,0.0,0.0,100.0,50.0,0.0,50.0,0.0,2.0,1.0,9.5,9.5,1.0
12,2017-563-brandon moreno--sergio pettis,2017,0,209,390,sergio pettis,Brandon Moreno,185,125,0,60.0,1500.0,1585.277636376472,-85.27763637647195,1,-44.0,-60.0,3.62,-44.0,-64.0,-27.200000000000006,-27.3,-45.5,-9.0,-3.0,-18.0,0.0,0.0,-100.0,-50.0,0.0,-50.0,0.0,-2.0,-1.0,-9.5,-9.5,-1.0
12,2017-564-brian kelleher--marlon vera,2017,0,280,523,Marlon Vera,brian kelleher,135,185,0,-50.0,1483.2409392136892,1500.0,-16.759060786310783,1,49.0,50.0,-5.37,39.0,72.0,46.599999999999994,26.7,26.7,6.0,0.0,24.0,0.0,0.0,50.0,50.0,0.0,50.0,0.0,-1.0,0.336,-0.0,-0.0,-1.0
12,2017-565-brian ortega--cub swanson,2017,0,18,311,Cub Swanson,Brian Ortega,145,145,1,0.0,1661.9511626184744,1521.3895988476388,140.56156377083562,0,14.0,10.0,2.38,25.0,9.0,-2.5,-40.0,42.5,1.0,0.0,20.0,0.0,0.0,-20.0,-100.0,-66.66666666666667,-33.333333333333336,0.0,0.0,-0.03839999999999999,4.8,1.0,2.066666666666667
12,2017-566-brian ortega--renato moicano,2017,0,291,311,Renato Moicano,Brian Ortega,155,145,0,10.0,1506.5092502173757,1608.1898549739467,-101.68060475657103,0,11.0,10.0,2.81,16.0,8.0,-20.8,0.0,20.799999999999997,1.0,0.0,6.0,0.0,0.0,0.0,-50.0,-66.66666666666667,16.666666666666664,0.0,-1.0,0.0,-8.0,-8.0,1.0
12,2017-567-bryan barberena--leon edwards,2017,0,228,396,Leon Edwards,bryan barberena,170,185,0,-15.0,1522.4740138988227,1500.0,22.474013898822705,1,54.0,53.0,-2.42,36.0,63.0,21.499999999999993,7.1,71.4,8.0,3.0,18.0,0.0,0.0,80.0,50.0,25.0,25.0,0.0,4.0,0.9743999999999999,6.0,6.0,0.8333333333333333
12,2017-568-carlos condit--neil magny,2017,0,123,187,carlos condit,Neil Magny,185,170,0,15.0,1500.0,1587.8585387045628,-87.85853870456276,0,-46.0,-51.0,2.47,-39.0,-55.0,-30.4,-8.7,-60.9,-13.0,0.0,-35.0,0.0,0.0,-80.0,-75.0,-50.0,-25.0,0.0,-1.0,-0.76,-7.199999999999999,-9.75,-1.5333333333333334
12,2017-569-charles oliveira--paul felder,2017,0,63,329,Charles Oliveira,paul felder,155,185,0,-30.0,1525.4591199545712,1500.0,25.45911995457118,0,55.0,48.0,-3.26,39.0,56.0,17.4,69.6,13.0,13.0,2.0,34.0,0.0,0.0,40.0,100.0,0.0,100.0,0.0,-2.0,0.12160000000000003,12.8,13.2,-0.33333333333333337
12,2017-570-charles oliveira--will brooks,2017,0,63,524,Charles Oliveira,will brooks,155,185,0,-30.0,1487.6552302697564,1500.0,-12.34476973024357,1,55.0,48.0,-3.26,39.0,56.0,17.4,69.6,13.0,13.0,2.0,34.0,0.0,0.0,40.0,100.0,0.0,100.0,0.0,-2.0,0.12160000000000003,12.8,13.2,-0.33333333333333337
12,2017-571-chase waldon--geoff neal,2017,0,525,526,Geoff Neal,chase waldon,170,185,0,-15.0,1500.0,1500.0,0.0,1,51.0,57.0,-5.48,45.0,87.0,66.7,11.1,22.2,4.0,0.0,14.0,0.0,0.0,0.0,0.0,0.0,0.0,0.0,0.0,0.0,-0.0,-0.0,0.0
12,2017-572-cheyden leialoha--john castaneda,2017,0,527,528,John Castaneda,cheyden leialoha,135,185,0,-50.0,1500.0,1500.0,0.0,1,50.0,53.0,-4.94,37.0,73.0,20.0,20.0,60.0,0.0,0.0,9.0,0.0,0.0,0.0,0.0,0.0,0.0,0.0,0.0,0.0,-0.0,-0.0,0.0
12,2017-573-chris weidman--kelvin gastelum,2017,0,163,529,Kelvin Gastelum,chris weidman,185,185,1,0.0,1602.0016650319367,1500.0,102.00166503193668,0,42.0,57.0,-3.49,34.0,58.0,23.1,15.4,61.5,9.0,1.0,23.0,0.0,0.0,60.0,66.66666666666667,66.66666666666667,0.0,0.0,2.0,0.8784,11.0,11.6,0.4666666666666667
12,2017-574-cody garbrandt--tj dillashaw,2017,1,317,530,Cody Garbrandt,tj dillashaw,135,185,0,-50.0,1657.8386114176103,1500.0,157.8386114176103,0,39.0,59.0,-3.64,27.0,83.0,66.7,0.0,33.3,3.0,1.0,16.0,0.0,0.0,100.0,80.0,80.0,0.0,1.0,5.0,1.0,11.0,11.0,2.3333333333333335
12,2017-575-colby covington--demian maia,2017,0,221,323,Colby Covington,demian maia,170,185,0,-15.0,1522.47612635946,1500.0,22.476126359460068,1,38.0,54.0,-3.09,42.0,68.0,25.0,16.7,58.3,6.0,1.0,17.0,0.0,0.0,80.0,50.0,25.0,25.0,0.0,4.0,0.9743999999999999,-0.0,-0.0,2.666666666666667
12,2017-576-colby covington--dong hyun kim,2017,0,221,531,Colby Covington,dong hyun kim,170,185,0,-15.0,1597.9472330436367,1500.0,97.94723304363674,1,38.0,54.0,-3.09,42.0,68.0,25.0,16.7,58.3,6.0,1.0,17.0,0.0,0.0,80.0,50.0,25.0,25.0,0.0,4.0,0.9743999999999999,-0.0,-0.0,2.666666666666667
12,2017-577-court mcgee--sean strickland,2017,0,67,276,Court McGee,Sean Strickland,170,185,0,-15.0,1484.4683769029998,1510.6454049018666,-26.177027998866834,0,-6.0,0.0,0.9200000000000004,-40.0,-6.0,-25.0,21.1,3.9000000000000057,-6.0,0.0,1.0,0.0,0.0,0.0,-50.0,-25.0,-25.0,0.0,-3.0,-0.504,-0.0,-0.0,0.7000000000000002
12,2017-578-curtis blaydes--daniel omielanczuk,2017,0,405,532,Curtis Blaydes,daniel omielanczuk,265,185,0,80.0,1535.8149356757365,1500.0,35.81493567573648,1,50.0,58.0,-2.0,48.0,31.0,57.1,0.0,42.9,13.0,0.0,19.0,0.0,0.0,50.0,100.0,100.0,0.0,0.0,-1.0,0.4,-0.0,-0.0,0.0
12,2017-579-damian stasiak--pedro munhoz,2017,0,281,417,Pedro Munhoz,damian stasiak,135,185,0,-50.0,1506.127877199303,1500.0,6.1278771993029295,1,41.0,55.0,-6.29,16.0,82.0,30.0,30.0,40.0,8.0,0.0,20.0,0.0,0.0,60.0,100.0,33.333333333333336,66.66666666666667,0.0,2.0,0.8655999999999999,13.0,13.0,-2.0
12,2017-580-damir hadzovic--marcin held,2017,0,419,533,Damir Hadzovic,marcin held,155,185,0,-30.0,1488.75,1500.0,-11.25,1,47.0,59.0,-3.74,54.0,34.0,50.0,0.0,50.0,0.0,0.0,10.0,0.0,0.0,0.0,0.0,0.0,0.0,0.0,-1.0,0.0,-0.0,-0.0,0.0
12,2017-581-dan hooker--marc diakiese,2017,0,235,534,Dan Hooker,marc diakiese,155,185,0,-30.0,1465.3150122337574,1500.0,-34.68498776624256,1,48.0,51.0,-4.72,34.0,78.0,50.0,14.3,35.7,7.0,0.0,22.0,0.0,0.0,60.0,100.0,66.66666666666667,33.333333333333336,0.0,1.0,0.7216,-0.0,-0.0,-2.3333333333333335
12,2017-582-dan hooker--ross pearson,2017,0,104,235,ross pearson,Dan Hooker,185,155,0,30.0,1500.0,1469.5426227288765,30.457377271123505,0,-48.0,-51.0,4.72,-34.0,-78.0,-50.0,-14.3,-35.7,-7.0,0.0,-22.0,0.0,0.0,-60.0,-100.0,-66.66666666666667,-33.333333333333336,0.0,-1.0,-0.7216,-0.0,-0.0,2.3333333333333335
12,2017-583-dan ige--luis gomez,2017,0,535,536,Dan Ige,luis gomez,145,185,0,-40.0,1500.0,1500.0,0.0,1,45.0,56.0,-3.56,25.0,56.0,41.599999999999994,16.7,41.7,6.0,0.0,21.0,0.0,0.0,0.0,0.0,0.0,0.0,0.0,0.0,0.0,-0.0,-0.0,0.0
12,2017-584-daniel jolly--khalil rountree jr,2017,0,384,505,Khalil Rountree Jr.,daniel jolly,205,185,0,20.0,1463.2770280534587,1500.0,-36.72297194654129,1,40.0,49.0,-4.24,0.0,58.0,70.0,0.0,30.0,4.0,0.0,16.0,0.0,0.0,0.0,0.0,0.0,0.0,1.0,-2.0,0.0,-0.0,-0.0,-4.666666666666667
12,2017-585-darren elkins--dennis bermudez,2017,0,64,175,Darren Elkins,dennis bermudez,145,185,0,-40.0,1575.9280526129949,1500.0,75.92805261299486,1,38.0,51.0,-3.34,34.0,56.0,20.999999999999993,15.8,63.2,7.0,0.0,30.0,0.0,0.0,80.0,0.0,0.0,0.0,0.0,3.0,0.9616,9.8,8.0,1.8666666666666665
12,2017-586-darren elkins--mirsad bektic,2017,0,64,537,Darren Elkins,mirsad bektic,145,185,0,-40.0,1612.9252092642319,1500.0,112.92520926423185,1,38.0,51.0,-3.34,34.0,56.0,20.999999999999993,15.8,63.2,7.0,0.0,30.0,0.0,0.0,80.0,0.0,0.0,0.0,0.0,3.0,0.9616,9.8,8.0,1.8666666666666665
12,2017-587-david teymur--drakkar klose,2017,0,422,538,David Teymur,Drakkar Klose,185,155,0,30.0,1500.0,1500.0,0.0,1,-55.0,-49.0,3.65,-26.0,-69.0,-20.0,0.0,-80.0,0.0,0.0,-13.0,0.0,0.0,0.0,0.0,0.0,0.0,0.0,0.0,0.0,-0.0,-0.0,0.0
12,2017-588-deiveson figueiredo--jarred brooks,2017,0,539,540,Deiveson Figueiredo,jarred brooks,135,185,0,-50.0,1500.0,1500.0,0.0,1,54.0,49.0,-3.64,35.0,58.0,30.700000000000006,30.8,38.5,10.0,3.0,19.0,0.0,0.0,0.0,0.0,0.0,0.0,0.0,0.0,0.0,-0.0,-0.0,0.0
12,2017-589-deiveson figueiredo--marco beltran,2017,0,279,539,marco beltran,Deiveson Figueiredo,185,135,0,50.0,1500.0,1511.0833333333333,-11.083333333333258,0,-54.0,-49.0,3.64,-35.0,-58.0,-30.700000000000006,-30.8,-38.5,-10.0,-3.0,-19.0,0.0,0.0,0.0,0.0,0.0,0.0,0.0,0.0,0.0,-0.0,-0.0,0.0
12,2017-590-derrick lewis--mark hunt,2017,0,243,541,Derrick Lewis,mark hunt,265,185,0,80.0,1532.1090262438547,1500.0,32.109026243854714,0,50.0,40.0,-2.49,26.0,52.0,80.0,0.0,20.0,14.0,0.0,30.0,0.0,0.0,100.0,80.0,80.0,0.0,0.0,5.0,1.0,7.5,7.5,1.0
12,2017-591-derrick lewis--travis browne,2017,0,243,542,Derrick Lewis,travis browne,265,185,0,80.0,1521.7397977901005,1500.0,21.73979779010051,1,50.0,40.0,-2.49,26.0,52.0,80.0,0.0,20.0,14.0,0.0,30.0,0.0,0.0,100.0,80.0,80.0,0.0,0.0,5.0,1.0,7.5,7.5,1.0
12,2017-592-desmond green--josh emmett,2017,0,461,543,Josh Emmett,desmond green,145,185,0,-40.0,1510.622804393296,1500.0,10.622804393296065,0,35.0,60.0,-4.46,37.0,46.0,40.0,0.0,60.0,7.0,0.0,15.0,0.0,0.0,100.0,0.0,0.0,0.0,0.0,2.0,1.0,-0.0,-0.0,1.0
12,2017-593-devin clark--jan blachowicz,2017,0,265,544,Jan Blachowicz,devin clark,205,185,0,20.0,1460.720071246385,1500.0,-39.27992875361497,1,49.0,52.0,-3.03,48.0,69.0,41.599999999999994,16.7,41.7,7.0,2.0,21.0,0.0,0.0,40.0,50.0,50.0,0.0,0.0,1.0,0.6255999999999999,12.333333333333332,12.333333333333332,-2.1666666666666665
12,2017-594-devin powell--drakkar klose,2017,0,538,545,Drakkar Klose,devin powell,155,185,0,-30.0,1473.2083333333333,1500.0,-26.791666666666742,1,55.0,49.0,-3.65,26.0,69.0,20.0,0.0,80.0,0.0,0.0,13.0,0.0,0.0,0.0,0.0,0.0,0.0,0.0,0.0,0.0,-0.0,-0.0,0.0
12,2017-595-dominick reyes--jeremy kimball,2017,0,546,547,Dominick Reyes,jeremy kimball,205,185,0,20.0,1500.0,1500.0,0.0,1,54.0,50.0,-3.54,28.0,82.0,66.7,11.1,22.2,6.0,0.0,13.0,0.0,0.0,0.0,0.0,0.0,0.0,0.0,0.0,0.0,-0.0,-0.0,0.0
12,2017-596-dominick reyes--joachim christensen,2017,0,546,548,Dominick Reyes,joachim christensen,205,185,0,20.0,1504.125,1500.0,4.125,1,54.0,50.0,-3.54,28.0,82.0,66.7,11.1,22.2,6.0,0.0,13.0,0.0,0.0,0.0,0.0,0.0,0.0,0.0,0.0,0.0,-0.0,-0.0,0.0
12,2017-597-donavon frelow--ricky simon,2017,0,549,550,Ricky Simon,donavon frelow,135,185,0,-50.0,1500.0,1500.0,0.0,1,44.0,61.0,-3.72,43.0,75.0,18.2,27.3,54.5,3.0,0.0,16.0,0.0,0.0,0.0,0.0,0.0,0.0,0.0,0.0,0.0,-0.0,-0.0,0.0
12,2017-598-douglas silva de andrade--rob font,2017,0,250,260,Douglas Silva de Andrade,Rob Font,135,135,1,0.0,1498.6038920472586,1489.6780953180262,8.925796729232388,0,-8.0,0.0,-0.26000000000000023,8.0,30.0,-21.4,6.0,15.399999999999999,-9.0,0.0,-6.0,0.0,0.0,-8.333333333333329,-50.0,-50.0,0.0,0.0,1.0,0.07999999999999996,-8.0,-8.0,2.333333333333333
12,2017-599-drakkar klose--marc diakiese,2017,0,534,538,marc diakiese,Drakkar Klose,185,155,0,30.0,1500.0,1491.580134926772,8.419865073228038,0,-55.0,-49.0,3.65,-26.0,-69.0,-20.0,0.0,-80.0,0.0,0.0,-13.0,0.0,0.0,0.0,0.0,0.0,0.0,0.0,0.0,0.0,-0.0,-0.0,0.0
12,2017-600-drew dober--joshua burkman,2017,0,32,551,Drew Dober,joshua burkman,155,185,0,-30.0,1473.7735385632232,1500.0,-26.226461436776844,1,40.0,51.0,-4.33,17.0,56.0,71.5,7.1,21.4,1.0,0.0,25.0,0.0,0.0,40.0,50.0,50.0,0.0,0.0,2.0,0.84,-0.0,-0.0,-1.2222222222222223
12,2017-601-dustin poirier--jim miller,2017,0,30,136,Jim Miller,dustin poirier,155,185,0,-30.0,1498.0166900938991,1500.0,-1.9833099061008852,0,42.0,56.0,-3.44,45.0,48.0,22.299999999999994,48.1,29.6,2.0,0.0,45.0,0.0,0.0,60.0,33.333333333333336,33.333333333333336,0.0,0.0,-1.0,0.3744,9.8,8.0,0.6
12,2017-602-eddie alvarez--justin gaethje,2017,0,411,552,eddie alvarez,Justin Gaethje,185,155,0,30.0,1500.0,1500.0,0.0,1,-58.0,-51.0,7.18,-14.0,-68.0,-66.7,0.0,-33.3,-9.0,-1.0,-14.0,0.0,0.0,0.0,0.0,0.0,0.0,0.0,0.0,0.0,-0.0,-0.0,0.0
12,2017-603-edson barboza--khabib nurmagomedov,2017,0,72,272,Edson Barboza,khabib nurmagomedov,155,185,0,-30.0,1645.8858795966084,1500.0,145.88587959660845,0,44.0,55.0,-4.6,50.0,73.0,50.0,0.0,50.0,11.0,0.0,31.0,0.0,0.0,60.0,0.0,0.0,0.0,0.0,2.0,0.8784,10.6,13.0,1.1333333333333333
12,2017-604-elizeu zaleski dos santos--lyman good,2017,0,304,331,Lyman Good,Elizeu Zaleski dos Santos,185,170,0,15.0,1500.0,1499.2626602250175,0.7373397749825017,0,-41.0,-55.0,3.56,-20.0,-67.0,-36.4,-9.1,-54.5,-1.0,0.0,-18.0,0.0,0.0,-66.66666666666667,-50.0,-50.0,0.0,0.0,-2.0,-0.84,-0.0,-0.0,0.0
12,2017-605-elizeu zaleski dos santos--max griffin,2017,0,331,410,Elizeu Zaleski dos Santos,Max Griffin,170,170,1,0.0,1516.4384348009355,1491.2184024758758,25.22003232505972,1,-6.0,-3.0,0.14000000000000012,-20.0,-3.0,-1.1000000000000014,9.1,-8.0,1.0,0.0,0.0,0.0,0.0,16.66666666666667,-50.0,-50.0,0.0,0.0,3.0,0.43999999999999995,-0.0,-0.0,0.0
12,2017-606-eric spicely--gerald meerschaert,2017,0,439,553,Gerald Meerschaert,eric spicely,185,185,1,0.0,1502.25,1500.0,2.25,1,45.0,53.0,-3.49,30.0,42.0,8.3,91.7,0.0,0.0,0.0,24.0,0.0,0.0,100.0,100.0,0.0,100.0,0.0,1.0,1.0,-0.0,-0.0,0.0
12,2017-607-eryk anders--markus perez,2017,0,554,555,Eryk Anders,markus perez,185,185,1,0.0,1500.0,1500.0,0.0,1,48.0,50.0,-4.09,24.0,80.0,55.6,0.0,44.4,0.0,0.0,18.0,0.0,0.0,0.0,0.0,0.0,0.0,0.0,0.0,0.0,-0.0,-0.0,0.0
12,2017-608-eryk anders--rafael natal,2017,0,476,554,rafael natal,Eryk Anders,185,185,1,0.0,1500.0,1519.6916666666666,-19.691666666666606,0,-48.0,-50.0,4.09,-24.0,-80.0,-55.6,0.0,-44.4,0.0,0.0,-18.0,0.0,0.0,0.0,0.0,0.0,0.0,0.0,0.0,0.0,-0.0,-0.0,0.0
12,2017-609-fabricio werdum--marcin tybura,2017,0,467,556,Marcin Tybura,fabricio werdum,265,185,0,80.0,1533.543114433406,1500.0,33.54311443340589,0,48.0,55.0,-3.33,33.0,75.0,35.8,7.1,57.1,8.0,0.0,23.0,0.0,0.0,50.0,100.0,100.0,0.0,0.0,-1.0,0.4,-0.0,-0.0,-1.0
12,2017-610-felipe arantes--josh emmett,2017,0,215,461,felipe arantes,Josh Emmett,185,145,0,40.0,1500.0,1488.3707247741065,11.62927522589348,0,-35.0,-60.0,4.46,-37.0,-46.0,-40.0,0.0,-60.0,-7.0,0.0,-15.0,0.0,0.0,-100.0,0.0,0.0,0.0,0.0,-2.0,-1.0,-0.0,-0.0,-1.0
12,2017-611-francisco trinaldo--jim miller,2017,0,30,256,Jim Miller,francisco trinaldo,155,185,0,-30.0,1482.6113254133097,1500.0,-17.388674586690286,0,42.0,56.0,-3.44,45.0,48.0,22.299999999999994,48.1,29.6,2.0,0.0,45.0,0.0,0.0,60.0,33.333333333333336,33.333333333333336,0.0,0.0,-1.0,0.3744,9.8,8.0,0.6
12,2017-612-frank camacho--li jingliang,2017,0,241,557,Li Jingliang,frank camacho,170,185,0,-15.0,1496.2639826991904,1500.0,-3.7360173008096353,1,42.0,56.0,-3.95,41.0,60.0,72.7,0.0,27.3,2.0,0.0,18.0,0.0,0.0,60.0,66.66666666666667,66.66666666666667,0.0,0.0,2.0,0.8784,-0.0,-0.0,0.0
12,2017-613-frankie edgar--yair rodriguez,2017,0,165,273,frankie edgar,Yair Rodriguez,185,145,0,40.0,1500.0,1600.715935383051,-100.71593538305092,1,-46.0,-52.0,3.78,-29.0,-59.0,-36.4,-9.1,-54.5,-7.0,-2.0,-15.0,0.0,0.0,-100.0,-20.0,-20.0,0.0,-1.0,-5.0,-1.0,-7.0,-7.0,-1.5
12,2017-614-frankie saenz--merab dvalishvili,2017,0,257,558,Frankie Saenz,Merab Dvalishvili,185,135,0,50.0,1500.0,1500.0,0.0,1,-42.0,-56.0,2.48,-35.0,-82.0,-7.7,-7.7,-84.6,-9.0,-3.0,-15.0,0.0,0.0,0.0,0.0,0.0,0.0,0.0,0.0,0.0,-0.0,-0.0,0.0
12,2017-615-garreth mclellan--paulo costa,2017,0,559,560,Paulo Costa,garreth mclellan,185,185,1,0.0,1500.0,1500.0,0.0,1,58.0,49.0,-6.2,50.0,80.0,57.1,0.0,42.9,4.0,0.0,11.0,0.0,0.0,0.0,0.0,0.0,0.0,0.0,0.0,0.0,-0.0,-0.0,0.0
12,2017-616-gerald meerschaert--ryan janes,2017,0,439,563,Gerald Meerschaert,ryan janes,185,185,1,0.0,1506.3683216971428,1500.0,6.3683216971428465,1,45.0,53.0,-3.49,30.0,42.0,8.3,91.7,0.0,0.0,0.0,24.0,0.0,0.0,100.0,100.0,0.0,100.0,0.0,1.0,1.0,-0.0,-0.0,0.0
12,2017-617-gerald meerschaert--thiago santos,2017,0,439,564,Gerald Meerschaert,thiago santos,185,185,1,0.0,1514.5805213298481,1500.0,14.580521329848125,0,45.0,53.0,-3.49,30.0,42.0,8.3,91.7,0.0,0.0,0.0,24.0,0.0,0.0,100.0,100.0,0.0,100.0,0.0,1.0,1.0,-0.0,-0.0,0.0
12,2017-618-gilbert burns--jason saggo,2017,0,216,565,Gilbert Burns,jason saggo,170,185,0,-15.0,1475.7409946854136,1500.0,-24.259005314586375,1,48.0,52.0,-3.64,37.0,53.0,20.0,33.3,46.7,5.0,0.0,24.0,0.0,0.0,60.0,66.66666666666667,0.0,66.66666666666667,0.0,1.0,0.7216,-0.0,-0.0,-1.6666666666666667
12,2017-619-gilbert melendez--jeremy stephens,2017,0,21,436,Jeremy Stephens,gilbert melendez,155,185,0,-30.0,1533.2140680992832,1500.0,33.21406809928317,1,40.0,58.0,-3.14,38.0,62.0,53.3,0.0,46.7,6.0,0.0,34.0,0.0,0.0,60.0,33.333333333333336,33.333333333333336,0.0,0.0,1.0,0.7216,11.8,14.6,-0.7333333333333334
12,2017-620-glover teixeira--jared cannonier,2017,0,346,566,Jared Cannonier,glover teixeira,185,185,1,0.0,1499.2626634468406,1500.0,-0.7373365531593663,0,49.0,56.0,-4.35,40.0,64.0,63.6,0.0,36.4,8.0,0.0,20.0,0.0,0.0,66.66666666666667,50.0,50.0,0.0,0.0,2.0,0.84,-0.0,-0.0,1.0
12,2017-621-gunnar nelson--santiago ponzinibbio,2017,0,129,203,Gunnar Nelson,Santiago Ponzinibbio,170,170,1,0.0,1549.522660909043,1512.8648937705946,36.657767138448435,0,20.0,-13.0,1.6199999999999997,25.0,-3.0,-58.3,80.0,-21.700000000000003,2.0,0.0,-4.0,0.0,0.0,0.0,50.0,-50.0,100.0,0.0,-1.0,-0.057599999999999985,8.2,8.25,-3.666666666666667
12,2017-622-hacran dias--jared gordon,2017,0,238,567,hacran dias,Jared Gordon,185,155,0,30.0,1500.0,1500.0,0.0,0,-55.0,-56.0,3.91,-32.0,-62.0,-33.3,0.0,-66.7,0.0,0.0,-15.0,0.0,0.0,0.0,0.0,0.0,0.0,0.0,0.0,0.0,-0.0,-0.0,0.0
12,2017-623-hector sandoval--matt schnell,2017,0,469,568,Matt Schnell,hector sandoval,125,185,0,-60.0,1488.614119359671,1500.0,-11.385880640329106,0,40.0,55.0,-4.17,40.0,43.0,0.0,42.9,57.1,4.0,0.0,14.0,0.0,0.0,0.0,0.0,0.0,0.0,0.0,-1.0,0.0,-0.0,-0.0,0.0
12,2017-624-henrique da silva--ion cutelaba,2017,0,447,449,henrique da silva,Ion Cutelaba,185,205,0,-20.0,1500.0,1489.7177166797235,10.28228332027652,0,-43.0,-47.0,3.34,-49.0,-75.0,-50.0,-12.5,-37.5,-1.0,0.0,-19.0,0.0,0.0,-33.333333333333336,0.0,0.0,0.0,0.0,1.0,-0.24,-0.0,-0.0,-1.0
12,2017-625-henry briones--rani yahya,2017,0,17,318,Rani Yahya,henry briones,135,185,0,-50.0,1512.2071102970826,1500.0,12.207110297082636,1,38.0,50.0,-2.08,30.0,29.0,0.0,64.7,35.3,0.0,0.0,27.0,0.0,0.0,100.0,40.0,0.0,40.0,0.0,5.0,1.0,-0.0,-0.0,0.4666666666666666
12,2017-626-henry cejudo--sergio pettis,2017,0,209,252,sergio pettis,Henry Cejudo,185,135,0,50.0,1500.0,1556.1483957520556,-56.14839575205565,0,-47.0,-59.0,3.46,-31.0,-76.0,-40.0,0.0,-60.0,-6.0,-4.0,-15.0,0.0,0.0,-60.0,0.0,0.0,0.0,-1.0,2.0,-0.16000000000000003,-13.25,-13.25,-1.6
12,2017-627-henry cejudo--wilson reis,2017,0,252,569,Henry Cejudo,wilson reis,135,185,0,-50.0,1620.493581112826,1500.0,120.49358111282595,1,47.0,59.0,-3.46,31.0,76.0,40.0,0.0,60.0,6.0,4.0,15.0,0.0,0.0,60.0,0.0,0.0,0.0,1.0,-2.0,0.16000000000000003,13.25,13.25,1.6
12,2017-628-islam makhachev--nik lentz,2017,0,295,313,Islam Makhachev,nik lentz,170,185,0,-15.0,1498.7030709502435,1500.0,-1.2969290497564998,1,58.0,61.0,-1.55,53.0,90.0,18.8,50.0,31.2,8.0,5.0,17.0,0.0,0.0,66.66666666666667,50.0,0.0,50.0,0.0,2.0,0.84,-0.0,-0.0,1.0
12,2017-629-jacare souza--robert whittaker,2017,0,121,570,Robert Whittaker,jacare souza,185,185,1,0.0,1574.52647118043,1500.0,74.52647118043001,1,43.0,59.0,-3.36,38.0,82.0,35.3,0.0,64.7,12.0,2.0,24.0,0.0,0.0,80.0,50.0,50.0,0.0,0.0,4.0,0.9743999999999999,8.75,8.75,1.2666666666666668
12,2017-630-jack hermansson--thiago santos,2017,0,398,564,Jack Hermansson,thiago santos,185,185,1,0.0,1511.6192514407833,1500.0,11.619251440783273,0,45.0,57.0,-3.7,29.0,80.0,27.200000000000006,27.3,45.5,5.0,0.0,18.0,0.0,0.0,50.0,0.0,0.0,0.0,0.0,1.0,0.6,-0.0,-0.0,2.3333333333333335
12,2017-631-james gray--kyler phillips,2017,0,571,572,Kyler Phillips,james gray,135,185,0,-50.0,1500.0,1500.0,0.0,1,42.0,60.0,-3.83,45.0,75.0,28.6,14.3,57.1,2.0,0.0,10.0,0.0,0.0,0.0,0.0,0.0,0.0,0.0,0.0,0.0,-0.0,-0.0,0.0
12,2017-632-jan blachowicz--jared cannonier,2017,0,265,346,Jan Blachowicz,Jared Cannonier,205,185,0,20.0,1464.9611667754737,1474.7813733106127,-9.82020653513905,1,0.0,-4.0,1.3199999999999998,8.0,5.0,-22.000000000000007,16.7,5.300000000000004,-1.0,2.0,1.0,0.0,0.0,-26.66666666666667,0.0,0.0,0.0,0.0,-1.0,-0.21440000000000003,12.333333333333332,12.333333333333332,-3.1666666666666665
12,2017-633-jan blachowicz--patrick cummins,2017,0,265,573,Jan Blachowicz,patrick cummins,205,185,0,20.0,1485.8376102428283,1500.0,-14.162389757171695,0,49.0,52.0,-3.03,48.0,69.0,41.599999999999994,16.7,41.7,7.0,2.0,21.0,0.0,0.0,40.0,50.0,50.0,0.0,0.0,1.0,0.6255999999999999,12.333333333333332,12.333333333333332,-2.1666666666666665
12,2017-634-jared cannonier--nick roehrick,2017,0,346,574,Jared Cannonier,nick roehrick,185,185,1,0.0,1456.3420255109377,1500.0,-43.657974489062326,1,49.0,56.0,-4.35,40.0,64.0,63.6,0.0,36.4,8.0,0.0,20.0,0.0,0.0,66.66666666666667,50.0,50.0,0.0,0.0,2.0,0.84,-0.0,-0.0,1.0
12,2017-635-jared gordon--michel quinones,2017,0,567,575,Jared Gordon,michel quinones,155,185,0,-30.0,1518.025,1500.0,18.02500000000009,1,55.0,56.0,-3.91,32.0,62.0,33.3,0.0,66.7,0.0,0.0,15.0,0.0,0.0,0.0,0.0,0.0,0.0,0.0,0.0,0.0,-0.0,-0.0,0.0
12,2017-636-jeremy stephens--renato moicano,2017,0,21,291,Jeremy Stephens,Renato Moicano,155,155,1,0.0,1566.7667643925213,1496.1641318758313,70.60263251668994,0,-8.0,-1.0,0.4299999999999997,-3.0,0.0,36.599999999999994,-50.0,13.400000000000006,-1.0,0.0,15.0,0.0,0.0,-40.0,-16.666666666666664,33.333333333333336,-50.0,0.0,-1.0,-0.2784,11.8,14.6,-1.7333333333333334
12,2017-637-jimi manuwa--volkan oezdemir,2017,0,345,576,jimi manuwa,Volkan Oezdemir,185,205,0,-20.0,1500.0,1500.0,0.0,0,-48.0,-55.0,4.22,-29.0,-80.0,-50.0,-12.5,-37.5,-8.0,0.0,-15.0,0.0,0.0,0.0,0.0,0.0,0.0,0.0,0.0,0.0,-0.0,-0.0,0.0
12,2017-638-joaquim silva--reza madadi,2017,0,195,348,reza madadi,Joaquim Silva,185,155,0,30.0,1500.0,1509.92091001009,-9.920910010089983,0,-43.0,-53.0,4.53,-50.0,-69.0,-50.0,0.0,-50.0,0.0,0.0,-11.0,0.0,0.0,-100.0,-50.0,-50.0,0.0,0.0,-2.0,-1.0,-0.0,-0.0,-2.3333333333333335
12,2017-639-joe soto--rani yahya,2017,0,17,578,Rani Yahya,joe soto,135,185,0,-50.0,1528.5622384930477,1500.0,28.562238493047744,0,38.0,50.0,-2.08,30.0,29.0,0.0,64.7,35.3,0.0,0.0,27.0,0.0,0.0,100.0,40.0,0.0,40.0,0.0,5.0,1.0,-0.0,-0.0,0.4666666666666666
12,2017-640-john lineker--marlon vera,2017,0,280,457,Marlon Vera,john lineker,135,185,0,-50.0,1491.5903498115094,1500.0,-8.40965018849056,0,49.0,50.0,-5.37,39.0,72.0,46.599999999999994,26.7,26.7,6.0,0.0,24.0,0.0,0.0,50.0,50.0,0.0,50.0,0.0,-1.0,0.336,-0.0,-0.0,-1.0
12,2017-641-johny hendricks--paulo costa,2017,0,460,559,johny hendricks,Paulo Costa,185,185,1,0.0,1500.0,1504.125,-4.125,0,-58.0,-49.0,6.2,-50.0,-80.0,-57.1,0.0,-42.9,-4.0,0.0,-11.0,0.0,0.0,0.0,0.0,0.0,0.0,0.0,0.0,0.0,-0.0,-0.0,0.0
12,2017-642-jorge masvidal--stephen thompson,2017,0,131,189,Stephen Thompson,jorge masvidal,170,185,0,-15.0,1635.681519392435,1500.0,135.6815193924349,1,46.0,54.0,-3.0,35.0,63.0,50.0,0.0,50.0,7.0,0.0,22.0,0.0,0.0,100.0,60.0,60.0,0.0,0.0,5.0,1.0,16.0,16.0,1.0833333333333335
12,2017-643-jose aldo--max holloway,2017,1,44,137,jose aldo,Max Holloway,185,145,0,40.0,1500.0,1704.207325940558,-204.2073259405579,0,-48.0,-59.0,4.74,-53.0,-83.0,-47.8,-8.7,-43.5,-15.0,-5.0,-31.0,0.0,0.0,-100.0,-60.0,-40.0,-20.0,-1.0,-5.0,-1.0,-12.4,-13.0,-0.5333333333333334
12,2017-644-joseph morales--robert sanchez,2017,0,579,580,Joseph Morales,robert sanchez,125,185,0,-60.0,1500.0,1500.0,0.0,1,40.0,57.0,-2.11,42.0,28.0,0.0,100.0,0.0,0.0,1.0,4.0,0.0,0.0,0.0,0.0,0.0,0.0,0.0,0.0,0.0,-0.0,-0.0,0.0
12,2017-645-josh emmett--ricardo lamas,2017,0,99,461,ricardo lamas,Josh Emmett,185,145,0,40.0,1500.0,1513.2689326040622,-13.268932604062229,0,-35.0,-60.0,4.46,-37.0,-46.0,-40.0,0.0,-60.0,-7.0,0.0,-15.0,0.0,0.0,-100.0,0.0,0.0,0.0,0.0,-2.0,-1.0,-0.0,-0.0,-1.0
12,2017-646-justin gaethje--michael johnson,2017,0,81,552,Michael Johnson,Justin Gaethje,155,155,1,0.0,1546.1472770066607,1492.869642857143,53.27763414951778,0,-19.0,7.0,3.3899999999999997,24.0,13.0,-29.200000000000003,0.0,29.200000000000003,-6.0,-1.0,17.0,0.0,0.0,40.0,50.0,50.0,0.0,0.0,1.0,0.696,9.2,11.6,1.2666666666666668
12,2017-647-kamaru usman--sean strickland,2017,0,276,337,Sean Strickland,Kamaru Usman,185,170,0,15.0,1524.7583268948708,1550.8477896769234,-26.08946278205258,0,-9.0,5.0,-1.9000000000000004,20.0,-13.0,0.0,0.0,0.0,-5.0,-6.0,4.0,0.0,0.0,-20.0,25.0,25.0,0.0,-1.0,-2.0,-0.09599999999999997,-0.0,-0.0,-2.166666666666667
12,2017-648-kamaru usman--sergio moraes,2017,0,198,337,sergio moraes,Kamaru Usman,185,170,0,15.0,1500.0,1602.0827667046965,-102.0827667046965,0,-51.0,-55.0,2.67,-44.0,-89.0,-25.0,-6.2,-68.8,-11.0,-7.0,-19.0,0.0,0.0,-100.0,-25.0,0.0,-25.0,-1.0,-4.0,-1.0,-0.0,-0.0,-3.0
12,2017-649-karl roberson--ryan spann,2017,0,581,582,karl roberson,Ryan Spann,185,205,0,-20.0,1500.0,1500.0,0.0,1,-39.0,-43.0,4.14,-34.0,-52.0,-30.0,-50.0,-20.0,-3.0,0.0,-17.0,0.0,0.0,0.0,0.0,0.0,0.0,0.0,0.0,0.0,-0.0,-0.0,0.0
12,2017-650-kelvin gastelum--michael bisping,2017,0,163,583,Kelvin Gastelum,michael bisping,185,185,1,0.0,1593.2892316938737,1500.0,93.28923169387372,1,42.0,57.0,-3.49,34.0,58.0,23.1,15.4,61.5,9.0,1.0,23.0,0.0,0.0,60.0,66.66666666666667,66.66666666666667,0.0,0.0,2.0,0.8784,11.0,11.6,0.4666666666666667
12,2017-651-kevin lee--michael chiesa,2017,0,114,205,Michael Chiesa,kevin lee,170,185,0,-15.0,1552.651736426712,1500.0,52.65173642671198,0,40.0,57.0,-1.73,47.0,67.0,0.0,57.1,42.9,5.0,1.0,21.0,0.0,0.0,80.0,50.0,0.0,50.0,0.0,4.0,0.9743999999999999,9.5,9.5,3.0
12,2017-652-khalil rountree jr--paul craig,2017,0,384,446,Khalil Rountree Jr.,Paul Craig,205,205,1,0.0,1467.5106241934504,1502.25,-34.73937580654956,1,-5.0,6.0,-1.2000000000000002,-18.0,23.0,36.7,-66.7,30.0,0.0,0.0,-4.0,0.0,0.0,-100.0,-100.0,0.0,-100.0,1.0,-3.0,-1.0,-0.0,-0.0,-4.666666666666667
12,2017-653-king green--rashid magomedov,2017,0,46,336,King Green,rashid magomedov,155,185,0,-30.0,1516.7101961475423,1500.0,16.71019614754232,0,52.0,62.0,-3.72,39.0,74.0,17.699999999999996,23.5,58.8,3.0,0.0,32.0,0.0,0.0,60.0,66.66666666666667,33.333333333333336,33.333333333333336,0.0,-1.0,0.30400000000000005,11.666666666666666,11.666666666666666,0.8666666666666668
12,2017-654-leon edwards--vicente luque,2017,0,228,339,Leon Edwards,Vicente Luque,170,170,1,0.0,1539.2978688052842,1501.6833626598575,37.61450614542673,1,3.0,1.0,2.83,-15.0,2.0,-28.500000000000007,-30.4,58.900000000000006,0.0,3.0,-5.0,0.0,0.0,0.0,-50.0,-25.0,-25.0,0.0,1.0,0.012799999999999923,6.0,6.0,1.8333333333333333
12,2017-655-li jingliang--zak ottow,2017,0,241,584,Li Jingliang,zak ottow,170,185,0,-15.0,1510.6859809774362,1500.0,10.685980977436202,1,42.0,56.0,-3.95,41.0,60.0,72.7,0.0,27.3,2.0,0.0,18.0,0.0,0.0,60.0,66.66666666666667,66.66666666666667,0.0,0.0,2.0,0.8784,-0.0,-0.0,0.0
12,2017-656-louis smolka--tim elliott,2017,0,140,391,Tim Elliott,louis smolka,125,185,0,-60.0,1436.9727489549039,1500.0,-63.027251045096136,1,44.0,57.0,-2.65,47.0,59.0,0.0,30.0,70.0,9.0,0.0,21.0,0.0,0.0,20.0,0.0,0.0,0.0,1.0,-3.0,0.038400000000000004,13.5,13.5,-0.6666666666666667
12,2017-657-luis henrique--marcin tybura,2017,0,467,585,Marcin Tybura,luis henrique,265,185,0,80.0,1507.5050097857984,1500.0,7.505009785798393,1,48.0,55.0,-3.33,33.0,75.0,35.8,7.1,57.1,8.0,0.0,23.0,0.0,0.0,50.0,100.0,100.0,0.0,0.0,-1.0,0.4,-0.0,-0.0,-1.0
12,2017-658-luke flores--matt frevola,2017,0,586,587,Matt Frevola,luke flores,155,185,0,-30.0,1500.0,1500.0,0.0,1,40.0,57.0,-3.69,39.0,36.0,50.0,16.7,33.3,1.0,0.0,12.0,0.0,0.0,0.0,0.0,0.0,0.0,0.0,0.0,0.0,-0.0,-0.0,0.0
12,2017-659-marcin held--nasrat haqparast,2017,0,533,588,marcin held,Nasrat Haqparast,185,155,0,30.0,1500.0,1500.0,0.0,1,-45.0,-63.0,6.01,-20.0,-84.0,-20.0,0.0,-80.0,0.0,0.0,-14.0,0.0,0.0,0.0,0.0,0.0,0.0,0.0,0.0,0.0,-0.0,-0.0,0.0
12,2017-660-marco beltran--matt schnell,2017,0,279,469,marco beltran,Matt Schnell,185,125,0,60.0,1500.0,1468.1580353885615,31.84196461143847,0,-40.0,-55.0,4.17,-40.0,-43.0,0.0,-42.9,-57.1,-4.0,0.0,-14.0,0.0,0.0,0.0,0.0,0.0,0.0,0.0,1.0,0.0,-0.0,-0.0,0.0
12,2017-661-mark de la rosa--tim elliott,2017,0,140,589,Tim Elliott,mark de la rosa,125,185,0,-60.0,1474.1384450905803,1500.0,-25.861554909419738,1,44.0,57.0,-2.65,47.0,59.0,0.0,30.0,70.0,9.0,0.0,21.0,0.0,0.0,20.0,0.0,0.0,0.0,1.0,-3.0,0.038400000000000004,13.5,13.5,-0.6666666666666667
12,2017-662-marvin vettori--vitor miranda,2017,0,368,590,Marvin Vettori,vitor miranda,185,185,1,0.0,1490.2240965614697,1500.0,-9.77590343853035,1,45.0,56.0,-4.52,45.0,65.0,0.0,22.2,77.8,4.0,0.0,17.0,0.0,0.0,50.0,100.0,0.0,100.0,0.0,1.0,0.6,-0.0,-0.0,-1.0
12,2017-663-michinori tanaka--ricardo ramos,2017,0,471,484,michinori tanaka,Ricardo Ramos,185,145,0,40.0,1500.0,1504.158701528057,-4.1587015280570085,0,-36.0,-54.0,4.06,-57.0,-70.0,-25.0,-12.5,-62.5,0.0,0.0,-14.0,0.0,0.0,0.0,0.0,0.0,0.0,0.0,0.0,0.0,-0.0,-0.0,0.0
12,2017-664-mickey gall--randy brown,2017,0,394,403,Randy Brown,Mickey Gall,170,170,1,0.0,1473.1415246182257,1508.9757379373325,-35.834213319106766,1,-2.0,5.0,1.46,7.0,36.0,28.6,-61.9,33.3,0.0,0.0,7.0,0.0,0.0,-25.0,-33.33333333333333,33.333333333333336,-66.66666666666666,0.0,-2.0,-0.24,-0.0,-0.0,1.0
12,2017-665-mike perry--santiago ponzinibbio,2017,0,203,494,Santiago Ponzinibbio,mike perry,170,185,0,-15.0,1572.1325601734131,1500.0,72.13256017341314,1,41.0,61.0,-4.68,27.0,71.0,58.3,0.0,41.7,3.0,0.0,20.0,0.0,0.0,80.0,50.0,50.0,0.0,0.0,3.0,0.9616,-0.0,-0.0,1.5555555555555556
12,2017-666-misha cirkunov--volkan oezdemir,2017,0,451,576,misha cirkunov,Volkan Oezdemir,185,205,0,-20.0,1500.0,1575.9,-75.90000000000009,0,-48.0,-55.0,4.22,-29.0,-80.0,-50.0,-12.5,-37.5,-8.0,0.0,-15.0,0.0,0.0,0.0,0.0,0.0,0.0,0.0,0.0,0.0,-0.0,-0.0,0.0
12,2017-667-neil magny--rafael dos anjos,2017,0,34,187,Rafael Dos Anjos,Neil Magny,170,170,1,0.0,1674.6713066698017,1632.855812527705,41.81549414209667,1,1.0,9.0,-0.7599999999999998,-4.0,-1.0,-11.300000000000004,15.100000000000001,-3.799999999999997,0.0,2.0,1.0,0.0,0.0,-40.0,-25.0,0.0,-25.0,3.0,-3.0,-0.6255999999999999,7.000000000000001,6.75,-0.40000000000000013
12,2017-668-niko price--vicente luque,2017,0,339,393,Vicente Luque,Niko Price,170,170,1,0.0,1482.1009439454149,1506.3683216971428,-24.267377751727963,1,8.0,4.0,0.2999999999999998,23.0,11.0,0.0,12.5,-12.5,8.0,0.0,6.0,0.0,0.0,-20.0,0.0,50.0,-50.0,0.0,2.0,-0.03839999999999999,-0.0,-0.0,-1.0
12,2017-669-nordine taleb--santiago ponzinibbio,2017,0,203,275,Santiago Ponzinibbio,nordine taleb,170,185,0,-15.0,1612.4673046701462,1500.0,112.46730467014618,1,41.0,61.0,-4.68,27.0,71.0,58.3,0.0,41.7,3.0,0.0,20.0,0.0,0.0,80.0,50.0,50.0,0.0,0.0,3.0,0.9616,-0.0,-0.0,1.5555555555555556
12,2017-670-oluwale bamgbose--paulo costa,2017,0,559,591,Paulo Costa,oluwale bamgbose,185,185,1,0.0,1508.2377568488662,1500.0,8.237756848866184,1,58.0,49.0,-6.2,50.0,80.0,57.1,0.0,42.9,4.0,0.0,11.0,0.0,0.0,0.0,0.0,0.0,0.0,0.0,0.0,0.0,-0.0,-0.0,0.0
12,2017-671-ovince saint preux--volkan oezdemir,2017,0,287,576,ovince saint preux,Volkan Oezdemir,185,205,0,-20.0,1500.0,1627.4226641007556,-127.42266410075558,0,-48.0,-55.0,4.22,-29.0,-80.0,-50.0,-12.5,-37.5,-8.0,0.0,-15.0,0.0,0.0,0.0,0.0,0.0,0.0,0.0,0.0,0.0,-0.0,-0.0,0.0
12,2017-672-paul craig--tyson pedro,2017,0,446,466,Paul Craig,tyson pedro,205,185,0,20.0,1481.1111483617767,1500.0,-18.888851638223286,0,45.0,43.0,-3.04,18.0,35.0,33.3,66.7,0.0,4.0,0.0,20.0,0.0,0.0,100.0,100.0,0.0,100.0,0.0,1.0,1.0,-0.0,-0.0,0.0
12,2017-673-pedro munhoz--rob font,2017,0,260,281,Rob Font,Pedro Munhoz,135,135,1,0.0,1502.1325578464607,1539.574760038283,-37.44220219182239,0,5.0,2.0,2.62,18.0,-40.0,20.0,-21.7,1.7000000000000028,1.0,0.0,-1.0,0.0,0.0,15.0,0.0,66.66666666666666,-66.66666666666667,0.0,-1.0,-0.10559999999999992,-5.0,-5.0,-0.6666666666666665
12,2017-674-rafael dos anjos--robbie lawler,2017,0,5,34,robbie lawler,Rafael Dos Anjos,185,170,0,15.0,1500.0,1733.0929158399824,-233.09291583998242,0,-47.0,-60.0,3.23,-35.0,-54.0,-19.099999999999994,-23.8,-57.1,-13.0,-2.0,-36.0,0.0,0.0,-40.0,-50.0,-50.0,0.0,-3.0,2.0,-0.13440000000000002,-14.2,-16.5,-1.1333333333333333
12,2017-675-rafael dos anjos--tarec saffiedine,2017,0,34,592,Rafael Dos Anjos,tarec saffiedine,170,185,0,-15.0,1805.5599557763703,1500.0,305.5599557763703,1,47.0,60.0,-3.23,35.0,54.0,19.099999999999994,23.8,57.1,13.0,2.0,36.0,0.0,0.0,40.0,50.0,50.0,0.0,3.0,-2.0,0.13440000000000002,14.2,16.5,1.1333333333333333
12,2017-676-rashad coulter--tai tuivasa,2017,0,593,594,Tai Tuivasa,rashad coulter,265,185,0,80.0,1500.0,1500.0,0.0,1,46.0,44.0,-5.18,0.0,57.0,87.5,0.0,12.5,3.0,0.0,16.0,0.0,0.0,0.0,0.0,0.0,0.0,0.0,0.0,0.0,-0.0,-0.0,0.0
12,2017-677-robert whittaker--yoel romero,2017,1,121,595,Robert Whittaker,yoel romero,185,185,1,0.0,1590.154966201988,1500.0,90.15496620198792,1,43.0,59.0,-3.36,38.0,82.0,35.3,0.0,64.7,12.0,2.0,24.0,0.0,0.0,80.0,50.0,50.0,0.0,0.0,4.0,0.9743999999999999,8.75,8.75,1.2666666666666668
12,2017-678-sean omalley--terrion ware,2017,0,501,596,Sean O'Malley,terrion ware,135,185,0,-50.0,1504.125,1500.0,4.125,1,61.0,60.0,-3.48,42.0,61.0,63.6,0.0,36.4,2.0,2.0,14.0,0.0,0.0,0.0,0.0,0.0,0.0,0.0,0.0,0.0,-0.0,-0.0,0.0
12,2017-679-stephen thompson--tyron woodley,2017,1,131,356,Stephen Thompson,tyron woodley,170,185,0,-15.0,1714.4555529059346,1500.0,214.4555529059346,0,46.0,54.0,-3.0,35.0,63.0,50.0,0.0,50.0,7.0,0.0,22.0,0.0,0.0,100.0,60.0,60.0,0.0,0.0,5.0,1.0,16.0,16.0,1.0833333333333335
12,2018-680-abdul razak alhassan--niko price,2018,0,393,597,Niko Price,abdul razak alhassan,170,185,0,-15.0,1489.0378177356858,1500.0,-10.962182264314151,0,43.0,48.0,-5.55,28.0,50.0,50.0,25.0,25.0,0.0,0.0,17.0,0.0,0.2,66.66666666666667,100.0,50.0,50.0,0.0,1.0,0.76,-0.0,-0.0,0.0
12,2018-681-alan patrick--damir hadzovic,2018,0,419,598,Damir Hadzovic,alan patrick,155,185,0,-30.0,1494.6812852368514,1500.0,-5.318714763148591,0,47.0,59.0,-3.74,54.0,34.0,50.0,0.0,50.0,0.0,0.0,10.0,0.0,0.2,50.0,100.0,100.0,0.0,0.0,1.0,0.6,-0.0,-0.0,0.0
12,2018-682-aleksandar rakic--devin clark,2018,0,485,544,Aleksandar Rakic,devin clark,205,185,0,20.0,1513.5187500000002,1500.0,13.518750000000182,1,50.0,51.0,-2.91,23.0,85.0,33.3,0.0,66.7,3.0,0.0,10.0,0.0,0.2,100.0,0.0,0.0,0.0,0.0,1.0,1.0,-0.0,-0.0,3.0
12,2018-683-aleksandar rakic--justin ledet,2018,0,485,599,Aleksandar Rakic,justin ledet,205,185,0,20.0,1517.6036442073455,1500.0,17.603644207345496,1,50.0,51.0,-2.91,23.0,85.0,33.3,0.0,66.7,3.0,0.0,10.0,0.0,0.2,100.0,0.0,0.0,0.0,0.0,1.0,1.0,-0.0,-0.0,3.0
12,2018-684-alex caceres--martin bravo,2018,0,86,401,Alex Caceres,martin bravo,145,185,0,-40.0,1472.460623634254,1500.0,-27.539376365745966,1,49.0,62.0,-3.09,68.0,64.0,12.5,25.0,62.5,1.0,0.0,29.0,0.0,0.2,60.0,33.333333333333336,33.333333333333336,0.0,0.0,-1.0,0.30400000000000005,11.0,-0.0,0.2
12,2018-685-alex garcia--court mcgee,2018,0,67,211,Court McGee,alex garcia,170,185,0,-15.0,1462.1839138428863,1500.0,-37.81608615711366,1,36.0,60.0,-3.65,24.0,70.0,0.0,27.3,72.7,0.0,1.0,24.0,0.0,0.2,40.0,0.0,0.0,0.0,0.0,-3.0,0.06400000000000002,-0.0,-0.0,0.7333333333333334
12,2018-686-alex morono--jordan mein,2018,0,371,511,Alex Morono,jordan mein,170,185,0,-15.0,1495.6372979758503,1500.0,-4.362702024149712,0,40.0,56.0,-4.78,24.0,47.0,15.4,15.4,69.2,1.0,0.0,22.0,0.0,0.2,66.66666666666667,0.0,0.0,0.0,0.0,-1.0,0.4,-0.0,-0.0,0.5555555555555556
12,2018-687-alex morono--joshua burkman,2018,0,371,551,Alex Morono,joshua burkman,170,185,0,-15.0,1475.5754713866925,1500.0,-24.42452861330753,1,40.0,56.0,-4.78,24.0,47.0,15.4,15.4,69.2,1.0,0.0,22.0,0.0,0.2,66.66666666666667,0.0,0.0,0.0,0.0,-1.0,0.4,-0.0,-0.0,0.5555555555555556
12,2018-688-alex morono--song kenan,2018,0,371,517,Alex Morono,Song Kenan,170,170,1,0.0,1479.7728484984377,1503.09375,-23.320901501562275,1,-6.0,5.0,1.04,-6.0,-26.0,-34.6,15.4,19.200000000000003,1.0,0.0,11.0,0.0,0.0,-33.33333333333333,-100.0,-100.0,0.0,0.0,-2.0,-0.6,-0.0,-0.0,0.5555555555555556
12,2018-689-alex oliveira--gunnar nelson,2018,0,129,300,Gunnar Nelson,alex oliveira,170,185,0,-15.0,1523.942844465032,1500.0,23.942844465032067,1,61.0,48.0,-3.06,52.0,68.0,0.0,80.0,20.0,5.0,0.0,16.0,0.0,0.2,60.0,100.0,0.0,100.0,0.0,1.0,0.7343999999999999,8.2,8.6,-2.111111111111111
12,2018-690-alex perez--eric shelton,2018,0,491,499,Alex Perez,eric shelton,125,185,0,-60.0,1506.1783176366496,1500.0,6.178317636649581,1,46.0,58.0,-3.2,46.0,77.0,37.5,37.5,25.0,4.0,0.0,13.0,0.0,0.2,100.0,100.0,0.0,100.0,0.0,2.0,1.0,-0.0,-0.0,0.0
12,2018-691-alex perez--jose torres,2018,0,491,600,Alex Perez,jose torres,125,185,0,-60.0,1527.1347464217188,1500.0,27.134746421718773,1,46.0,58.0,-3.2,46.0,77.0,37.5,37.5,25.0,4.0,0.0,13.0,0.0,0.2,100.0,100.0,0.0,100.0,0.0,2.0,1.0,-0.0,-0.0,0.0
12,2018-692-alex perez--joseph benavidez,2018,0,54,491,joseph benavidez,Alex Perez,185,125,0,60.0,1500.0,1539.2686143767944,-39.2686143767944,1,-46.0,-58.0,3.2,-46.0,-77.0,-37.5,-37.5,-25.0,-4.0,0.0,-13.0,0.0,-0.2,-100.0,-100.0,0.0,-100.0,0.0,-2.0,-1.0,-0.0,-0.0,0.0
12,2018-693-alex white--jim miller,2018,0,30,601,Jim Miller,alex white,155,185,0,-30.0,1463.0918950178218,1500.0,-36.9081049821782,1,42.0,56.0,-3.44,45.0,48.0,22.299999999999994,48.1,29.6,2.0,0.0,45.0,0.0,0.2,20.0,100.0,100.0,0.0,0.0,-4.0,0.025600000000000008,9.8,12.0,-1.0666666666666667
12,2018-694-alexander hernandez--beneil dariush,2018,0,219,602,Beneil Dariush,Alexander Hernandez,155,155,1,0.0,1544.1600658685245,1500.0,44.1600658685245,0,9.0,-1.0,1.9899999999999998,2.0,9.0,-26.700000000000003,29.4,-2.700000000000003,6.0,0.0,8.0,0.0,0.2,60.0,66.66666666666667,33.333333333333336,33.333333333333336,0.0,-2.0,0.16000000000000003,8.8,9.0,1.8333333333333335
12,2018-695-alexander hernandez--olivier aubinmercier,2018,0,430,602,olivier aubinmercier,Alexander Hernandez,185,155,0,30.0,1500.0,1528.9365400661673,-28.936540066167254,0,-40.0,-58.0,4.6,-36.0,-73.0,-44.4,0.0,-55.6,-3.0,0.0,-16.0,0.0,0.0,0.0,0.0,0.0,0.0,0.0,0.0,0.0,-0.0,-0.0,0.0
12,2018-696-alexander volkanovski--chad mendes,2018,0,62,375,chad mendes,Alexander Volkanovski,185,145,0,40.0,1500.0,1533.2057515425936,-33.20575154259359,0,-56.0,-58.0,3.36,-34.0,-70.0,-35.7,0.0,-64.3,-9.0,-7.0,-17.0,0.0,-0.2,-100.0,-33.333333333333336,-33.333333333333336,0.0,0.0,-3.0,-1.0,-0.0,-0.0,-3.333333333333333
12,2018-697-alexander volkanovski--darren elkins,2018,0,64,375,Darren Elkins,Alexander Volkanovski,145,145,1,0.0,1612.0621350656263,1604.8816965802328,7.180438485393552,0,-18.0,-7.0,0.020000000000000018,0.0,-14.0,-14.70000000000001,15.8,-1.0999999999999943,-2.0,-7.0,13.0,0.0,0.0,0.0,-13.333333333333336,-13.333333333333336,0.0,0.0,2.0,0.0,9.8,8.0,-1.8666666666666665
12,2018-698-alexander volkanovski--jeremy kennedy,2018,0,375,603,Alexander Volkanovski,jeremy kennedy,145,185,0,-40.0,1650.9618568179912,1500.0,150.96185681799125,1,56.0,58.0,-3.36,34.0,70.0,35.7,0.0,64.3,9.0,7.0,17.0,0.0,0.2,100.0,33.333333333333336,33.333333333333336,0.0,0.0,3.0,1.0,-0.0,-0.0,3.333333333333333
12,2018-699-alexander volkov--derrick lewis,2018,0,243,377,Derrick Lewis,Alexander Volkov,265,265,1,0.0,1549.195356272582,1574.147289008993,-24.95193273641098,1,-7.0,-14.0,0.5,-40.0,-20.0,30.0,-8.3,-21.700000000000003,2.0,0.0,13.0,0.0,0.0,-20.0,41.666666666666664,41.666666666666664,0.0,0.0,-2.0,-0.24,1.083333333333334,2.666666666666668,-1.3333333333333335
12,2018-700-alexander volkov--fabricio werdum,2018,0,377,556,Alexander Volkov,fabricio werdum,265,185,0,80.0,1568.9286130719688,1500.0,68.92861307196881,1,57.0,54.0,-2.99,66.0,72.0,50.0,8.3,41.7,12.0,0.0,17.0,0.0,0.2,100.0,33.333333333333336,33.333333333333336,0.0,0.0,3.0,1.0,8.666666666666666,8.666666666666666,2.3333333333333335
12,2018-701-alexandre pantoja--brandon moreno,2018,0,390,498,Brandon Moreno,Alexandre Pantoja,125,125,1,0.0,1549.3559579736157,1518.7338014167449,30.622156556870777,0,-6.0,11.0,0.2599999999999998,-3.0,-5.0,13.0,-15.599999999999998,2.6000000000000014,-2.0,-2.0,1.0,0.0,0.0,-25.0,16.66666666666667,0.0,16.66666666666667,0.0,-1.0,-0.24,5.0,5.0,-1.6666666666666667
12,2018-702-alexandre pantoja--dustin ortiz,2018,0,498,522,Alexandre Pantoja,dustin ortiz,125,185,0,-60.0,1579.6658052519945,1500.0,79.66580525199447,0,50.0,49.0,-3.88,47.0,69.0,14.200000000000006,42.9,42.9,11.0,5.0,17.0,0.0,0.2,100.0,50.0,0.0,50.0,0.0,2.0,1.0,6.0,6.0,1.0
12,2018-703-alexandre pantoja--yuta sasaki,2018,0,498,604,Alexandre Pantoja,yuta sasaki,125,185,0,-60.0,1564.2043801009058,1500.0,64.20438010090584,1,50.0,49.0,-3.88,47.0,69.0,14.200000000000006,42.9,42.9,11.0,5.0,17.0,0.0,0.2,100.0,50.0,0.0,50.0,0.0,2.0,1.0,6.0,6.0,1.0
12,2018-704-alistair overeem--curtis blaydes,2018,0,405,605,Curtis Blaydes,alistair overeem,265,185,0,80.0,1544.453766869227,1500.0,44.45376686922691,1,50.0,58.0,-2.0,48.0,31.0,57.1,0.0,42.9,13.0,0.0,19.0,0.0,0.2,75.0,66.66666666666667,66.66666666666667,0.0,0.0,2.0,0.904,8.0,8.0,3.0
12,2018-705-alistair overeem--sergei pavlovich,2018,0,605,606,alistair overeem,Sergei Pavlovich,185,265,0,-80.0,1500.0,1500.0,0.0,1,-44.0,-55.0,3.62,-25.0,-75.0,-75.0,0.0,-25.0,-7.0,0.0,-11.0,0.0,0.0,0.0,0.0,0.0,0.0,0.0,0.0,0.0,-0.0,-0.0,0.0
12,2018-706-aljamain sterling--brett johns,2018,0,212,607,Aljamain Sterling,brett johns,145,185,0,-40.0,1565.5094288665107,1500.0,65.50942886651069,1,52.0,59.0,-2.21,30.0,44.0,11.8,23.5,58.8,13.0,4.0,22.0,0.0,0.2,40.0,0.0,0.0,0.0,0.0,-1.0,0.336,12.8,12.0,0.4666666666666667
12,2018-707-aljamain sterling--cody stamann,2018,0,212,608,Aljamain Sterling,cody stamann,145,185,0,-40.0,1591.9237347536318,1500.0,91.92373475363183,1,52.0,59.0,-2.21,30.0,44.0,11.8,23.5,58.8,13.0,4.0,22.0,0.0,0.2,40.0,0.0,0.0,0.0,0.0,-1.0,0.336,12.8,12.0,0.4666666666666667
12,2018-708-allan nascimento--raulian paiva,2018,0,609,610,raulian paiva,Allan Nascimento,185,125,0,60.0,1500.0,1500.0,0.0,1,-60.0,-50.0,1.96,-24.0,-30.0,0.0,-33.3,-66.7,0.0,0.0,-5.0,0.0,0.0,0.0,0.0,0.0,0.0,0.0,0.0,0.0,-0.0,-0.0,0.0
12,2018-709-alonzo menifield--dashawn boatwright,2018,0,504,611,Alonzo Menifield,dashawn boatwright,205,185,0,20.0,1503.09375,1500.0,3.09375,1,53.0,50.0,-3.76,31.0,78.0,50.0,16.7,33.3,4.0,0.0,18.0,0.0,0.2,100.0,100.0,100.0,0.0,0.0,1.0,1.0,-0.0,-0.0,0.0
12,2018-710-andre ewell--nathaniel wood,2018,0,612,613,Nathaniel Wood,andre ewell,145,185,0,-40.0,1500.0,1500.0,0.0,1,51.0,56.0,-3.89,48.0,72.0,0.0,33.3,66.7,0.0,0.0,12.0,0.0,0.0,0.0,0.0,0.0,0.0,0.0,0.0,0.0,-0.0,-0.0,0.0
12,2018-711-andre fili--dennis bermudez,2018,0,159,175,Andre Fili,dennis bermudez,145,185,0,-40.0,1486.9992417323463,1500.0,-13.000758267653737,1,37.0,51.0,-4.23,45.0,71.0,30.8,0.0,69.2,2.0,0.0,24.0,0.0,0.2,40.0,0.0,0.0,0.0,0.0,-1.0,0.2784,8.0,8.0,0.5
12,2018-712-andre fili--michael johnson,2018,0,81,159,Michael Johnson,Andre Fili,155,145,0,10.0,1528.2793488179145,1514.28534845992,13.994000357994537,1,2.0,7.0,0.4400000000000004,-7.0,10.0,6.699999999999999,0.0,-6.700000000000003,1.0,0.0,7.0,0.0,0.0,0.0,50.0,50.0,0.0,0.0,0.0,0.0,1.1999999999999993,5.6,0.7666666666666668
12,2018-713-andre muniz--bruno assis,2018,0,614,615,Andre Muniz,bruno assis,185,185,1,0.0,1500.0,1500.0,0.0,1,49.0,51.0,-2.33,49.0,35.0,0.0,50.0,50.0,1.0,0.0,11.0,0.0,0.0,0.0,0.0,0.0,0.0,0.0,0.0,0.0,-0.0,-0.0,0.0
12,2018-714-andre soukhamthath--jonathan martinez,2018,0,616,617,andre soukhamthath,Jonathan Martinez,185,135,0,50.0,1500.0,1500.0,0.0,1,-49.0,-56.0,4.09,-35.0,-68.0,-40.0,0.0,-60.0,-1.0,0.0,-15.0,0.0,0.0,0.0,0.0,0.0,0.0,0.0,0.0,0.0,-0.0,-0.0,0.0
12,2018-715-andre soukhamthath--sean omalley,2018,0,501,616,Sean O'Malley,andre soukhamthath,135,185,0,-50.0,1509.094636129482,1500.0,9.094636129482069,1,61.0,60.0,-3.48,42.0,61.0,63.6,0.0,36.4,2.0,2.0,14.0,0.0,0.2,100.0,50.0,50.0,0.0,0.0,2.0,1.0,-0.0,-0.0,1.0
12,2018-716-andrei arlovski--tai tuivasa,2018,0,507,593,andrei arlovski,Tai Tuivasa,185,265,0,-80.0,1500.0,1503.09375,-3.09375,0,-46.0,-44.0,5.18,0.0,-57.0,-87.5,0.0,-12.5,-3.0,0.0,-16.0,0.0,-0.2,-100.0,-100.0,-100.0,0.0,0.0,-1.0,-1.0,-0.0,-0.0,0.0
12,2018-717-angelo trevino--austin vanderford,2018,0,1479,1512,austin vanderford,angelo trevino,170,185,0,-15.0,1500.0,1500.0,0.0,1,63.0,51.0,-2.66,25.0,100.0,50.0,50.0,0.0,0.0,0.0,2.0,0.0,0.0,0.0,0.0,0.0,0.0,0.0,0.0,0.0,-0.0,-0.0,0.0
12,2018-718-anthony pettis--michael chiesa,2018,0,90,114,anthony pettis,Michael Chiesa,185,170,0,15.0,1500.0,1528.4828458953366,-28.482845895336595,1,-40.0,-57.0,1.73,-47.0,-67.0,0.0,-57.1,-42.9,-5.0,-1.0,-21.0,0.0,-0.2,-80.0,-50.0,0.0,-50.0,0.0,1.0,-0.4,-9.333333333333334,-9.333333333333334,-3.0
12,2018-719-anthony rocco martin--jake matthews,2018,0,220,239,anthony rocco martin,Jake Matthews,185,170,0,15.0,1500.0,1488.9002720176863,11.099727982313652,1,-43.0,-60.0,2.63,-42.0,-67.0,-13.3,-40.0,-46.7,0.0,0.0,-22.0,0.0,-0.2,-40.0,-50.0,0.0,-50.0,0.0,-2.0,-0.84,-0.0,-0.0,0.0
12,2018-720-anthony smith--volkan oezdemir,2018,0,576,618,Volkan Oezdemir,anthony smith,205,185,0,20.0,1628.33825567412,1500.0,128.3382556741201,0,48.0,55.0,-4.22,29.0,80.0,50.0,12.5,37.5,8.0,0.0,15.0,0.0,0.2,100.0,66.66666666666667,66.66666666666667,0.0,0.0,3.0,1.0,14.666666666666668,14.666666666666668,1.0
12,2018-721-antonio jones--edmen shahbazyan,2018,0,619,620,Edmen Shahbazyan,antonio jones,185,185,1,0.0,1500.0,1500.0,0.0,1,48.0,48.0,-3.62,37.0,66.0,66.7,11.1,22.2,1.0,0.0,14.0,0.0,0.0,0.0,0.0,0.0,0.0,0.0,0.0,0.0,-0.0,-0.0,0.0
12,2018-722-arnold allen--mads burnell,2018,0,297,621,Arnold Allen,mads burnell,145,185,0,-40.0,1523.6650907624442,1500.0,23.66509076244415,1,41.0,61.0,-2.88,47.0,75.0,18.2,18.2,63.6,4.0,0.0,13.0,0.0,0.2,100.0,33.333333333333336,0.0,33.333333333333336,0.0,3.0,1.0,-0.0,-0.0,2.666666666666667
12,2018-723-artem lobov--michael johnson,2018,0,81,307,Michael Johnson,artem lobov,155,185,0,-30.0,1539.251138920134,1500.0,39.25113892013405,1,39.0,58.0,-3.79,38.0,81.0,37.5,0.0,62.5,3.0,0.0,31.0,0.0,0.2,40.0,50.0,50.0,0.0,0.0,-1.0,0.2784,9.2,13.6,1.2666666666666668
12,2018-724-austen lane--greg hardy,2018,0,622,623,greg hardy,Austen Lane,185,265,0,-80.0,1500.0,1500.0,0.0,1,-50.0,-40.0,2.23,-28.0,-33.0,-50.0,0.0,-50.0,0.0,0.0,-7.0,0.0,0.0,0.0,0.0,0.0,0.0,0.0,0.0,0.0,-0.0,-0.0,0.0
12,2018-725-austin arnett--cory sandhagen,2018,0,624,625,Cory Sandhagen,austin arnett,135,185,0,-50.0,1500.0,1500.0,0.0,1,45.0,56.0,-3.34,34.0,63.0,54.5,9.1,36.4,8.0,0.0,15.0,0.0,0.0,0.0,0.0,0.0,0.0,0.0,0.0,0.0,-0.0,-0.0,0.0
12,2018-726-austin springer--giga chikadze,2018,0,626,627,austin springer,Giga Chikadze,185,145,0,40.0,1500.0,1500.0,0.0,1,-42.0,-60.0,3.48,-33.0,-65.0,-37.5,0.0,-62.5,-3.0,0.0,-12.0,0.0,0.0,0.0,0.0,0.0,0.0,0.0,0.0,0.0,-0.0,-0.0,0.0
12,2018-727-belal muhammad--chance rencountre,2018,0,366,628,Belal Muhammad,chance rencountre,170,185,0,-15.0,1510.914373262443,1500.0,10.91437326244295,1,43.0,55.0,-3.78,38.0,90.0,13.3,6.7,80.0,6.0,1.0,19.0,0.0,0.2,80.0,25.0,25.0,0.0,0.0,3.0,0.9616,-0.0,-0.0,0.9166666666666667
12,2018-728-beneil dariush--thiago moises,2018,0,219,629,Beneil Dariush,Thiago Moises,155,155,1,0.0,1528.5367658748166,1500.0,28.536765874816638,1,7.0,4.0,1.4700000000000002,3.0,30.0,-4.599999999999998,-3.8999999999999986,8.5,9.0,0.0,8.0,0.0,0.2,60.0,66.66666666666667,33.333333333333336,33.333333333333336,0.0,-2.0,0.16000000000000003,8.8,9.0,1.8333333333333335
12,2018-729-brad tavares--israel adesanya,2018,0,309,630,brad tavares,Israel Adesanya,185,185,1,0.0,1547.640625483069,1500.0,47.640625483069016,0,-5.0,-1.0,-0.1599999999999997,15.0,5.0,-26.0,0.0,26.0,-3.0,-8.0,9.0,0.0,0.2,80.0,0.0,0.0,0.0,0.0,4.0,0.9743999999999999,6.0,6.0,2.066666666666667
12,2018-730-brad tavares--krzysztof jotko,2018,0,309,815,brad tavares,krzysztof jotko,185,185,1,0.0,1516.7900999672495,1500.0,16.79009996724949,1,43.0,54.0,-3.36,26.0,81.0,12.5,0.0,87.5,6.0,0.0,27.0,0.0,0.2,80.0,0.0,0.0,0.0,0.0,4.0,0.9743999999999999,6.0,6.0,2.066666666666667
12,2018-731-brett johns--pedro munhoz,2018,0,281,607,Pedro Munhoz,brett johns,135,185,0,-50.0,1552.5625412367613,1500.0,52.56254123676126,1,41.0,55.0,-6.29,16.0,82.0,30.0,30.0,40.0,8.0,0.0,20.0,0.0,0.2,80.0,75.0,0.0,75.0,0.0,4.0,0.9743999999999999,10.25,8.0,-0.6666666666666666
12,2018-732-brian camozzi--geoff neal,2018,0,395,525,brian camozzi,Geoff Neal,185,170,0,15.0,1500.0,1503.09375,-3.09375,0,-51.0,-57.0,5.48,-45.0,-87.0,-66.7,-11.1,-22.2,-4.0,0.0,-14.0,0.0,-0.2,-100.0,-100.0,-100.0,0.0,0.0,-1.0,-1.0,-0.0,-0.0,0.0
12,2018-733-brian kelleher--montel jackson,2018,0,523,631,brian kelleher,Montel Jackson,185,135,0,50.0,1500.0,1500.0,0.0,0,-53.0,-62.0,1.39,-62.0,-68.0,-40.0,-10.0,-50.0,-1.0,0.0,-12.0,0.0,0.0,0.0,0.0,0.0,0.0,0.0,0.0,0.0,-0.0,-0.0,0.0
12,2018-734-brian ortega--frankie edgar,2018,0,165,311,frankie edgar,Brian Ortega,185,145,0,40.0,1500.0,1620.7986782063801,-120.79867820638015,0,-37.0,-49.0,6.38,-25.0,-54.0,-37.5,-50.0,-12.5,-6.0,0.0,-13.0,0.0,-0.2,-100.0,-100.0,-40.0,-60.0,0.0,-5.0,-1.0,-11.666666666666666,-11.666666666666666,0.0
12,2018-735-brian ortega--max holloway,2018,1,137,311,Max Holloway,Brian Ortega,145,145,1,0.0,1747.1360470697866,1710.7681562671958,36.367890802590864,1,11.0,10.0,1.6399999999999997,28.0,29.0,10.299999999999997,-41.3,31.0,9.0,5.0,18.0,0.0,0.0,0.0,-40.0,20.0,-60.0,3.0,0.0,0.0,0.7333333333333343,2.333333333333334,0.5333333333333334
12,2018-736-bryan caraway--pedro munhoz,2018,0,281,380,Pedro Munhoz,bryan caraway,135,185,0,-50.0,1584.7537587182878,1500.0,84.75375871828783,1,41.0,55.0,-6.29,16.0,82.0,30.0,30.0,40.0,8.0,0.0,20.0,0.0,0.2,80.0,75.0,0.0,75.0,0.0,4.0,0.9743999999999999,10.25,8.0,-0.6666666666666666
12,2018-737-bryce mitchell--tyler diamond,2018,0,632,633,Bryce Mitchell,tyler diamond,135,185,0,-50.0,1500.0,1500.0,0.0,1,59.0,58.0,-1.6,36.0,33.0,11.1,11.1,77.8,4.0,0.0,12.0,0.0,0.0,0.0,0.0,0.0,0.0,0.0,0.0,0.0,-0.0,-0.0,0.0
12,2018-738-calvin kattar--chris fishgold,2018,0,506,634,Calvin Kattar,chris fishgold,145,185,0,-40.0,1513.6458668696832,1500.0,13.645866869683232,1,37.0,54.0,-6.55,29.0,77.0,57.1,0.0,42.9,4.0,0.0,15.0,0.0,0.2,100.0,0.0,0.0,0.0,0.0,1.0,1.0,-0.0,-0.0,3.0
12,2018-739-calvin kattar--renato moicano,2018,0,291,506,Renato Moicano,Calvin Kattar,155,145,0,10.0,1535.2816435184493,1517.730384347814,17.551259170635376,1,11.0,5.0,2.98,12.0,-15.0,-40.400000000000006,50.0,-9.600000000000001,3.0,0.0,4.0,0.0,0.0,-25.0,33.333333333333336,0.0,33.333333333333336,0.0,0.0,-0.24,13.5,13.5,-2.0
12,2018-740-calvin kattar--shane burgos,2018,0,506,635,Calvin Kattar,shane burgos,145,185,0,-40.0,1495.9703749245127,1500.0,-4.029625075487274,1,37.0,54.0,-6.55,29.0,77.0,57.1,0.0,42.9,4.0,0.0,15.0,0.0,0.2,100.0,0.0,0.0,0.0,0.0,1.0,1.0,-0.0,-0.0,3.0
12,2018-741-canaan kawaihae--chase hooper,2018,0,636,637,Chase Hooper,canaan kawaihae,155,185,0,-30.0,1500.0,1500.0,0.0,1,49.0,39.0,-2.98,33.0,55.0,22.300000000000008,44.4,33.3,0.0,0.0,13.0,0.0,0.0,0.0,0.0,0.0,0.0,0.0,0.0,0.0,-0.0,-0.0,0.0
12,2018-742-carlos condit--michael chiesa,2018,0,114,123,Michael Chiesa,carlos condit,170,185,0,-15.0,1513.0285062364333,1500.0,13.028506236433259,1,40.0,57.0,-1.73,47.0,67.0,0.0,57.1,42.9,5.0,1.0,21.0,0.0,0.2,80.0,50.0,0.0,50.0,0.0,-1.0,0.4,9.333333333333334,9.333333333333334,3.0
12,2018-743-chad laprise--vicente luque,2018,0,339,638,Vicente Luque,chad laprise,170,185,0,-15.0,1489.7233926664953,1500.0,-10.276607333504671,1,51.0,52.0,-5.25,51.0,61.0,50.0,37.5,12.5,8.0,0.0,23.0,0.0,0.2,80.0,100.0,50.0,50.0,0.0,-1.0,0.4,-0.0,-0.0,-1.0
12,2018-744-chan sung jung--yair rodriguez,2018,0,273,639,Yair Rodriguez,chan sung jung,145,185,0,-40.0,1571.4207567087315,1500.0,71.42075670873146,1,46.0,52.0,-3.78,29.0,59.0,36.4,9.1,54.5,7.0,2.0,15.0,0.0,0.2,80.0,50.0,50.0,0.0,0.0,1.0,0.76,11.666666666666666,11.666666666666666,1.5
12,2018-745-charles oliveira--christos giagos,2018,0,63,226,Charles Oliveira,christos giagos,155,185,0,-30.0,1524.450593616315,1500.0,24.450593616315018,1,55.0,48.0,-3.26,39.0,56.0,17.4,69.6,13.0,13.0,2.0,34.0,0.0,0.2,40.0,100.0,0.0,100.0,0.0,1.0,0.6255999999999999,12.8,12.75,-0.33333333333333337
12,2018-746-charles oliveira--clay guida,2018,0,63,66,Charles Oliveira,clay guida,155,185,0,-30.0,1528.5031395205415,1500.0,28.50313952054148,1,55.0,48.0,-3.26,39.0,56.0,17.4,69.6,13.0,13.0,2.0,34.0,0.0,0.2,40.0,100.0,0.0,100.0,0.0,1.0,0.6255999999999999,12.8,12.75,-0.33333333333333337
12,2018-747-charles oliveira--jim miller,2018,0,30,63,Jim Miller,Charles Oliveira,155,155,1,0.0,1467.3260345411156,1536.5843134280688,-69.25827888695312,0,-13.0,8.0,-0.18000000000000016,6.0,-8.0,4.899999999999995,-21.499999999999993,16.6,-11.0,-2.0,11.0,0.0,0.0,-20.0,0.0,100.0,-100.0,0.0,-5.0,-0.6,-2.999999999999999,-0.75,-0.7333333333333333
12,2018-748-chris birchler--jimmy crute,2018,0,640,641,Jimmy Crute,chris birchler,205,185,0,20.0,1500.0,1500.0,0.0,1,52.0,42.0,-3.68,52.0,58.0,50.0,50.0,0.0,0.0,0.0,12.0,0.0,0.0,0.0,0.0,0.0,0.0,0.0,0.0,0.0,-0.0,-0.0,0.0
12,2018-749-chris curtis--sean lally,2018,0,642,643,Chris Curtis,sean lally,170,185,0,-15.0,1500.0,1500.0,0.0,1,50.0,54.0,-6.19,0.0,82.0,57.1,0.0,42.9,2.0,0.0,11.0,0.0,0.0,0.0,0.0,0.0,0.0,0.0,0.0,0.0,-0.0,-0.0,0.0
12,2018-750-chris gutierrez--raoni barcelos,2018,0,645,646,Raoni Barcelos,Chris Gutierrez,135,135,1,0.0,1500.0,1500.0,0.0,1,-6.0,-3.0,-1.7500000000000004,8.0,15.0,-7.800000000000001,22.2,-14.399999999999999,-2.0,0.0,-1.0,0.0,0.0,0.0,0.0,0.0,0.0,0.0,0.0,0.0,-0.0,-0.0,0.0
12,2018-751-claudio puelles--felipe silva,2018,0,402,647,Claudio Puelles,felipe silva,155,185,0,-30.0,1491.5625,1500.0,-8.4375,1,49.0,46.0,-2.78,36.0,60.0,0.0,60.0,40.0,0.0,0.0,8.0,0.0,0.0,0.0,0.0,0.0,0.0,1.0,-1.0,0.0,-0.0,-0.0,0.0
12,2018-752-cody garbrandt--tj dillashaw,2018,1,317,530,Cody Garbrandt,tj dillashaw,135,185,0,-50.0,1614.1249210127717,1500.0,114.12492101277167,0,39.0,59.0,-3.64,27.0,83.0,66.7,0.0,33.3,3.0,1.0,16.0,0.0,0.2,80.0,75.0,75.0,0.0,2.0,-1.0,0.4,13.333333333333332,13.333333333333332,2.3333333333333335
12,2018-753-colby covington--rafael dos anjos,2018,1,34,221,Rafael Dos Anjos,Colby Covington,170,170,1,0.0,1753.5629489436587,1621.6602920938012,131.90265684985752,0,9.0,6.0,-0.14000000000000012,-7.0,-14.0,-5.900000000000006,7.100000000000001,-1.1999999999999957,7.0,1.0,19.0,0.0,0.0,-40.0,-6.666666666666664,-20.0,13.333333333333336,1.0,-2.0,-0.06400000000000006,-0.7999999999999998,0.20000000000000018,-1.4166666666666667
12,2018-754-cory sandhagen--iuri alcantara,2018,0,333,624,iuri alcantara,Cory Sandhagen,185,135,0,50.0,1500.0,1504.125,-4.125,0,-45.0,-56.0,3.34,-34.0,-63.0,-54.5,-9.1,-36.4,-8.0,0.0,-15.0,0.0,0.0,0.0,0.0,0.0,0.0,0.0,0.0,0.0,-0.0,-0.0,0.0
12,2018-755-craig white--neil magny,2018,0,187,648,Neil Magny,craig white,170,185,0,-15.0,1590.081180204279,1500.0,90.08118020427901,1,46.0,51.0,-2.47,39.0,55.0,30.4,8.7,60.9,13.0,0.0,35.0,0.0,0.2,60.0,33.333333333333336,33.333333333333336,0.0,0.0,-1.0,0.36160000000000003,7.199999999999999,11.2,1.6666666666666667
12,2018-756-cub swanson--frankie edgar,2018,0,18,165,Cub Swanson,frankie edgar,145,185,0,-40.0,1613.9555373100736,1500.0,113.95553731007362,0,51.0,59.0,-4.0,50.0,63.0,35.0,10.0,55.0,7.0,0.0,33.0,0.0,0.2,80.0,0.0,0.0,0.0,0.0,1.0,0.76,12.8,11.0,2.3333333333333335
12,2018-757-cub swanson--renato moicano,2018,0,18,291,Cub Swanson,Renato Moicano,145,155,0,-10.0,1592.9177237360968,1563.5273394150654,29.390384321031434,0,3.0,0.0,-0.43000000000000016,9.0,1.0,18.3,-40.0,21.700000000000003,0.0,0.0,14.0,0.0,0.0,5.0,-33.333333333333336,0.0,-33.333333333333336,0.0,0.0,0.0,-0.7000000000000002,-2.5,1.3333333333333335
12,2018-758-curtis blaydes--francis ngannou,2018,0,405,414,Curtis Blaydes,francis ngannou,265,185,0,80.0,1627.5241564425025,1500.0,127.52415644250254,0,50.0,58.0,-2.0,48.0,31.0,57.1,0.0,42.9,13.0,0.0,19.0,0.0,0.2,75.0,66.66666666666667,66.66666666666667,0.0,0.0,2.0,0.904,8.0,8.0,3.0
12,2018-759-curtis blaydes--mark hunt,2018,0,405,541,Curtis Blaydes,mark hunt,265,185,0,80.0,1619.7673912710093,1500.0,119.76739127100927,1,50.0,58.0,-2.0,48.0,31.0,57.1,0.0,42.9,13.0,0.0,19.0,0.0,0.2,75.0,66.66666666666667,66.66666666666667,0.0,0.0,2.0,0.904,8.0,8.0,3.0
12,2018-760-curtis millender--max griffin,2018,0,410,649,Max Griffin,curtis millender,170,185,0,-15.0,1477.3661264935342,1500.0,-22.63387350646576,0,47.0,58.0,-3.7,40.0,70.0,37.5,0.0,62.5,0.0,0.0,18.0,0.0,0.2,33.333333333333336,100.0,100.0,0.0,0.0,-2.0,0.16000000000000003,-0.0,-0.0,-1.3333333333333333
12,2018-761-cyril asker--tai tuivasa,2018,0,415,593,cyril asker,Tai Tuivasa,185,265,0,-80.0,1500.0,1540.67989382116,-40.67989382116002,0,-46.0,-44.0,5.18,0.0,-57.0,-87.5,0.0,-12.5,-3.0,0.0,-16.0,0.0,-0.2,-100.0,-100.0,-100.0,0.0,0.0,-1.0,-1.0,-0.0,-0.0,0.0
12,2018-762-daichi abe--li jingliang,2018,0,241,650,Li Jingliang,daichi abe,170,185,0,-15.0,1517.2243930128952,1500.0,17.224393012895234,1,42.0,56.0,-3.95,41.0,60.0,72.7,0.0,27.3,2.0,0.0,18.0,0.0,0.2,100.0,80.0,80.0,0.0,0.0,5.0,1.0,-0.0,-0.0,0.5555555555555556
12,2018-763-damir hadzovic--nick hein,2018,0,251,419,nick hein,Damir Hadzovic,185,155,0,30.0,1500.0,1461.3509910558787,38.649008944121306,0,-47.0,-59.0,3.74,-54.0,-34.0,-50.0,0.0,-50.0,0.0,0.0,-10.0,0.0,-0.2,-50.0,-100.0,-100.0,0.0,0.0,-1.0,-0.6,-0.0,-0.0,0.0
12,2018-764-dan hooker--edson barboza,2018,0,72,235,Edson Barboza,Dan Hooker,155,155,1,0.0,1584.330728782771,1483.4797250328813,100.85100374988974,1,-4.0,4.0,0.1200000000000001,16.0,-5.0,0.0,-14.3,14.299999999999997,4.0,0.0,9.0,0.0,0.0,-20.0,-66.66666666666666,-16.666666666666664,-50.0,0.0,-2.0,-0.22720000000000007,10.6,13.6,1.8000000000000003
12,2018-765-dan hooker--gilbert burns,2018,0,216,235,Gilbert Burns,Dan Hooker,170,155,0,15.0,1484.953412173946,1475.9216822322928,9.031729941653111,0,0.0,1.0,1.0799999999999996,3.0,-25.0,-30.0,18.999999999999996,11.0,-2.0,0.0,2.0,0.0,0.0,-20.0,0.0,-16.666666666666664,16.66666666666667,0.0,-1.0,-0.08320000000000005,-0.0,-0.0,0.6666666666666667
12,2018-766-dan hooker--jim miller,2018,0,30,235,Jim Miller,Dan Hooker,155,155,1,0.0,1447.7154867557883,1480.0734839602974,-32.35799720450905,0,-6.0,5.0,1.2799999999999998,11.0,-30.0,-27.700000000000006,33.8,-6.100000000000001,-5.0,0.0,23.0,0.0,0.0,-60.0,0.0,50.0,-50.0,0.0,-7.0,-0.936,9.8,12.0,1.2666666666666668
12,2018-767-dan ige--jordan griffin,2018,0,535,651,Dan Ige,jordan griffin,145,185,0,-40.0,1503.09375,1500.0,3.09375,1,45.0,56.0,-3.56,25.0,56.0,41.599999999999994,16.7,41.7,6.0,0.0,21.0,0.0,0.2,100.0,100.0,0.0,100.0,0.0,1.0,1.0,-0.0,-0.0,0.0
12,2018-768-dan ige--julio arce,2018,0,535,652,Dan Ige,julio arce,145,185,0,-40.0,1511.1008857622726,1500.0,11.100885762272583,0,45.0,56.0,-3.56,25.0,56.0,41.599999999999994,16.7,41.7,6.0,0.0,21.0,0.0,0.2,100.0,100.0,0.0,100.0,0.0,1.0,1.0,-0.0,-0.0,0.0
12,2018-769-dan ige--mike santiago,2018,0,535,653,Dan Ige,mike santiago,145,185,0,-40.0,1484.0952873054002,1500.0,-15.904712694599766,1,45.0,56.0,-3.56,25.0,56.0,41.599999999999994,16.7,41.7,6.0,0.0,21.0,0.0,0.2,100.0,100.0,0.0,100.0,0.0,1.0,1.0,-0.0,-0.0,0.0
12,2018-770-dan moret--gilbert burns,2018,0,216,654,Gilbert Burns,dan moret,170,185,0,-15.0,1464.1944035339238,1500.0,-35.80559646607617,1,48.0,52.0,-3.64,37.0,53.0,20.0,33.3,46.7,5.0,0.0,24.0,0.0,0.2,60.0,100.0,33.333333333333336,66.66666666666667,0.0,2.0,0.8784,-0.0,-0.0,-1.6666666666666667
12,2018-771-daniel cormier--derrick lewis,2018,1,243,655,Derrick Lewis,daniel cormier,265,185,0,80.0,1615.5385239317636,1500.0,115.53852393176362,0,50.0,40.0,-2.49,26.0,52.0,80.0,0.0,20.0,14.0,0.0,30.0,0.0,0.2,80.0,75.0,75.0,0.0,0.0,1.0,0.76,9.75,11.333333333333334,1.0
12,2018-772-daniel cormier--volkan oezdemir,2018,1,576,655,Volkan Oezdemir,daniel cormier,205,185,0,20.0,1614.0359879891805,1500.0,114.03598798918051,0,48.0,55.0,-4.22,29.0,80.0,50.0,12.5,37.5,8.0,0.0,15.0,0.0,0.2,100.0,66.66666666666667,66.66666666666667,0.0,0.0,3.0,1.0,14.666666666666668,14.666666666666668,1.0
12,2018-773-darren elkins--michael johnson,2018,0,64,81,Darren Elkins,Michael Johnson,145,155,0,-10.0,1593.999182287195,1550.2900314284693,43.70915085872571,1,-1.0,-7.0,0.4500000000000002,-4.0,-25.0,-16.500000000000007,15.8,0.7000000000000028,4.0,0.0,-1.0,0.0,0.0,60.0,-30.0,-30.0,0.0,0.0,6.0,0.7216,0.6000000000000014,-5.6,0.19999999999999973
12,2018-774-darren elkins--ricardo lamas,2018,0,64,99,Darren Elkins,ricardo lamas,145,185,0,-40.0,1631.5610528809505,1500.0,131.56105288095046,0,38.0,51.0,-3.34,34.0,56.0,20.999999999999993,15.8,63.2,7.0,0.0,30.0,0.0,0.2,100.0,20.0,20.0,0.0,0.0,5.0,1.0,9.8,8.0,1.4666666666666666
12,2018-775-darren stewart--edmen shahbazyan,2018,0,619,656,Edmen Shahbazyan,darren stewart,185,185,1,0.0,1504.125,1500.0,4.125,1,48.0,48.0,-3.62,37.0,66.0,66.7,11.1,22.2,1.0,0.0,14.0,0.0,0.0,0.0,0.0,0.0,0.0,0.0,0.0,0.0,-0.0,-0.0,0.0
12,2018-776-darren till--stephen thompson,2018,0,131,657,Stephen Thompson,darren till,170,185,0,-15.0,1657.0601319527966,1500.0,157.0601319527966,0,46.0,54.0,-3.0,35.0,63.0,50.0,0.0,50.0,7.0,0.0,22.0,0.0,0.2,80.0,50.0,50.0,0.0,1.0,-1.0,0.4,16.0,16.0,1.9333333333333331
12,2018-777-davey grant--manny bermudez,2018,0,168,658,Davey Grant,manny bermudez,135,185,0,-50.0,1500.6844854762903,1500.0,0.6844854762903196,0,44.0,55.0,-3.74,40.0,63.0,37.5,12.5,50.0,0.0,0.0,14.0,0.0,0.0,33.333333333333336,0.0,0.0,0.0,1.0,1.0,0.6,-0.0,-0.0,4.0
12,2018-778-david branch--jared cannonier,2018,0,346,659,Jared Cannonier,david branch,185,185,1,0.0,1470.44694922987,1500.0,-29.553050770130085,1,49.0,56.0,-4.35,40.0,64.0,63.6,0.0,36.4,8.0,0.0,20.0,0.0,0.2,60.0,66.66666666666667,66.66666666666667,0.0,0.0,-1.0,0.30400000000000005,11.0,11.0,-1.3333333333333333
12,2018-779-david zawada--li jingliang,2018,0,241,660,Li Jingliang,david zawada,170,185,0,-15.0,1545.6348189393043,1500.0,45.634818939304296,1,42.0,56.0,-3.95,41.0,60.0,72.7,0.0,27.3,2.0,0.0,18.0,0.0,0.2,100.0,80.0,80.0,0.0,0.0,5.0,1.0,-0.0,-0.0,0.5555555555555556
12,2018-780-deiveson figueiredo--john moraga,2018,0,539,661,Deiveson Figueiredo,john moraga,135,185,0,-50.0,1511.3815854021532,1500.0,11.381585402153178,1,54.0,49.0,-3.64,35.0,58.0,30.700000000000006,30.8,38.5,10.0,3.0,19.0,0.0,0.2,100.0,50.0,50.0,0.0,0.0,2.0,1.0,-0.0,-0.0,1.6666666666666667
12,2018-781-deiveson figueiredo--joseph morales,2018,0,539,579,Deiveson Figueiredo,Joseph Morales,135,125,0,10.0,1575.2047660634182,1503.09375,72.11101606341822,1,14.0,-8.0,-1.5300000000000002,-7.0,30.0,30.700000000000006,-69.2,38.5,10.0,2.0,15.0,0.0,0.0,0.0,-50.0,50.0,-100.0,0.0,1.0,0.0,-0.0,-0.0,1.6666666666666667
12,2018-782-demetrious johnson--henry cejudo,2018,1,252,425,Henry Cejudo,demetrious johnson,135,185,0,-50.0,1635.1754478638545,1500.0,135.17544786385452,1,47.0,59.0,-3.46,31.0,76.0,40.0,0.0,60.0,6.0,4.0,15.0,0.0,0.2,60.0,33.333333333333336,33.333333333333336,0.0,1.0,2.0,0.8655999999999999,13.6,15.0,1.6
12,2018-783-demian maia--kamaru usman,2018,0,323,337,demian maia,Kamaru Usman,185,170,0,15.0,1500.0,1604.1411613709795,-104.14116137097949,0,-51.0,-55.0,2.67,-44.0,-89.0,-25.0,-6.2,-68.8,-11.0,-7.0,-19.0,0.0,-0.2,-100.0,-40.0,-20.0,-20.0,-1.0,-5.0,-1.0,-8.0,-8.0,-3.1666666666666665
12,2018-784-dennis bryant--kennedy nzechukwu,2018,0,508,662,Kennedy Nzechukwu,dennis bryant,265,185,0,80.0,1502.0625,1500.0,2.0625,1,46.0,51.0,-4.89,45.0,80.0,70.0,10.0,20.0,0.0,0.0,16.0,0.0,0.2,100.0,0.0,0.0,0.0,0.0,1.0,1.0,-0.0,-0.0,0.0
12,2018-785-derek brunson--israel adesanya,2018,0,426,630,derek brunson,Israel Adesanya,185,185,1,0.0,1500.0,1559.9414137839838,-59.94141378398376,0,-48.0,-55.0,3.2,-11.0,-76.0,-38.5,0.0,-61.5,-9.0,-8.0,-18.0,0.0,0.0,0.0,0.0,0.0,0.0,0.0,0.0,0.0,-0.0,-0.0,0.0
12,2018-786-derrick lewis--francis ngannou,2018,0,243,414,Derrick Lewis,francis ngannou,265,185,0,80.0,1613.7561909807134,1500.0,113.75619098071343,1,50.0,40.0,-2.49,26.0,52.0,80.0,0.0,20.0,14.0,0.0,30.0,0.0,0.2,80.0,75.0,75.0,0.0,0.0,1.0,0.76,9.75,11.333333333333334,1.0
12,2018-787-derrick lewis--marcin tybura,2018,0,243,467,Derrick Lewis,Marcin Tybura,265,265,1,0.0,1679.9341661113178,1508.7058027944493,171.22836331686858,1,2.0,-15.0,0.8399999999999999,-7.0,-23.0,44.2,-7.1,-37.1,6.0,0.0,7.0,0.0,0.0,20.0,8.333333333333329,8.333333333333329,0.0,0.0,-1.0,-0.10559999999999992,-5.25,-3.666666666666666,2.333333333333333
12,2018-788-devonte smith--julian erosa,2018,0,352,663,Julian Erosa,devonte smith,145,185,0,-40.0,1494.4837532619974,1500.0,-5.516246738002565,0,48.0,48.0,-6.27,43.0,61.0,30.0,40.0,30.0,0.0,0.0,18.0,0.0,0.0,50.0,0.0,0.0,0.0,0.0,-1.0,0.4,-0.0,-0.0,1.0
12,2018-789-diego ferreira--jared gordon,2018,0,224,567,Diego Ferreira,Jared Gordon,155,155,1,0.0,1496.9614254534988,1516.5724099310441,-19.610984477545344,1,-15.0,-1.0,0.4500000000000002,-2.0,-5.0,16.700000000000003,20.0,-36.7,1.0,0.0,1.0,0.0,-0.2,-40.0,16.66666666666667,-16.666666666666664,33.333333333333336,0.0,-1.0,-0.26560000000000006,14.0,14.0,-3.6666666666666665
12,2018-790-diego ferreira--kyle nelson,2018,0,224,664,Diego Ferreira,Kyle Nelson,155,155,1,0.0,1501.1445725690994,1500.0,1.1445725690994095,1,-5.0,4.0,1.2599999999999998,10.0,-16.0,0.0,20.0,-20.0,1.0,0.0,6.0,0.0,0.0,60.0,66.66666666666667,33.333333333333336,33.333333333333336,0.0,1.0,0.7343999999999999,14.0,14.0,-0.6666666666666666
12,2018-791-domingo pilarte--vince morales,2018,0,665,666,domingo pilarte,Vince Morales,185,135,0,50.0,1500.0,1500.0,0.0,1,-37.0,-53.0,4.0,-40.0,-58.0,-33.3,0.0,-66.7,0.0,0.0,-12.0,0.0,0.0,0.0,0.0,0.0,0.0,0.0,0.0,0.0,-0.0,-0.0,0.0
12,2018-792-dominick reyes--jared cannonier,2018,0,346,546,Jared Cannonier,Dominick Reyes,185,205,0,-20.0,1526.0520510369906,1506.1783176366496,19.873733400341052,0,-5.0,6.0,-0.8099999999999996,12.0,-18.0,-3.1000000000000014,-11.1,14.2,2.0,0.0,7.0,0.0,0.0,-40.0,-33.33333333333333,16.66666666666667,-50.0,0.0,-3.0,-0.696,11.0,11.0,-1.3333333333333333
12,2018-793-dominick reyes--ovince saint preux,2018,0,287,546,ovince saint preux,Dominick Reyes,185,205,0,-20.0,1500.0,1514.5461666124597,-14.546166612459729,0,-54.0,-50.0,3.54,-28.0,-82.0,-66.7,-11.1,-22.2,-6.0,0.0,-13.0,0.0,-0.2,-100.0,-100.0,-50.0,-50.0,0.0,-2.0,-1.0,-0.0,-0.0,0.0
12,2018-794-donald cerrone--leon edwards,2018,0,93,228,donald cerrone,Leon Edwards,185,170,0,15.0,1500.0,1544.160215639795,-44.16021563979507,0,-54.0,-53.0,2.42,-36.0,-63.0,-21.499999999999993,-7.1,-71.4,-8.0,-3.0,-18.0,0.0,-0.2,-100.0,-40.0,-20.0,-20.0,0.0,-5.0,-1.0,-6.0,-6.0,-1.2666666666666666
12,2018-795-dooho choi--jeremy stephens,2018,0,21,247,Jeremy Stephens,Dooho Choi,155,145,0,10.0,1541.8673014252638,1495.473583374486,46.39371805077781,1,-16.0,2.0,0.8799999999999994,-15.0,15.0,-46.7,0.0,46.7,6.0,0.0,25.0,0.0,0.2,-15.0,-66.66666666666666,-66.66666666666666,0.0,0.0,-2.0,-0.3984,-4.199999999999999,-2.2,2.2666666666666666
12,2018-796-douglas silva de andrade--marlon vera,2018,0,250,280,Douglas Silva de Andrade,Marlon Vera,135,135,1,0.0,1485.253010254166,1483.0349565099705,2.2180537441954584,1,-11.0,7.0,1.44,3.0,0.0,-17.999999999999993,-12.399999999999999,30.400000000000002,-6.0,0.0,-11.0,0.0,0.0,-10.0,-16.66666666666667,16.666666666666664,-33.333333333333336,0.0,-3.0,-0.5295999999999998,-10.0,-10.0,0.8333333333333334
12,2018-797-douglas silva de andrade--petr yan,2018,0,250,667,Douglas Silva de Andrade,Petr Yan,135,135,1,0.0,1503.2492424211764,1500.0,3.2492424211764046,0,-16.0,-1.0,0.20999999999999952,-6.0,-13.0,-7.799999999999997,14.3,-6.5,-9.0,-2.0,-2.0,0.0,0.2,50.0,50.0,50.0,0.0,0.0,-1.0,0.336,5.0,5.0,-0.33333333333333337
12,2018-798-drakkar klose--king green,2018,0,46,538,King Green,Drakkar Klose,155,155,1,0.0,1498.3011905333003,1499.532809798543,-1.2316192652426707,0,-3.0,13.0,-0.07000000000000028,13.0,5.0,-2.3000000000000043,23.5,-21.200000000000003,3.0,0.0,19.0,0.0,0.0,-26.66666666666667,50.0,0.0,50.0,0.0,-4.0,-0.7183999999999999,11.666666666666666,11.666666666666666,-0.48888888888888876
12,2018-799-drakkar klose--lando vannata,2018,0,458,538,Lando Vannata,Drakkar Klose,185,155,0,30.0,1500.0,1510.5730170941956,-10.57301709419562,0,-55.0,-49.0,3.65,-26.0,-69.0,-20.0,0.0,-80.0,0.0,0.0,-13.0,0.0,-0.2,-66.66666666666667,0.0,0.0,0.0,0.0,-2.0,-0.84,-0.0,-0.0,-0.5555555555555555
12,2018-800-drew dober--frank camacho,2018,0,32,557,Drew Dober,frank camacho,155,185,0,-30.0,1483.4821768495458,1500.0,-16.517823150454205,1,40.0,51.0,-4.33,17.0,56.0,71.5,7.1,21.4,1.0,0.0,25.0,0.0,0.2,60.0,66.66666666666667,66.66666666666667,0.0,0.0,3.0,0.9359999999999999,-0.0,-0.0,-1.2222222222222223
12,2018-801-drew dober--jon tuck,2018,0,32,462,Drew Dober,jon tuck,155,185,0,-30.0,1498.0363350277646,1500.0,-1.9636649722353923,1,40.0,51.0,-4.33,17.0,56.0,71.5,7.1,21.4,1.0,0.0,25.0,0.0,0.2,60.0,66.66666666666667,66.66666666666667,0.0,0.0,3.0,0.9359999999999999,-0.0,-0.0,-1.2222222222222223
12,2018-802-dustin poirier--justin gaethje,2018,0,136,552,dustin poirier,Justin Gaethje,185,155,0,30.0,1500.0,1545.3928588414926,-45.392858841492625,1,-58.0,-51.0,7.18,-14.0,-68.0,-66.7,0.0,-33.3,-9.0,-1.0,-14.0,0.0,-0.2,-50.0,-100.0,-100.0,0.0,0.0,-1.0,-0.6,-15.5,-15.5,0.0
12,2018-803-edson barboza--kevin lee,2018,0,72,205,Edson Barboza,kevin lee,155,185,0,-30.0,1600.4326460535901,1500.0,100.43264605359013,0,44.0,55.0,-4.6,50.0,73.0,50.0,0.0,50.0,11.0,0.0,31.0,0.0,0.2,60.0,33.333333333333336,33.333333333333336,0.0,0.0,1.0,0.7343999999999999,10.6,13.6,-0.5333333333333332
12,2018-804-elias garcia--kai karafrance,2018,0,668,669,Kai Kara-France,elias garcia,125,185,0,-60.0,1500.0,1500.0,0.0,1,40.0,64.0,-3.24,30.0,83.0,37.5,0.0,62.5,7.0,0.0,13.0,0.0,0.0,0.0,0.0,0.0,0.0,0.0,0.0,0.0,-0.0,-0.0,0.0
12,2018-805-elias theodorou--eryk anders,2018,0,254,554,elias theodorou,Eryk Anders,185,185,1,0.0,1500.0,1517.8187106274659,-17.81871062746586,1,-48.0,-50.0,4.09,-24.0,-80.0,-55.6,0.0,-44.4,0.0,0.0,-18.0,0.0,-0.2,-100.0,-50.0,-50.0,0.0,0.0,-2.0,-1.0,-0.0,-0.0,-3.3333333333333335
12,2018-806-elizeu zaleski dos santos--luigi vendramini,2018,0,331,670,Elizeu Zaleski dos Santos,luigi vendramini,170,185,0,-15.0,1523.921200388048,1500.0,23.921200388047964,1,41.0,55.0,-3.56,20.0,67.0,36.4,9.1,54.5,1.0,0.0,18.0,0.0,0.2,80.0,25.0,25.0,0.0,0.0,4.0,0.9743999999999999,-0.0,-0.0,0.9166666666666667
12,2018-807-elizeu zaleski dos santos--sean strickland,2018,0,276,331,Sean Strickland,Elizeu Zaleski dos Santos,185,170,0,15.0,1497.443569049148,1540.137638973021,-42.69406992387303,0,1.0,5.0,-1.0100000000000002,44.0,9.0,-11.399999999999999,-2.8999999999999995,14.299999999999997,5.0,1.0,5.0,0.0,0.0,-20.0,8.333333333333336,8.333333333333336,0.0,0.0,-5.0,-0.5999999999999999,9.0,9.0,-0.9833333333333334
12,2018-808-emil meek--kamaru usman,2018,0,337,671,Kamaru Usman,emil meek,170,185,0,-15.0,1679.4817543094696,1500.0,179.48175430946958,1,51.0,55.0,-2.67,44.0,89.0,25.0,6.2,68.8,11.0,7.0,19.0,0.0,0.2,100.0,40.0,20.0,20.0,1.0,5.0,1.0,8.0,8.0,3.1666666666666665
12,2018-809-emiliano sordi--ryan spann,2018,0,582,672,Ryan Spann,emiliano sordi,205,185,0,20.0,1484.53125,1500.0,-15.46875,1,39.0,43.0,-4.14,34.0,52.0,30.0,50.0,20.0,3.0,0.0,17.0,0.0,0.2,0.0,0.0,0.0,0.0,0.0,-1.0,0.0,-0.0,-0.0,0.0
12,2018-810-eric shelton--joseph morales,2018,0,499,579,eric shelton,Joseph Morales,185,125,0,60.0,1500.0,1486.8227627226154,13.17723727738462,1,-40.0,-57.0,2.11,-42.0,-28.0,0.0,-100.0,0.0,0.0,-1.0,-4.0,0.0,-0.2,-100.0,-100.0,0.0,-100.0,0.0,-1.0,-1.0,-0.0,-0.0,0.0
12,2018-811-erik koch--king green,2018,0,46,673,King Green,erik koch,155,185,0,-30.0,1466.1047488950735,1500.0,-33.8952511049265,1,52.0,62.0,-3.72,39.0,74.0,17.699999999999996,23.5,58.8,3.0,0.0,32.0,0.0,0.2,40.0,50.0,0.0,50.0,0.0,-2.0,0.12160000000000003,11.666666666666666,11.666666666666666,0.0666666666666667
12,2018-812-eryk anders--lyoto machida,2018,0,554,674,Eryk Anders,lyoto machida,185,185,1,0.0,1501.1760660511427,1500.0,1.1760660511426977,0,48.0,50.0,-4.09,24.0,80.0,55.6,0.0,44.4,0.0,0.0,18.0,0.0,0.2,100.0,50.0,50.0,0.0,0.0,2.0,1.0,-0.0,-0.0,3.3333333333333335
12,2018-813-eryk anders--thiago santos,2018,0,554,564,Eryk Anders,thiago santos,185,185,1,0.0,1482.0622857519334,1500.0,-17.93771424806664,0,48.0,50.0,-4.09,24.0,80.0,55.6,0.0,44.4,0.0,0.0,18.0,0.0,0.2,100.0,50.0,50.0,0.0,0.0,2.0,1.0,-0.0,-0.0,3.3333333333333335
12,2018-814-eryk anders--tim williams,2018,0,554,675,Eryk Anders,tim williams,185,185,1,0.0,1450.8257248330592,1500.0,-49.17427516694079,1,48.0,50.0,-4.09,24.0,80.0,55.6,0.0,44.4,0.0,0.0,18.0,0.0,0.2,100.0,50.0,50.0,0.0,0.0,2.0,1.0,-0.0,-0.0,3.3333333333333335
12,2018-815-felipe arantes--song yadong,2018,0,215,514,felipe arantes,Song Yadong,185,135,0,50.0,1500.0,1503.09375,-3.09375,0,-43.0,-55.0,4.0,-38.0,-73.0,-45.400000000000006,-9.1,-45.5,-7.0,0.0,-15.0,0.0,-0.2,-100.0,-100.0,0.0,-100.0,0.0,-1.0,-1.0,-0.0,-0.0,0.0
12,2018-816-frank camacho--geoff neal,2018,0,525,557,Geoff Neal,frank camacho,170,185,0,-15.0,1507.2095674478971,1500.0,7.209567447897143,1,51.0,57.0,-5.48,45.0,87.0,66.7,11.1,22.2,4.0,0.0,14.0,0.0,0.2,100.0,100.0,100.0,0.0,0.0,1.0,1.0,-0.0,-0.0,0.0
12,2018-817-gadzhimurad antigulov--ion cutelaba,2018,0,449,676,Ion Cutelaba,gadzhimurad antigulov,205,185,0,20.0,1495.4049205501426,1500.0,-4.595079449857394,1,43.0,47.0,-3.34,49.0,75.0,50.0,12.5,37.5,1.0,0.0,19.0,0.0,0.2,50.0,50.0,50.0,0.0,0.0,1.0,0.696,-0.0,-0.0,1.0
12,2018-818-george sullivan--mickey gall,2018,0,335,403,george sullivan,Mickey Gall,185,170,0,15.0,1500.0,1489.9681212852186,10.031878714781442,0,-49.0,-49.0,4.72,-32.0,-37.0,0.0,-83.3,-16.7,0.0,0.0,-13.0,0.0,-0.2,-75.0,-100.0,0.0,-100.0,0.0,1.0,-0.4,-0.0,-0.0,1.3333333333333333
12,2018-819-george sullivan--niko price,2018,0,335,393,george sullivan,Niko Price,185,170,0,15.0,1500.0,1468.5754522080179,31.42454779198215,0,-43.0,-48.0,5.55,-28.0,-50.0,-50.0,-25.0,-25.0,0.0,0.0,-17.0,0.0,-0.2,-66.66666666666667,-100.0,-50.0,-50.0,0.0,-1.0,-0.76,-0.0,-0.0,0.0
12,2018-820-gerald meerschaert--jack hermansson,2018,0,398,439,Jack Hermansson,Gerald Meerschaert,185,185,1,0.0,1494.9881706426718,1495.3044453725865,-0.3162747299147668,1,0.0,4.0,-0.20999999999999996,-1.0,38.0,18.900000000000006,-64.4,45.5,5.0,0.0,-6.0,0.0,0.0,-15.0,-33.33333333333333,33.333333333333336,-66.66666666666667,0.0,1.0,0.11839999999999995,5.0,5.0,2.3333333333333335
12,2018-821-gerald meerschaert--oskar piechota,2018,0,439,677,Gerald Meerschaert,oskar piechota,185,185,1,0.0,1474.6747515784168,1500.0,-25.325248421583183,1,45.0,53.0,-3.49,30.0,42.0,8.3,91.7,0.0,0.0,0.0,24.0,0.0,0.2,75.0,100.0,33.333333333333336,66.66666666666667,0.0,1.0,0.76,-0.0,-0.0,0.0
12,2018-822-gilbert burns--olivier aubinmercier,2018,0,216,430,Gilbert Burns,olivier aubinmercier,170,185,0,-15.0,1468.4253061944617,1500.0,-31.574693805538345,1,48.0,52.0,-3.64,37.0,53.0,20.0,33.3,46.7,5.0,0.0,24.0,0.0,0.2,60.0,100.0,33.333333333333336,66.66666666666667,0.0,2.0,0.8784,-0.0,-0.0,-1.6666666666666667
12,2018-823-gleidson cutis--thiago moises,2018,0,629,678,Thiago Moises,gleidson cutis,155,185,0,-30.0,1462.3295934075927,1500.0,-37.67040659240729,1,42.0,53.0,-4.08,35.0,52.0,22.299999999999994,33.3,44.4,0.0,0.0,16.0,0.0,0.0,0.0,0.0,0.0,0.0,0.0,0.0,0.0,-0.0,-0.0,0.0
12,2018-824-gleison tibau--islam makhachev,2018,0,9,295,gleison tibau,Islam Makhachev,185,170,0,15.0,1500.0,1519.8342023391133,-19.83420233911329,0,-58.0,-61.0,1.55,-53.0,-90.0,-18.8,-50.0,-31.2,-8.0,-5.0,-17.0,0.0,-0.2,-75.0,-33.333333333333336,0.0,-33.333333333333336,0.0,-3.0,-0.9359999999999999,-0.0,-0.0,-2.6666666666666665
12,2018-825-gokhan saki--khalil rountree jr,2018,0,384,679,Khalil Rountree Jr.,gokhan saki,205,185,0,20.0,1478.8037958908214,1500.0,-21.196204109178552,1,40.0,49.0,-4.24,0.0,58.0,70.0,0.0,30.0,4.0,0.0,16.0,0.0,0.2,50.0,100.0,100.0,0.0,1.0,2.0,0.84,-0.0,-0.0,-4.666666666666667
12,2018-826-guido cannetti--marlon vera,2018,0,280,680,Marlon Vera,guido cannetti,135,185,0,-50.0,1452.9580358979765,1500.0,-47.041964102023485,1,49.0,50.0,-5.37,39.0,72.0,46.599999999999994,26.7,26.7,6.0,0.0,24.0,0.0,0.2,60.0,66.66666666666667,33.333333333333336,33.333333333333336,0.0,2.0,0.8655999999999999,15.0,15.0,-1.1666666666666667
12,2018-827-hector aldana--song kenan,2018,0,517,681,Song Kenan,hector aldana,170,185,0,-15.0,1472.4639881203834,1500.0,-27.53601187961658,1,46.0,51.0,-5.82,30.0,73.0,50.0,0.0,50.0,0.0,0.0,11.0,0.0,0.2,100.0,100.0,100.0,0.0,0.0,1.0,1.0,-0.0,-0.0,0.0
12,2018-828-henrique da silva--johnny walker,2018,0,447,682,henrique da silva,Johnny Walker,185,205,0,-20.0,1500.0,1500.0,0.0,0,-55.0,-45.0,3.09,-60.0,-57.0,-66.7,-11.1,-22.2,-6.0,0.0,-15.0,0.0,0.0,0.0,0.0,0.0,0.0,0.0,0.0,0.0,-0.0,-0.0,0.0
12,2018-829-islam makhachev--kajan johnson,2018,0,295,683,Islam Makhachev,kajan johnson,170,185,0,-15.0,1532.0327797338841,1500.0,32.03277973388413,1,58.0,61.0,-1.55,53.0,90.0,18.8,50.0,31.2,8.0,5.0,17.0,0.0,0.2,75.0,33.333333333333336,0.0,33.333333333333336,0.0,3.0,0.9359999999999999,-0.0,-0.0,2.6666666666666665
12,2018-830-israel adesanya--marvin vettori,2018,0,368,630,Marvin Vettori,Israel Adesanya,185,185,1,0.0,1503.764311474008,1617.594299512554,-113.82998803854593,0,-3.0,1.0,-1.3199999999999994,34.0,-11.0,-38.5,22.2,16.299999999999997,-5.0,-8.0,-1.0,0.0,0.2,66.66666666666667,50.0,0.0,50.0,0.0,2.0,0.84,-0.0,-0.0,0.6666666666666667
12,2018-831-israel adesanya--rob wilkinson,2018,0,630,684,Israel Adesanya,rob wilkinson,185,185,1,0.0,1627.263779018902,1500.0,127.26377901890191,1,48.0,55.0,-3.2,11.0,76.0,38.5,0.0,61.5,9.0,8.0,18.0,0.0,0.0,0.0,0.0,0.0,0.0,0.0,0.0,0.0,-0.0,-0.0,0.0
12,2018-832-jacare souza--kelvin gastelum,2018,0,163,570,Kelvin Gastelum,jacare souza,185,185,1,0.0,1627.207275665432,1500.0,127.20727566543201,1,42.0,57.0,-3.49,34.0,58.0,23.1,15.4,61.5,9.0,1.0,23.0,0.0,0.2,60.0,66.66666666666667,66.66666666666667,0.0,0.0,-1.0,0.3744,11.0,14.8,0.4666666666666667
12,2018-833-jack hermansson--thales leites,2018,0,398,685,Jack Hermansson,thales leites,185,185,1,0.0,1499.1141094015056,1500.0,-0.8858905984943704,1,45.0,57.0,-3.7,29.0,80.0,27.200000000000006,27.3,45.5,5.0,0.0,18.0,0.0,0.2,60.0,66.66666666666667,66.66666666666667,0.0,0.0,2.0,0.8784,5.0,5.0,2.3333333333333335
12,2018-834-jake matthews--li jingliang,2018,0,239,241,Jake Matthews,Li Jingliang,170,170,1,0.0,1468.4399457332245,1565.586426097907,-97.14648036468247,1,1.0,4.0,1.3200000000000003,1.0,7.0,-59.400000000000006,40.0,19.400000000000002,-2.0,0.0,4.0,0.0,0.0,-60.0,-30.0,-80.0,50.0,0.0,-3.0,-0.16000000000000003,-0.0,-0.0,-0.5555555555555556
12,2018-835-jake matthews--shinsho anzai,2018,0,239,686,Jake Matthews,shinsho anzai,170,185,0,-15.0,1471.6710572328095,1500.0,-28.328942767190483,1,43.0,60.0,-2.63,42.0,67.0,13.3,40.0,46.7,0.0,0.0,22.0,0.0,0.2,40.0,50.0,0.0,50.0,0.0,2.0,0.84,-0.0,-0.0,0.0
12,2018-836-jalin turner--vicente luque,2018,0,339,687,Vicente Luque,jalin turner,170,185,0,-15.0,1493.878886554373,1500.0,-6.121113445627088,1,51.0,52.0,-5.25,51.0,61.0,50.0,37.5,12.5,8.0,0.0,23.0,0.0,0.2,80.0,100.0,50.0,50.0,0.0,-1.0,0.4,-0.0,-0.0,-1.0
12,2018-837-jamall emmers--julian erosa,2018,0,352,688,Julian Erosa,Jamall Emmers,145,145,1,0.0,1473.9406123423103,1500.0,-26.05938765768974,1,-1.0,-8.0,-2.1999999999999993,3.0,-19.0,-20.0,40.0,-20.0,0.0,0.0,9.0,0.0,0.0,50.0,0.0,0.0,0.0,0.0,-1.0,0.4,-0.0,-0.0,1.0
12,2018-838-james vick--justin gaethje,2018,0,344,552,james vick,Justin Gaethje,185,155,0,30.0,1500.0,1536.9965986260386,-36.996598626038576,0,-58.0,-51.0,7.18,-14.0,-68.0,-66.7,0.0,-33.3,-9.0,-1.0,-14.0,0.0,-0.2,-50.0,-100.0,-100.0,0.0,0.0,-1.0,-0.6,-15.5,-15.5,0.0
12,2018-839-jan blachowicz--jimi manuwa,2018,0,265,345,Jan Blachowicz,jimi manuwa,205,185,0,20.0,1478.6589533099807,1500.0,-21.34104669001931,1,49.0,52.0,-3.03,48.0,69.0,41.599999999999994,16.7,41.7,7.0,2.0,21.0,0.0,0.2,60.0,33.333333333333336,0.0,33.333333333333336,0.0,-1.0,0.3744,10.2,10.666666666666666,-0.8
12,2018-840-jan blachowicz--nikita krylov,2018,0,201,265,Nikita Krylov,Jan Blachowicz,205,205,1,0.0,1519.8368415366551,1539.9480690599578,-20.11122752330266,0,5.0,-8.0,0.44999999999999973,-10.0,-16.0,-5.300000000000004,28.8,-23.500000000000004,0.0,-2.0,-1.0,0.0,-0.2,20.0,66.66666666666666,25.0,41.666666666666664,0.0,3.0,0.5296000000000001,-2.8666666666666654,-3.333333333333332,0.8
12,2018-841-jared gordon--joaquim silva,2018,0,348,567,Joaquim Silva,Jared Gordon,155,155,1,0.0,1515.2594807666264,1495.6566743530416,19.602806413584858,1,-12.0,-3.0,-0.6200000000000001,18.0,7.0,16.700000000000003,0.0,-16.700000000000003,0.0,0.0,-4.0,0.0,0.0,0.0,-16.666666666666664,-16.666666666666664,0.0,0.0,1.0,0.0,-0.0,-0.0,-1.3333333333333333
12,2018-842-jeremy stephens--jose aldo,2018,0,21,44,Jeremy Stephens,jose aldo,155,185,0,-30.0,1564.2007058846343,1500.0,64.20070588463432,0,40.0,58.0,-3.14,38.0,62.0,53.3,0.0,46.7,6.0,0.0,34.0,0.0,0.2,60.0,33.333333333333336,33.333333333333336,0.0,0.0,-1.0,0.36160000000000003,11.8,13.8,-0.06666666666666679
12,2018-843-jeremy stephens--josh emmett,2018,0,21,461,Jeremy Stephens,Josh Emmett,155,145,0,10.0,1558.839741870929,1566.33345704961,-7.493715178680986,1,5.0,-2.0,1.3199999999999998,1.0,16.0,13.299999999999997,0.0,-13.299999999999997,-1.0,0.0,19.0,0.0,0.0,-20.0,8.333333333333336,8.333333333333336,0.0,0.0,0.0,-0.03839999999999999,-5.199999999999999,-3.2,-1.2333333333333334
12,2018-844-jimmy crute--paul craig,2018,0,446,640,Paul Craig,Jimmy Crute,205,205,1,0.0,1470.5746497663472,1504.125,-33.55035023365281,0,-7.0,1.0,0.6400000000000001,-34.0,-23.0,-16.700000000000003,16.700000000000003,0.0,4.0,0.0,8.0,0.0,0.2,33.333333333333336,100.0,0.0,100.0,0.0,-2.0,0.16000000000000003,-0.0,-0.0,0.0
12,2018-845-jin soo son--petr yan,2018,0,667,689,Petr Yan,jin soo son,135,185,0,-50.0,1517.3655049786164,1500.0,17.3655049786164,1,54.0,58.0,-4.14,48.0,85.0,36.4,0.0,63.6,9.0,2.0,15.0,0.0,0.0,0.0,0.0,0.0,0.0,0.0,0.0,0.0,-0.0,-0.0,0.0
12,2018-846-joaquim silva--vinc pichel,2018,0,348,690,Joaquim Silva,vinc pichel,155,185,0,-30.0,1527.4601120102025,1500.0,27.460112010202465,0,43.0,53.0,-4.53,50.0,69.0,50.0,0.0,50.0,0.0,0.0,11.0,0.0,0.2,100.0,33.333333333333336,33.333333333333336,0.0,0.0,3.0,1.0,-0.0,-0.0,1.6666666666666667
12,2018-847-john dodson--pedro munhoz,2018,0,144,281,john dodson,Pedro Munhoz,185,135,0,50.0,1500.0,1616.5558998448953,-116.5558998448953,1,-41.0,-55.0,6.29,-16.0,-82.0,-30.0,-30.0,-40.0,-8.0,0.0,-20.0,0.0,-0.2,-80.0,-75.0,0.0,-75.0,0.0,-4.0,-0.9743999999999999,-10.25,-8.0,0.6666666666666666
12,2018-848-john phillips--kevin holland,2018,0,691,692,Kevin Holland,john phillips,170,185,0,-15.0,1500.0,1500.0,0.0,1,50.0,50.0,-3.22,38.0,55.0,31.299999999999994,37.5,31.2,4.0,0.0,27.0,0.0,0.0,0.0,0.0,0.0,0.0,0.0,0.0,0.0,-0.0,-0.0,0.0
12,2018-849-johnny eduardo--nathaniel wood,2018,0,301,612,johnny eduardo,Nathaniel Wood,185,145,0,40.0,1500.0,1504.125,-4.125,0,-51.0,-56.0,3.89,-48.0,-72.0,0.0,-33.3,-66.7,0.0,0.0,-12.0,0.0,0.0,0.0,0.0,0.0,0.0,0.0,0.0,0.0,-0.0,-0.0,0.0
12,2018-850-johnny walker--khalil rountree jr,2018,0,384,682,Khalil Rountree Jr.,Johnny Walker,205,205,1,0.0,1487.17946814801,1503.025,-15.845531851990017,0,-15.0,4.0,-1.1500000000000004,-60.0,1.0,3.299999999999997,-11.1,7.800000000000001,-2.0,0.0,1.0,0.0,0.2,50.0,100.0,100.0,0.0,1.0,2.0,0.84,-0.0,-0.0,-4.666666666666667
12,2018-851-junior dos santos--tai tuivasa,2018,0,593,693,Tai Tuivasa,junior dos santos,265,185,0,80.0,1548.689501169149,1500.0,48.689501169149025,0,46.0,44.0,-5.18,0.0,57.0,87.5,0.0,12.5,3.0,0.0,16.0,0.0,0.2,100.0,100.0,100.0,0.0,0.0,1.0,1.0,-0.0,-0.0,0.0
12,2018-852-justin scoggins--said nurmagomedov,2018,0,464,694,justin scoggins,Said Nurmagomedov,185,135,0,50.0,1500.0,1500.0,0.0,0,-48.0,-55.0,2.05,-15.0,-63.0,-28.500000000000007,-42.9,-28.6,-2.0,0.0,-11.0,0.0,0.0,0.0,0.0,0.0,0.0,0.0,0.0,0.0,-0.0,-0.0,0.0
12,2018-853-kamaru usman--rafael dos anjos,2018,0,34,337,Rafael Dos Anjos,Kamaru Usman,170,170,1,0.0,1738.7719450403097,1733.752551853111,5.019393187198602,0,-4.0,5.0,-0.56,-9.0,-35.0,-5.900000000000006,17.6,-11.699999999999996,2.0,-5.0,17.0,0.0,0.0,-40.0,-6.666666666666664,-20.0,13.333333333333336,0.0,-2.0,-0.06400000000000006,6.2,7.2,-1.4999999999999998
12,2018-854-kevin holland--thiago santos,2018,0,564,691,thiago santos,Kevin Holland,185,170,0,15.0,1500.0,1504.125,-4.125,1,-50.0,-50.0,3.22,-38.0,-55.0,-31.299999999999994,-37.5,-31.2,-4.0,0.0,-27.0,0.0,0.0,0.0,0.0,0.0,0.0,0.0,0.0,0.0,-0.0,-0.0,0.0
12,2018-855-kevin holland--will santiago,2018,0,691,695,Kevin Holland,will santiago,170,185,0,-15.0,1480.547848279677,1500.0,-19.452151720322945,1,50.0,50.0,-3.22,38.0,55.0,31.299999999999994,37.5,31.2,4.0,0.0,27.0,0.0,0.0,0.0,0.0,0.0,0.0,0.0,0.0,0.0,-0.0,-0.0,0.0
12,2018-856-kurt holobaugh--raoni barcelos,2018,0,193,645,Kurt Holobaugh,Raoni Barcelos,155,135,0,20.0,1490.8860579872887,1504.125,-13.238942012711277,0,-8.0,-11.0,0.16000000000000014,0.0,-47.0,-22.2,27.8,-5.600000000000001,0.0,0.0,-3.0,0.0,0.0,0.0,0.0,0.0,0.0,0.0,-2.0,0.0,-0.0,-0.0,-1.6666666666666667
12,2018-857-kurt holobaugh--shane burgos,2018,0,193,635,Kurt Holobaugh,shane burgos,155,185,0,-30.0,1454.1145465198244,1500.0,-45.885453480175556,0,44.0,49.0,-4.24,33.0,38.0,0.0,50.0,50.0,0.0,0.0,10.0,0.0,0.0,0.0,0.0,0.0,0.0,0.0,-2.0,0.0,-0.0,-0.0,-1.6666666666666667
12,2018-858-kyung ho kang--ricardo ramos,2018,0,484,696,Ricardo Ramos,kyung ho kang,145,185,0,-40.0,1511.6122856319034,1500.0,11.612285631903433,1,36.0,54.0,-4.06,57.0,70.0,25.0,12.5,62.5,0.0,0.0,14.0,0.0,0.2,100.0,50.0,50.0,0.0,0.0,2.0,1.0,-0.0,-0.0,1.6666666666666667
12,2018-859-leon edwards--peter sobotta,2018,0,228,474,Leon Edwards,peter sobotta,170,185,0,-15.0,1587.670166483929,1500.0,87.67016648392905,1,54.0,53.0,-2.42,36.0,63.0,21.499999999999993,7.1,71.4,8.0,3.0,18.0,0.0,0.2,100.0,40.0,20.0,20.0,0.0,5.0,1.0,6.0,6.0,1.2666666666666666
12,2018-860-louis smolka--sumudaerji,2018,0,391,697,louis smolka,Sumudaerji,185,125,0,60.0,1500.0,1500.0,0.0,1,-52.0,-60.0,2.39,-11.0,-71.0,-20.0,0.0,-80.0,0.0,0.0,-9.0,0.0,0.0,0.0,0.0,0.0,0.0,0.0,0.0,0.0,-0.0,-0.0,0.0
12,2018-861-luis henrique--ryan spann,2018,0,582,585,Ryan Spann,luis henrique,205,185,0,20.0,1488.7021336601306,1500.0,-11.297866339869415,1,39.0,43.0,-4.14,34.0,52.0,30.0,50.0,20.0,3.0,0.0,17.0,0.0,0.2,0.0,0.0,0.0,0.0,0.0,-1.0,0.0,-0.0,-0.0,0.0
12,2018-862-luke sanders--rani yahya,2018,0,17,698,Rani Yahya,luke sanders,135,185,0,-50.0,1505.4185956758022,1500.0,5.41859567580218,1,38.0,50.0,-2.08,30.0,29.0,0.0,64.7,35.3,0.0,0.0,27.0,0.0,0.2,80.0,50.0,0.0,50.0,0.0,-1.0,0.4,6.0,6.0,0.4666666666666666
12,2018-863-magomed ankalaev--marcin prachnio,2018,0,699,700,Magomed Ankalaev,Marcin Prachnio,205,205,1,0.0,1500.0,1500.0,0.0,1,-2.0,3.0,0.69,2.0,34.0,25.0,0.0,-25.0,7.0,1.0,3.0,0.0,0.0,0.0,0.0,0.0,0.0,0.0,0.0,0.0,-0.0,-0.0,0.0
12,2018-864-magomed ankalaev--paul craig,2018,0,446,699,Paul Craig,Magomed Ankalaev,205,205,1,0.0,1434.3431244237834,1504.125,-69.78187557621663,1,-7.0,-14.0,-0.5800000000000001,-4.0,-52.0,-16.700000000000003,66.7,-50.0,-3.0,-1.0,6.0,0.0,0.2,33.333333333333336,100.0,0.0,100.0,0.0,-2.0,0.16000000000000003,-0.0,-0.0,0.0
12,2018-865-marc diakiese--nasrat haqparast,2018,0,534,588,marc diakiese,Nasrat Haqparast,185,155,0,30.0,1500.0,1477.40625,22.59375,0,-45.0,-63.0,6.01,-20.0,-84.0,-20.0,0.0,-80.0,0.0,0.0,-14.0,0.0,-0.2,0.0,0.0,0.0,0.0,0.0,1.0,0.0,-0.0,-0.0,3.0
12,2018-866-marcin prachnio--sam alvey,2018,0,700,701,Marcin Prachnio,sam alvey,205,185,0,20.0,1479.375,1500.0,-20.625,0,54.0,54.0,-3.15,20.0,53.0,25.0,0.0,75.0,0.0,0.0,11.0,0.0,0.0,0.0,0.0,0.0,0.0,0.0,0.0,0.0,-0.0,-0.0,0.0
12,2018-867-marcin tybura--stefan struve,2018,0,467,497,Marcin Tybura,stefan struve,265,185,0,80.0,1499.7267344511,1500.0,-0.273265548900099,1,48.0,55.0,-3.33,33.0,75.0,35.8,7.1,57.1,8.0,0.0,23.0,0.0,0.2,60.0,66.66666666666667,66.66666666666667,0.0,0.0,2.0,0.8655999999999999,15.0,15.0,-1.3333333333333333
12,2018-868-marco polo reyes--matt frevola,2018,0,586,702,Matt Frevola,marco polo reyes,155,185,0,-30.0,1503.09375,1500.0,3.09375,0,40.0,57.0,-3.69,39.0,36.0,50.0,16.7,33.3,1.0,0.0,12.0,0.0,0.2,100.0,100.0,0.0,100.0,0.0,1.0,1.0,-0.0,-0.0,0.0
12,2018-869-marlon vera--wulijiburen,2018,0,280,703,Marlon Vera,wulijiburen,135,185,0,-50.0,1457.2218176924446,1500.0,-42.778182307555426,1,49.0,50.0,-5.37,39.0,72.0,46.599999999999994,26.7,26.7,6.0,0.0,24.0,0.0,0.2,60.0,66.66666666666667,33.333333333333336,33.333333333333336,0.0,2.0,0.8655999999999999,15.0,15.0,-1.1666666666666667
12,2018-870-matt schnell--naoki inoue,2018,0,469,704,Matt Schnell,naoki inoue,125,185,0,-60.0,1487.3890351485704,1500.0,-12.610964851429571,1,40.0,55.0,-4.17,40.0,43.0,0.0,42.9,57.1,4.0,0.0,14.0,0.0,0.2,33.333333333333336,0.0,0.0,0.0,0.0,-1.0,0.24,-0.0,-0.0,2.3333333333333335
12,2018-871-max griffin--mike perry,2018,0,410,494,Max Griffin,mike perry,170,185,0,-15.0,1457.5684270309098,1500.0,-42.43157296909021,1,47.0,58.0,-3.7,40.0,70.0,37.5,0.0,62.5,0.0,0.0,18.0,0.0,0.2,33.333333333333336,100.0,100.0,0.0,0.0,-2.0,0.16000000000000003,-0.0,-0.0,-1.3333333333333333
12,2018-872-merab dvalishvili--ricky simon,2018,0,549,558,Ricky Simon,Merab Dvalishvili,135,135,1,0.0,1505.8125,1485.9375,19.875,1,2.0,5.0,-1.2400000000000002,8.0,-7.0,10.5,19.6,-30.099999999999994,-6.0,-3.0,1.0,0.0,0.0,100.0,0.0,0.0,0.0,0.0,2.0,1.0,-0.0,-0.0,2.0
12,2018-873-merab dvalishvili--terrion ware,2018,0,558,596,Merab Dvalishvili,terrion ware,135,185,0,-50.0,1465.607141175605,1500.0,-34.392858824395034,1,42.0,56.0,-2.48,35.0,82.0,7.7,7.7,84.6,9.0,3.0,15.0,0.0,0.2,0.0,0.0,0.0,0.0,0.0,-1.0,0.0,-0.0,-0.0,-1.0
12,2018-874-mike davis--sodiq yusuff,2018,0,705,706,Sodiq Yusuff,Mike Davis,155,155,1,0.0,1500.0,1500.0,0.0,1,-4.0,-1.0,0.9400000000000004,-21.0,2.0,-11.399999999999999,-5.699999999999999,17.1,2.0,0.0,3.0,0.0,0.0,0.0,0.0,0.0,0.0,0.0,0.0,0.0,-0.0,-0.0,0.0
12,2018-875-montel jackson--ricky simon,2018,0,549,631,Ricky Simon,Montel Jackson,135,135,1,0.0,1509.878571764879,1504.125,5.753571764879098,1,-9.0,-1.0,-2.33,-19.0,7.0,-21.8,17.3,4.5,2.0,0.0,4.0,0.0,0.2,100.0,0.0,0.0,0.0,0.0,1.0,1.0,-0.0,-0.0,1.0
12,2018-876-montel jackson--rico disciullo,2018,0,631,707,Montel Jackson,rico disciullo,135,185,0,-50.0,1477.4442414367443,1500.0,-22.555758563255722,1,53.0,62.0,-1.39,62.0,68.0,40.0,10.0,50.0,1.0,0.0,12.0,0.0,0.0,0.0,0.0,0.0,0.0,0.0,0.0,0.0,-0.0,-0.0,0.0
12,2018-877-muslim salikhov--ricky rainey,2018,0,489,708,Muslim Salikhov,ricky rainey,170,185,0,-15.0,1484.53125,1500.0,-15.46875,1,49.0,62.0,-2.92,32.0,72.0,55.6,0.0,44.4,0.0,0.0,13.0,0.0,0.2,0.0,0.0,0.0,0.0,0.0,-1.0,0.0,-0.0,-0.0,0.0
12,2018-878-nasrat haqparast--thibault gouti,2018,0,588,709,Nasrat Haqparast,thibault gouti,155,185,0,-30.0,1497.4176036190406,1500.0,-2.5823963809593806,1,45.0,63.0,-6.01,20.0,84.0,20.0,0.0,80.0,0.0,0.0,14.0,0.0,0.2,0.0,0.0,0.0,0.0,0.0,-1.0,0.0,-0.0,-0.0,-3.0
12,2018-879-neil magny--santiago ponzinibbio,2018,0,187,203,Neil Magny,Santiago Ponzinibbio,170,170,1,0.0,1631.8065230649463,1598.2636901451608,33.542832919785496,0,5.0,-10.0,2.2099999999999995,12.0,-16.0,-27.9,8.7,19.199999999999996,10.0,0.0,15.0,0.0,0.0,-40.0,-6.666666666666664,-6.666666666666664,0.0,0.0,-6.0,-0.6384,-3.8000000000000007,0.1999999999999993,0.33333333333333326
12,2018-880-niko price--randy brown,2018,0,393,394,Niko Price,Randy Brown,170,170,1,0.0,1472.7934722819846,1487.311654882839,-14.518182600854516,1,-4.0,-6.0,-2.29,-11.0,-23.0,21.4,3.6000000000000014,-25.0,0.0,0.0,-3.0,0.0,0.0,6.666666666666671,66.66666666666666,50.0,16.666666666666664,0.0,2.0,0.3984,-0.0,-0.0,7.401486830834377e-17
12,2018-881-nordine taleb--sean strickland,2018,0,275,276,nordine taleb,Sean Strickland,185,185,1,0.0,1500.0,1477.4490165060204,22.55098349397963,0,-42.0,-60.0,4.57,-64.0,-76.0,-25.0,-6.2,-68.8,-6.0,-1.0,-23.0,0.0,-0.2,-60.0,-33.333333333333336,-33.333333333333336,0.0,0.0,1.0,-0.3744,-9.0,-9.0,0.06666666666666665
12,2018-882-paulo costa--uriah hall,2018,0,191,559,uriah hall,Paulo Costa,185,185,1,0.0,1500.0,1512.3291478385215,-12.329147838521521,0,-58.0,-49.0,6.2,-50.0,-80.0,-57.1,0.0,-42.9,-4.0,0.0,-11.0,0.0,-0.2,-100.0,-100.0,-100.0,0.0,0.0,-3.0,-1.0,-0.0,-0.0,0.0
12,2018-883-petr yan--teruto ishihara,2018,0,463,667,teruto ishihara,Petr Yan,185,135,0,50.0,1500.0,1531.8737448605355,-31.873744860535453,0,-54.0,-58.0,4.14,-48.0,-85.0,-36.4,0.0,-63.6,-9.0,-2.0,-15.0,0.0,0.0,0.0,0.0,0.0,0.0,0.0,0.0,0.0,-0.0,-0.0,0.0
12,2018-884-rani yahya--russell doane,2018,0,17,475,Rani Yahya,russell doane,135,185,0,-50.0,1509.5275136335215,1500.0,9.527513633521494,1,38.0,50.0,-2.08,30.0,29.0,0.0,64.7,35.3,0.0,0.0,27.0,0.0,0.2,80.0,50.0,0.0,50.0,0.0,-1.0,0.4,6.0,6.0,0.4666666666666666
12,2018-885-raphael assuncao--rob font,2018,0,260,290,Rob Font,raphael assuncao,135,185,0,-50.0,1490.5457753388519,1500.0,-9.454224661148146,0,46.0,57.0,-3.67,34.0,42.0,50.0,8.3,41.7,9.0,0.0,19.0,0.0,0.2,60.0,100.0,66.66666666666667,33.333333333333336,0.0,1.0,0.7216,7.0,7.0,-2.6666666666666665
12,2018-886-ricky rainey--tim means,2018,0,119,708,Tim Means,ricky rainey,170,185,0,-15.0,1475.9083956236107,1500.0,-24.09160437638934,1,49.0,60.0,-3.65,40.0,64.0,40.0,13.3,46.7,0.0,0.0,29.0,0.0,0.2,60.0,66.66666666666667,66.66666666666667,0.0,0.0,-1.0,0.30400000000000005,15.0,-0.0,0.06666666666666665
12,2018-887-rob font--sergio pettis,2018,0,209,260,sergio pettis,Rob Font,185,135,0,50.0,1500.0,1471.1840738272017,28.8159261727983,0,-46.0,-57.0,3.67,-34.0,-42.0,-50.0,-8.3,-41.7,-9.0,0.0,-19.0,0.0,-0.2,-60.0,-100.0,-66.66666666666667,-33.333333333333336,0.0,-1.0,-0.7216,-7.0,-7.0,2.6666666666666665
12,2018-888-rob font--thomas almeida,2018,0,260,408,Rob Font,thomas almeida,135,185,0,-50.0,1547.6284500838583,1500.0,47.6284500838583,1,46.0,57.0,-3.67,34.0,42.0,50.0,8.3,41.7,9.0,0.0,19.0,0.0,0.2,60.0,100.0,66.66666666666667,33.333333333333336,0.0,1.0,0.7216,7.0,7.0,-2.6666666666666665
12,2018-889-robert whittaker--yoel romero,2018,0,121,595,Robert Whittaker,yoel romero,185,185,1,0.0,1634.8719431642937,1500.0,134.87194316429373,1,43.0,59.0,-3.36,38.0,82.0,35.3,0.0,64.7,12.0,2.0,24.0,0.0,0.2,100.0,60.0,60.0,0.0,1.0,5.0,1.0,10.8,11.0,1.2666666666666668
12,2018-890-sergio moraes--tim means,2018,0,119,198,Tim Means,sergio moraes,170,185,0,-15.0,1480.1047893593018,1500.0,-19.895210640698224,0,49.0,60.0,-3.65,40.0,64.0,40.0,13.3,46.7,0.0,0.0,29.0,0.0,0.2,60.0,66.66666666666667,66.66666666666667,0.0,0.0,-1.0,0.30400000000000005,15.0,-0.0,0.06666666666666665
12,2018-891-sodiq yusuff--suman mokhtarian,2018,0,705,710,Sodiq Yusuff,suman mokhtarian,155,185,0,-30.0,1503.025,1500.0,3.025000000000091,1,49.0,53.0,-4.29,23.0,62.0,28.6,14.3,57.1,2.0,0.0,11.0,0.0,0.0,0.0,0.0,0.0,0.0,0.0,0.0,0.0,-0.0,-0.0,0.0
12,2018-892-song yadong--vince morales,2018,0,514,666,Song Yadong,Vince Morales,135,135,1,0.0,1507.2095674478971,1479.375,27.834567447897143,1,6.0,2.0,-0.0,-2.0,15.0,12.100000000000009,9.1,-21.200000000000003,7.0,0.0,3.0,0.0,0.2,100.0,100.0,0.0,100.0,0.0,1.0,1.0,-0.0,-0.0,0.0
12,2019-1000-cub swanson--shane burgos,2019,0,18,635,Cub Swanson,shane burgos,145,185,0,-40.0,1564.4077155000582,1500.0,64.4077155000582,0,51.0,59.0,-4.0,50.0,63.0,35.0,10.0,55.0,7.0,0.0,33.0,0.0,0.2,40.0,0.0,0.0,0.0,0.0,-2.0,0.12160000000000003,12.8,13.4,1.2666666666666668
12,2019-1001-curtis blaydes--justin willis,2019,0,405,770,Curtis Blaydes,justin willis,265,185,0,80.0,1622.6993943162333,1500.0,122.69939431623334,1,50.0,58.0,-2.0,48.0,31.0,57.1,0.0,42.9,13.0,0.0,19.0,0.0,0.2,80.0,50.0,50.0,0.0,0.0,2.0,0.904,13.0,13.0,1.5
12,2019-1002-curtis blaydes--shamil abdurakhimov,2019,0,405,429,Curtis Blaydes,shamil abdurakhimov,265,185,0,80.0,1667.0274384315574,1500.0,167.02743843155736,1,50.0,58.0,-2.0,48.0,31.0,57.1,0.0,42.9,13.0,0.0,19.0,0.0,0.2,80.0,50.0,50.0,0.0,0.0,2.0,0.904,13.0,13.0,1.5
12,2019-1003-curtis millender--elizeu zaleski dos santos,2019,0,331,649,Elizeu Zaleski dos Santos,curtis millender,170,185,0,-15.0,1545.0991436371114,1500.0,45.09914363711141,1,41.0,55.0,-3.56,20.0,67.0,36.4,9.1,54.5,1.0,0.0,18.0,0.0,0.2,100.0,60.0,60.0,0.0,0.0,5.0,1.0,-0.0,-0.0,0.9166666666666667
12,2019-1004-dalcha lungiambula--magomed ankalaev,2019,0,699,771,Magomed Ankalaev,dalcha lungiambula,205,185,0,20.0,1486.8585601134055,1500.0,-13.141439886594526,1,52.0,57.0,-2.46,22.0,87.0,50.0,0.0,50.0,7.0,1.0,14.0,0.0,0.2,50.0,100.0,100.0,0.0,0.0,-1.0,0.4,-0.0,-0.0,0.0
12,2019-1005-damir hadzovic--marco polo reyes,2019,0,419,702,Damir Hadzovic,marco polo reyes,155,185,0,-30.0,1452.2771736370005,1500.0,-47.72282636299951,1,47.0,59.0,-3.74,54.0,34.0,50.0,0.0,50.0,0.0,0.0,10.0,0.0,0.2,50.0,50.0,50.0,0.0,0.0,-1.0,0.336,-0.0,-0.0,-1.3333333333333333
12,2019-1006-damir ismagulov--joel alvarez,2019,0,772,773,damir ismagulov,Joel Alvarez,185,155,0,30.0,1500.0,1500.0,0.0,1,-53.0,-50.0,3.32,0.0,-40.0,-57.1,-42.9,0.0,-1.0,0.0,-9.0,0.0,0.0,0.0,0.0,0.0,0.0,0.0,0.0,0.0,-0.0,-0.0,0.0
12,2019-1007-damir ismagulov--thiago moises,2019,0,629,772,Thiago Moises,damir ismagulov,155,185,0,-30.0,1474.9244772829773,1500.0,-25.07552271702275,0,42.0,53.0,-4.08,35.0,52.0,22.299999999999994,33.3,44.4,0.0,0.0,16.0,0.0,0.2,50.0,100.0,100.0,0.0,0.0,1.0,0.6,-0.0,-0.0,-4.666666666666667
12,2019-1008-dan hooker--james vick,2019,0,235,344,Dan Hooker,james vick,155,185,0,-30.0,1552.4813320821968,1500.0,52.481332082196786,1,48.0,51.0,-4.72,34.0,78.0,50.0,14.3,35.7,7.0,0.0,22.0,0.0,0.2,80.0,100.0,75.0,25.0,0.0,2.0,0.904,15.0,15.0,-2.3333333333333335
12,2019-1009-dan ige--danny henry,2019,0,535,774,Dan Ige,danny henry,145,185,0,-40.0,1491.200596758833,1500.0,-8.799403241167056,1,45.0,56.0,-3.56,25.0,56.0,41.599999999999994,16.7,41.7,6.0,0.0,21.0,0.0,0.2,75.0,66.66666666666667,33.333333333333336,33.333333333333336,0.0,-1.0,0.4,-0.0,-0.0,-0.6666666666666667
12,2019-1010-dan ige--kevin aguilar,2019,0,535,775,Dan Ige,kevin aguilar,145,185,0,-40.0,1495.3517093541907,1500.0,-4.648290645809311,1,45.0,56.0,-3.56,25.0,56.0,41.599999999999994,16.7,41.7,6.0,0.0,21.0,0.0,0.2,75.0,66.66666666666667,33.333333333333336,33.333333333333336,0.0,-1.0,0.4,-0.0,-0.0,-0.6666666666666667
12,2019-1011-dan moret--jared gordon,2019,0,567,654,Jared Gordon,dan moret,155,185,0,-30.0,1450.4867582740942,1500.0,-49.5132417259058,1,55.0,56.0,-3.91,32.0,62.0,33.3,0.0,66.7,0.0,0.0,15.0,0.0,0.2,50.0,50.0,50.0,0.0,0.0,-2.0,0.16000000000000003,-0.0,-0.0,3.0
12,2019-1012-daniel rodriguez--rico farrington,2019,0,776,777,Daniel Rodriguez,rico farrington,170,185,0,-15.0,1500.0,1500.0,0.0,1,49.0,57.0,-5.4,50.0,64.0,27.3,9.1,63.6,3.0,0.0,15.0,0.0,0.0,0.0,0.0,0.0,0.0,0.0,0.0,0.0,-0.0,-0.0,0.0
12,2019-1013-danilo belluardo--joel alvarez,2019,0,773,778,Joel Alvarez,danilo belluardo,155,185,0,-30.0,1469.875,1500.0,-30.125,1,53.0,50.0,-3.32,0.0,40.0,57.1,42.9,0.0,1.0,0.0,9.0,0.0,0.0,0.0,0.0,0.0,0.0,0.0,0.0,0.0,-0.0,-0.0,0.0
12,2019-1014-danny roberts--michel pereira,2019,0,779,780,Michel Pereira,danny roberts,185,185,1,0.0,1500.0,1500.0,0.0,1,52.0,51.0,-4.35,52.0,76.0,22.299999999999994,33.3,44.4,1.0,0.0,14.0,0.0,0.0,0.0,0.0,0.0,0.0,0.0,0.0,0.0,-0.0,-0.0,0.0
12,2019-1015-darko stosic--kennedy nzechukwu,2019,0,508,781,Kennedy Nzechukwu,darko stosic,265,185,0,80.0,1504.6360336565342,1500.0,4.6360336565342095,1,46.0,51.0,-4.89,45.0,80.0,70.0,10.0,20.0,0.0,0.0,16.0,0.0,0.2,100.0,50.0,50.0,0.0,0.0,2.0,1.0,-0.0,-0.0,0.0
12,2019-1016-darren elkins--ryan hall,2019,0,64,306,Darren Elkins,Ryan Hall,145,185,0,-40.0,1585.4664040823736,1500.0,85.46640408237363,0,38.0,51.0,-3.34,34.0,56.0,20.999999999999993,15.8,63.2,7.0,0.0,30.0,0.0,0.2,60.0,66.66666666666667,33.333333333333336,33.333333333333336,0.0,1.0,0.664,9.8,8.8,1.6
12,2019-1017-darren till--kelvin gastelum,2019,0,163,657,Kelvin Gastelum,darren till,185,185,1,0.0,1600.7084856537754,1500.0,100.70848565377537,0,42.0,57.0,-3.49,34.0,58.0,23.1,15.4,61.5,9.0,1.0,23.0,0.0,0.2,80.0,50.0,50.0,0.0,0.0,1.0,0.76,11.0,14.25,0.4666666666666667
12,2019-1018-davey grant--grigory popov,2019,0,168,782,Davey Grant,grigory popov,135,185,0,-50.0,1485.0369953417155,1500.0,-14.96300465828449,1,44.0,55.0,-3.74,40.0,63.0,37.5,12.5,50.0,0.0,0.0,14.0,0.0,0.2,25.0,0.0,0.0,0.0,1.0,-1.0,0.24,-0.0,-0.0,4.0
12,2019-1019-davi ramos--islam makhachev,2019,0,295,738,Islam Makhachev,davi ramos,170,185,0,-15.0,1562.213083503907,1500.0,62.213083503907,1,58.0,61.0,-1.55,53.0,90.0,18.8,50.0,31.2,8.0,5.0,17.0,0.0,0.2,100.0,60.0,20.0,40.0,0.0,5.0,1.0,-0.0,-0.0,2.6666666666666665
12,2019-1020-david branch--jack hermansson,2019,0,398,659,Jack Hermansson,david branch,185,185,1,0.0,1502.4313041563294,1500.0,2.431304156329361,1,45.0,57.0,-3.7,29.0,80.0,27.200000000000006,27.3,45.5,5.0,0.0,18.0,0.0,0.2,80.0,100.0,75.0,25.0,0.0,4.0,0.9743999999999999,5.0,5.0,2.3333333333333335
12,2019-1021-deiveson figueiredo--jussier formiga,2019,0,340,539,jussier formiga,Deiveson Figueiredo,185,135,0,50.0,1500.0,1653.7697896995965,-153.76978969959646,1,-54.0,-49.0,3.64,-35.0,-58.0,-30.700000000000006,-30.8,-38.5,-10.0,-3.0,-19.0,0.0,-0.2,-100.0,-75.0,-75.0,0.0,0.0,-4.0,-1.0,-10.0,-10.0,-1.6666666666666667
12,2019-1022-deiveson figueiredo--tim elliott,2019,0,140,539,Tim Elliott,Deiveson Figueiredo,125,135,0,-10.0,1504.8328485027396,1641.2308005588127,-136.3979520560731,0,-10.0,8.0,0.9900000000000002,12.0,1.0,-30.700000000000006,-0.8000000000000007,31.5,-1.0,-3.0,2.0,0.0,0.0,-60.0,-25.0,-75.0,50.0,1.0,-3.0,-0.30400000000000005,2.4000000000000004,-1.25,-1.5333333333333334
12,2019-1023-derrick krantz--song kenan,2019,0,517,783,Song Kenan,derrick krantz,170,185,0,-15.0,1482.5029118645862,1500.0,-17.497088135413833,1,46.0,51.0,-5.82,30.0,73.0,50.0,0.0,50.0,0.0,0.0,11.0,0.0,0.2,66.66666666666667,100.0,100.0,0.0,0.0,1.0,0.76,-0.0,-0.0,-3.0
12,2019-1024-derrick krantz--vicente luque,2019,0,339,783,Vicente Luque,derrick krantz,170,185,0,-15.0,1513.9844548193937,1500.0,13.984454819393704,1,51.0,52.0,-5.25,51.0,61.0,50.0,37.5,12.5,8.0,0.0,23.0,0.0,0.2,80.0,100.0,50.0,50.0,0.0,2.0,0.904,-0.0,-0.0,-1.0
12,2019-1025-derrick lewis--junior dos santos,2019,0,243,693,Derrick Lewis,junior dos santos,265,185,0,80.0,1703.772112512215,1500.0,203.77211251221502,0,50.0,40.0,-2.49,26.0,52.0,80.0,0.0,20.0,14.0,0.0,30.0,0.0,0.2,80.0,75.0,75.0,0.0,1.0,3.0,0.9616,10.0,14.0,1.3333333333333335
12,2019-1026-desmond torres--steve garcia,2019,0,784,785,Steve Garcia,desmond torres,145,185,0,-40.0,1500.0,1500.0,0.0,1,48.0,57.0,-2.2,40.0,88.0,87.5,0.0,12.5,1.0,0.0,10.0,0.0,0.0,0.0,0.0,0.0,0.0,0.0,0.0,0.0,-0.0,-0.0,0.0
12,2019-1027-devin clark--ryan spann,2019,0,544,582,devin clark,Ryan Spann,185,205,0,-20.0,1500.0,1502.6348952643539,-2.6348952643538723,0,-39.0,-43.0,4.14,-34.0,-52.0,-30.0,-50.0,-20.0,-3.0,0.0,-17.0,0.0,-0.2,-66.66666666666667,-50.0,0.0,-50.0,0.0,-2.0,-0.84,-0.0,-0.0,-2.3333333333333335
12,2019-1028-diego ferreira--mairbek taisumov,2019,0,224,418,Diego Ferreira,mairbek taisumov,155,185,0,-30.0,1507.0408335058492,1500.0,7.04083350584915,1,40.0,55.0,-3.46,30.0,57.0,50.0,20.0,30.0,1.0,0.0,16.0,0.0,0.2,80.0,75.0,50.0,25.0,0.0,3.0,0.9616,14.0,14.0,-0.6666666666666666
12,2019-1029-diego ferreira--rustam khabilov,2019,0,224,786,Diego Ferreira,rustam khabilov,155,185,0,-30.0,1524.3609832983132,1500.0,24.36098329831316,1,40.0,55.0,-3.46,30.0,57.0,50.0,20.0,30.0,1.0,0.0,16.0,0.0,0.2,80.0,75.0,50.0,25.0,0.0,3.0,0.9616,14.0,14.0,-0.6666666666666666
12,2019-1030-diego sanchez--michael chiesa,2019,0,6,114,diego sanchez,Michael Chiesa,185,170,0,15.0,1500.0,1542.8707921196235,-42.8707921196235,0,-40.0,-57.0,1.73,-47.0,-67.0,0.0,-57.1,-42.9,-5.0,-1.0,-21.0,0.0,-0.2,-60.0,-66.66666666666667,0.0,-66.66666666666667,0.0,1.0,-0.30400000000000005,-9.4,-10.25,-3.0
12,2019-1031-diego sanchez--mickey gall,2019,0,6,403,diego sanchez,Mickey Gall,185,170,0,15.0,1500.0,1495.5921670467053,4.407832953294701,1,-49.0,-49.0,4.72,-32.0,-37.0,0.0,-83.3,-16.7,0.0,0.0,-13.0,0.0,-0.2,-80.0,-100.0,0.0,-100.0,0.0,-1.0,-0.76,-0.0,-0.0,1.3333333333333333
12,2019-1032-dominick reyes--volkan oezdemir,2019,0,546,576,Dominick Reyes,Volkan Oezdemir,205,205,1,0.0,1615.5620957798537,1614.938929811777,0.6231659680768189,1,6.0,-5.0,0.6799999999999997,-1.0,2.0,16.700000000000003,-1.4000000000000004,-15.3,-2.0,0.0,-2.0,0.0,0.0,40.0,8.333333333333329,-16.66666666666667,25.0,-1.0,6.0,0.84,-0.5,-0.5,2.0
12,2019-1033-don madge--fares ziam,2019,0,787,788,don madge,Fares Ziam,185,155,0,30.0,1500.0,1500.0,0.0,1,-51.0,-64.0,1.62,-40.0,-70.0,-14.3,0.0,-85.7,0.0,0.0,-9.0,0.0,0.0,0.0,0.0,0.0,0.0,0.0,0.0,0.0,-0.0,-0.0,0.0
12,2019-1034-donald cerrone--justin gaethje,2019,0,93,552,donald cerrone,Justin Gaethje,185,155,0,30.0,1500.0,1556.057434334312,-56.05743433431189,0,-58.0,-51.0,7.18,-14.0,-68.0,-66.7,0.0,-33.3,-9.0,-1.0,-14.0,0.0,-0.2,-50.0,-100.0,-100.0,0.0,0.0,1.0,-0.336,-14.0,-14.0,0.0
12,2019-1035-douglas silva de andrade--renan barao,2019,0,250,454,Douglas Silva de Andrade,renan barao,135,185,0,-50.0,1489.5457023547156,1500.0,-10.454297645284441,1,38.0,57.0,-3.93,42.0,72.0,28.6,14.3,57.1,0.0,0.0,13.0,0.0,0.2,60.0,33.333333333333336,33.333333333333336,0.0,0.0,1.0,0.664,5.5,5.5,0.7777777777777777
12,2019-1036-drew dober--marco polo reyes,2019,0,32,702,Drew Dober,marco polo reyes,155,185,0,-30.0,1498.8084917516007,1500.0,-1.1915082483992592,1,40.0,51.0,-4.33,17.0,56.0,71.5,7.1,21.4,1.0,0.0,25.0,0.0,0.2,100.0,40.0,40.0,0.0,0.0,5.0,1.0,-0.0,-0.0,0.3333333333333333
12,2019-1037-dusko todorovic--teddy ash,2019,0,789,790,Dusko Todorovic,teddy ash,185,185,1,0.0,1500.0,1500.0,0.0,1,57.0,47.0,-4.53,17.0,42.0,75.0,0.0,25.0,0.0,0.0,10.0,0.0,0.0,0.0,0.0,0.0,0.0,0.0,0.0,0.0,-0.0,-0.0,0.0
12,2019-1038-dustin poirier--max holloway,2019,1,136,137,dustin poirier,Max Holloway,185,145,0,40.0,1500.0,1778.2876290320594,-278.2876290320594,1,-48.0,-59.0,4.74,-53.0,-83.0,-47.8,-8.7,-43.5,-15.0,-5.0,-31.0,0.0,-0.2,-100.0,-80.0,-80.0,0.0,-4.0,-5.0,-1.0,-12.4,-17.0,-0.5333333333333334
12,2019-1039-edmen shahbazyan--jack marshman,2019,0,619,791,Edmen Shahbazyan,jack marshman,185,185,1,0.0,1559.3623043661582,1500.0,59.36230436615824,1,48.0,48.0,-3.62,37.0,66.0,66.7,11.1,22.2,1.0,0.0,14.0,0.0,0.2,100.0,50.0,50.0,0.0,0.0,2.0,1.0,-0.0,-0.0,1.0
12,2019-1040-edson barboza--justin gaethje,2019,0,72,552,Edson Barboza,Justin Gaethje,155,155,1,0.0,1567.99231962438,1624.1701331130232,-56.177813488643324,0,-14.0,4.0,2.58,36.0,5.0,-16.700000000000003,0.0,16.700000000000003,2.0,-1.0,17.0,0.0,0.0,10.0,-33.33333333333333,-33.33333333333333,0.0,0.0,0.0,0.02560000000000001,-3.4000000000000004,-0.7999999999999998,-0.5333333333333332
12,2019-1041-edson barboza--paul felder,2019,0,72,329,Edson Barboza,paul felder,155,185,0,-30.0,1557.301149922998,1500.0,57.30114992299809,0,44.0,55.0,-4.6,50.0,73.0,50.0,0.0,50.0,11.0,0.0,31.0,0.0,0.2,60.0,66.66666666666667,66.66666666666667,0.0,0.0,-1.0,0.36160000000000003,10.6,13.2,-0.5333333333333332
12,2019-1042-eduardo garagorri--ricardo ramos,2019,0,484,792,Ricardo Ramos,eduardo garagorri,145,185,0,-40.0,1516.5184374892915,1500.0,16.5184374892915,1,36.0,54.0,-4.06,57.0,70.0,25.0,12.5,62.5,0.0,0.0,14.0,0.0,0.2,100.0,33.333333333333336,33.333333333333336,0.0,0.0,3.0,1.0,-0.0,-0.0,1.3333333333333335
12,2019-1043-elizeu zaleski dos santos--li jingliang,2019,0,241,331,Li Jingliang,Elizeu Zaleski dos Santos,170,170,1,0.0,1537.073151449986,1581.8244820094956,-44.7513305595096,1,1.0,1.0,-0.3900000000000001,21.0,-7.0,36.300000000000004,-9.1,-27.2,1.0,0.0,0.0,0.0,0.0,-20.0,-10.0,-10.0,0.0,0.0,-6.0,-0.6,-0.0,-0.0,0.08333333333333326
12,2019-1044-enrique barzola--movsar evloev,2019,0,793,794,Movsar Evloev,enrique barzola,145,185,0,-40.0,1500.0,1500.0,0.0,1,48.0,60.0,-2.66,48.0,61.0,0.0,0.0,100.0,5.0,0.0,9.0,0.0,0.0,0.0,0.0,0.0,0.0,0.0,0.0,0.0,-0.0,-0.0,0.0
12,2019-1045-eryk anders--gerald meerschaert,2019,0,439,554,Gerald Meerschaert,Eryk Anders,185,185,1,0.0,1484.1560913946612,1466.3217869035673,17.834304491093917,0,-3.0,3.0,0.5999999999999996,6.0,-38.0,-47.3,91.7,-44.4,0.0,0.0,6.0,0.0,0.0,20.0,0.0,-66.66666666666666,66.66666666666667,0.0,2.0,0.456,-7.0,-7.0,-0.22222222222222224
12,2019-1046-eryk anders--khalil rountree jr,2019,0,384,554,Khalil Rountree Jr.,Eryk Anders,205,185,0,20.0,1475.0921001614206,1474.1711539506443,0.9209462107762647,1,-8.0,-1.0,-0.15000000000000036,-24.0,-22.0,14.399999999999999,0.0,-14.399999999999999,4.0,0.0,-2.0,0.0,0.0,20.0,0.0,0.0,0.0,1.0,2.0,0.46879999999999994,-7.0,-7.0,-4.888888888888889
12,2019-1047-eryk anders--vinicius moreira,2019,0,554,725,Eryk Anders,vinicius moreira,185,185,1,0.0,1439.0694303227547,1500.0,-60.93056967724533,1,48.0,50.0,-4.09,24.0,80.0,55.6,0.0,44.4,0.0,0.0,18.0,0.0,0.2,40.0,100.0,100.0,0.0,0.0,-1.0,0.2656,7.0,7.0,0.22222222222222224
12,2019-1048-francisco trinaldo--king green,2019,0,46,256,King Green,francisco trinaldo,155,185,0,-30.0,1480.743642591329,1500.0,-19.256357408670965,0,52.0,62.0,-3.72,39.0,74.0,17.699999999999996,23.5,58.8,3.0,0.0,32.0,0.0,0.2,40.0,0.0,0.0,0.0,0.0,1.0,0.6255999999999999,11.666666666666666,13.0,-0.6
12,2019-1049-frankie edgar--max holloway,2019,1,137,165,Max Holloway,frankie edgar,145,185,0,-40.0,1755.554454707642,1500.0,255.55445470764198,1,48.0,59.0,-4.74,53.0,83.0,47.8,8.7,43.5,15.0,5.0,31.0,0.0,0.2,100.0,80.0,80.0,0.0,4.0,5.0,1.0,12.4,17.0,0.5333333333333334
12,2019-1050-frankie saenz--marlon vera,2019,0,257,280,Frankie Saenz,Marlon Vera,185,135,0,50.0,1500.0,1479.5260021390663,20.47399786093365,0,-49.0,-50.0,5.37,-39.0,-72.0,-46.599999999999994,-26.7,-26.7,-6.0,0.0,-24.0,0.0,-0.2,-80.0,-100.0,-50.0,-50.0,0.0,1.0,-0.4,-15.0,-0.0,1.5333333333333334
12,2019-1051-gabriel benitez--sodiq yusuff,2019,0,302,705,gabriel benitez,Sodiq Yusuff,185,155,0,30.0,1500.0,1505.355766120636,-5.355766120635963,0,-49.0,-53.0,4.29,-23.0,-62.0,-28.6,-14.3,-57.1,-2.0,0.0,-11.0,0.0,-0.2,-100.0,-50.0,-50.0,0.0,0.0,-2.0,-1.0,-0.0,-0.0,0.0
12,2019-1052-gadzhimurad antigulov--michal oleksiejczuk,2019,0,676,795,gadzhimurad antigulov,Michal Oleksiejczuk,185,185,1,0.0,1500.0,1500.0,0.0,0,-51.0,-59.0,4.41,-43.0,-52.0,-88.9,0.0,-11.1,0.0,0.0,-16.0,0.0,0.0,0.0,0.0,0.0,0.0,0.0,0.0,0.0,-0.0,-0.0,0.0
12,2019-1053-geoff neal--mike perry,2019,0,494,525,mike perry,Geoff Neal,185,170,0,15.0,1500.0,1532.8911672898598,-32.89116728985982,0,-51.0,-57.0,5.48,-45.0,-87.0,-66.7,-11.1,-22.2,-4.0,0.0,-14.0,0.0,-0.2,-100.0,-100.0,-66.66666666666667,-33.333333333333336,0.0,-3.0,-1.0,-0.0,-0.0,0.0
12,2019-1054-geoff neal--niko price,2019,0,393,525,Niko Price,Geoff Neal,170,170,1,0.0,1482.7211548052796,1561.8903468575286,-79.16919205224895,0,-8.0,-9.0,-0.0699999999999994,-17.0,-37.0,-16.700000000000003,13.9,2.8000000000000007,-4.0,0.0,3.0,0.0,0.0,-40.0,0.0,0.0,0.0,0.0,-1.0,-0.12160000000000004,-0.0,-0.0,0.0
12,2019-1055-gerald meerschaert--kevin holland,2019,0,439,691,Gerald Meerschaert,Kevin Holland,185,170,0,15.0,1465.1656872485073,1486.478875265564,-21.313188017056746,0,-5.0,3.0,-0.27,-8.0,-13.0,-22.999999999999993,54.2,-31.2,-4.0,0.0,-3.0,0.0,0.0,-6.666666666666671,50.0,33.333333333333336,16.66666666666667,0.0,0.0,-0.03839999999999999,-7.0,-7.0,-0.33333333333333326
12,2019-1056-gerald meerschaert--trevin giles,2019,0,439,797,Gerald Meerschaert,trevin giles,185,185,1,0.0,1443.4206013133216,1500.0,-56.57939868667836,1,45.0,53.0,-3.49,30.0,42.0,8.3,91.7,0.0,0.0,0.0,24.0,0.0,0.2,60.0,100.0,33.333333333333336,66.66666666666667,0.0,1.0,0.7216,-0.0,-0.0,0.0
12,2019-1057-gian villante--michal oleksiejczuk,2019,0,795,798,Michal Oleksiejczuk,gian villante,185,185,1,0.0,1504.125,1500.0,4.125,1,51.0,59.0,-4.41,43.0,52.0,88.9,0.0,11.1,0.0,0.0,16.0,0.0,0.0,0.0,0.0,0.0,0.0,0.0,0.0,0.0,-0.0,-0.0,0.0
12,2019-1058-gilbert burns--gunnar nelson,2019,0,129,216,Gunnar Nelson,Gilbert Burns,170,170,1,0.0,1534.9841253167738,1498.7360388512452,36.24808646552856,0,13.0,-4.0,0.5800000000000001,15.0,15.0,-20.0,46.7,-26.700000000000003,0.0,0.0,-8.0,0.0,0.0,0.0,25.0,-50.0,75.0,0.0,1.0,0.14400000000000002,8.2,7.199999999999999,-1.4444444444444446
12,2019-1059-gilbert burns--mike davis,2019,0,216,706,Gilbert Burns,Mike Davis,170,155,0,15.0,1513.1768251622404,1488.65625,24.520575162240448,1,-5.0,-2.0,1.5900000000000003,-7.0,-7.0,-20.0,13.299999999999997,6.700000000000003,5.0,0.0,16.0,0.0,0.0,80.0,75.0,50.0,25.0,0.0,2.0,0.76,-0.0,-0.0,-0.6666666666666666
12,2019-1060-glover teixeira--ion cutelaba,2019,0,449,566,Ion Cutelaba,glover teixeira,205,185,0,20.0,1505.8656263846542,1500.0,5.865626384654206,0,43.0,47.0,-3.34,49.0,75.0,50.0,12.5,37.5,1.0,0.0,19.0,0.0,0.2,60.0,66.66666666666667,66.66666666666667,0.0,0.0,2.0,0.8784,5.0,5.0,1.0
12,2019-1061-glover teixeira--nikita krylov,2019,0,201,566,Nikita Krylov,glover teixeira,205,185,0,20.0,1509.6071655497146,1500.0,9.607165549714637,0,54.0,44.0,-2.58,38.0,53.0,36.29999999999999,45.5,18.2,7.0,0.0,20.0,0.0,0.2,60.0,100.0,33.333333333333336,66.66666666666667,0.0,-1.0,0.36160000000000003,9.5,9.5,0.0
12,2019-1062-grant dawson--julian erosa,2019,0,352,480,Julian Erosa,Grant Dawson,145,155,0,-10.0,1483.6071123534557,1502.3203125,-18.713200146544295,0,-4.0,4.0,-4.16,3.0,4.0,13.40000000000001,-1.7000000000000028,-11.700000000000003,-1.0,0.0,4.0,0.0,0.0,-50.0,-50.0,50.0,-100.0,0.0,0.0,-0.33599999999999997,-0.0,-0.0,1.0
12,2019-1063-grant dawson--michael trizano,2019,0,480,799,Grant Dawson,michael trizano,155,185,0,-30.0,1520.1028361601195,1500.0,20.102836160119523,1,52.0,44.0,-2.11,40.0,57.0,16.59999999999999,41.7,41.7,1.0,0.0,14.0,0.0,0.2,100.0,100.0,0.0,100.0,0.0,1.0,1.0,-0.0,-0.0,0.0
12,2019-1064-gunnar nelson--leon edwards,2019,0,129,228,Gunnar Nelson,Leon Edwards,170,170,1,0.0,1514.3361093658837,1591.8762411680618,-77.54013180217817,0,7.0,-5.0,-0.6400000000000001,16.0,5.0,-21.499999999999993,72.9,-51.400000000000006,-3.0,-3.0,-2.0,0.0,0.0,-20.0,80.0,-20.0,100.0,0.0,-3.0,-0.09599999999999997,1.5333333333333332,0.1999999999999993,-3.9111111111111114
12,2019-1065-henry cejudo--marlon moraes,2019,1,252,503,Henry Cejudo,marlon moraes,135,185,0,-50.0,1688.2705006390747,1500.0,188.27050063907473,1,47.0,59.0,-3.46,31.0,76.0,40.0,0.0,60.0,6.0,4.0,15.0,0.0,0.2,60.0,33.333333333333336,33.333333333333336,0.0,2.0,3.0,0.9359999999999999,13.6,16.666666666666668,1.3333333333333335
12,2019-1066-henry cejudo--tj dillashaw,2019,1,252,530,Henry Cejudo,tj dillashaw,135,185,0,-50.0,1789.4942872545353,1500.0,289.49428725453527,1,47.0,59.0,-3.46,31.0,76.0,40.0,0.0,60.0,6.0,4.0,15.0,0.0,0.2,60.0,33.333333333333336,33.333333333333336,0.0,2.0,3.0,0.9359999999999999,13.6,16.666666666666668,1.3333333333333335
12,2019-1067-ilir latifi--volkan oezdemir,2019,0,266,576,ilir latifi,Volkan Oezdemir,185,205,0,-20.0,1500.0,1602.519501224992,-102.51950122499193,0,-48.0,-55.0,4.22,-29.0,-80.0,-50.0,-12.5,-37.5,-8.0,0.0,-15.0,0.0,-0.2,-60.0,-66.66666666666667,-66.66666666666667,0.0,-1.0,2.0,-0.16000000000000003,-13.5,-13.5,-1.0
12,2019-1068-ion cutelaba--khalil rountree jr,2019,0,384,449,Khalil Rountree Jr.,Ion Cutelaba,205,205,1,0.0,1498.101842126749,1491.6630827568506,6.438759369898435,0,-3.0,2.0,-0.9000000000000004,-49.0,-17.0,20.0,-12.5,-7.5,3.0,0.0,-3.0,0.0,0.0,0.0,33.33333333333333,33.33333333333333,0.0,1.0,-1.0,-0.14400000000000002,-5.0,-5.0,-5.666666666666667
12,2019-1069-ismail naurdiev--michel prazeres,2019,0,442,755,michel prazeres,Ismail Naurdiev,185,185,1,0.0,1500.0,1474.875,25.125,0,-52.0,-64.0,1.77,-40.0,-73.0,0.0,0.0,-100.0,0.0,0.0,-6.0,0.0,0.0,0.0,0.0,0.0,0.0,0.0,0.0,0.0,-0.0,-0.0,0.0
12,2019-1070-ismail naurdiev--siyar bahadurzada,2019,0,755,800,Ismail Naurdiev,siyar bahadurzada,185,185,1,0.0,1494.922050874547,1500.0,-5.07794912545296,1,52.0,64.0,-1.77,40.0,73.0,0.0,0.0,100.0,0.0,0.0,6.0,0.0,0.0,0.0,0.0,0.0,0.0,0.0,0.0,0.0,-0.0,-0.0,0.0
12,2019-1071-israel adesanya--kelvin gastelum,2019,1,163,630,Kelvin Gastelum,Israel Adesanya,185,185,1,0.0,1578.8409330341674,1631.566611791716,-52.72567875754862,0,-6.0,2.0,-0.29000000000000004,23.0,-18.0,-15.399999999999999,15.4,0.0,0.0,-7.0,5.0,0.0,0.0,-20.0,0.0,0.0,0.0,0.0,-3.0,-0.24,-2.0,1.25,-2.1999999999999997
12,2019-1072-israel adesanya--robert whittaker,2019,1,121,630,Robert Whittaker,Israel Adesanya,185,185,1,0.0,1653.2246230151852,1717.4611087222786,-64.23648570709338,0,-5.0,4.0,-0.1599999999999997,27.0,6.0,-3.200000000000003,0.0,3.200000000000003,3.0,-6.0,6.0,0.0,0.0,0.0,-10.0,-10.0,0.0,1.0,1.0,0.0,-2.1999999999999993,1.25,-0.733333333333333
12,2019-1073-jacare souza--jack hermansson,2019,0,398,570,Jack Hermansson,jacare souza,185,185,1,0.0,1540.3149130823533,1500.0,40.314913082353314,1,45.0,57.0,-3.7,29.0,80.0,27.200000000000006,27.3,45.5,5.0,0.0,18.0,0.0,0.2,80.0,100.0,75.0,25.0,0.0,4.0,0.9743999999999999,5.0,5.0,2.3333333333333335
12,2019-1074-jacare souza--jan blachowicz,2019,0,265,570,Jan Blachowicz,jacare souza,205,185,0,20.0,1582.404362420945,1500.0,82.40436242094506,1,49.0,52.0,-3.03,48.0,69.0,41.599999999999994,16.7,41.7,7.0,2.0,21.0,0.0,0.2,80.0,50.0,0.0,50.0,0.0,2.0,0.904,10.2,11.5,2.2204460492503132e-17
12,2019-1075-jack hermansson--jared cannonier,2019,0,346,398,Jared Cannonier,Jack Hermansson,185,185,1,0.0,1521.1263364630397,1557.2205039397074,-36.094167476667735,1,4.0,-1.0,-0.6499999999999995,11.0,-16.0,36.39999999999999,-27.3,-9.100000000000001,3.0,0.0,2.0,0.0,0.0,-40.0,0.0,25.0,-25.0,0.0,-5.0,-0.696,6.666666666666666,6.666666666666666,-3.666666666666667
12,2019-1076-jake matthews--rostem akman,2019,0,239,801,Jake Matthews,rostem akman,170,185,0,-15.0,1481.909967506786,1500.0,-18.09003249321404,1,43.0,60.0,-2.63,42.0,67.0,13.3,40.0,46.7,0.0,0.0,22.0,0.0,0.2,80.0,50.0,0.0,50.0,0.0,2.0,0.904,-0.0,-0.0,0.0
12,2019-1077-jalin turner--matt frevola,2019,0,586,687,Matt Frevola,jalin turner,155,185,0,-30.0,1486.8171279296143,1500.0,-13.182872070385656,1,40.0,57.0,-3.69,39.0,36.0,50.0,16.7,33.3,1.0,0.0,12.0,0.0,0.2,50.0,100.0,0.0,100.0,0.0,-1.0,0.4,-0.0,-0.0,0.0
12,2019-1078-james vick--niko price,2019,0,344,393,james vick,Niko Price,185,170,0,15.0,1500.0,1463.251173319692,36.74882668030796,0,-43.0,-48.0,5.55,-28.0,-50.0,-50.0,-25.0,-25.0,0.0,0.0,-17.0,0.0,-0.2,-60.0,-100.0,-66.66666666666667,-33.333333333333336,0.0,-2.0,-0.8784,-0.0,-0.0,0.0
12,2019-1079-jamie pickett--punahele soriano,2019,0,802,803,Punahele Soriano,jamie pickett,170,185,0,-15.0,1500.0,1500.0,0.0,1,53.0,48.0,-3.88,56.0,37.0,66.7,0.0,33.3,0.0,0.0,10.0,0.0,0.0,0.0,0.0,0.0,0.0,0.0,0.0,0.0,-0.0,-0.0,0.0
12,2019-1080-jan blachowicz--luke rockhold,2019,0,265,804,Jan Blachowicz,luke rockhold,205,185,0,20.0,1592.293185604614,1500.0,92.29318560461411,1,49.0,52.0,-3.03,48.0,69.0,41.599999999999994,16.7,41.7,7.0,2.0,21.0,0.0,0.2,80.0,50.0,0.0,50.0,0.0,2.0,0.904,10.2,11.5,2.2204460492503132e-17
12,2019-1081-jan blachowicz--thiago santos,2019,0,265,564,Jan Blachowicz,thiago santos,205,185,0,20.0,1670.9826022945776,1500.0,170.98260229457765,0,49.0,52.0,-3.03,48.0,69.0,41.599999999999994,16.7,41.7,7.0,2.0,21.0,0.0,0.2,80.0,50.0,0.0,50.0,0.0,2.0,0.904,10.2,11.5,2.2204460492503132e-17
12,2019-1082-jason gonzalez--jim miller,2019,0,30,432,Jim Miller,jason gonzalez,155,185,0,-30.0,1449.9619322417702,1500.0,-50.03806775822977,1,42.0,56.0,-3.44,45.0,48.0,22.299999999999994,48.1,29.6,2.0,0.0,45.0,0.0,0.2,20.0,100.0,0.0,100.0,0.0,-1.0,0.24,9.8,12.0,-1.0666666666666667
12,2019-1083-jeremy stephens--yair rodriguez,2019,0,21,273,Jeremy Stephens,Yair Rodriguez,155,145,0,10.0,1597.6291923123563,1581.1729939985257,16.456198313830555,0,-6.0,6.0,0.6399999999999997,9.0,3.0,16.9,-9.1,-7.799999999999997,-1.0,-2.0,19.0,0.0,0.0,-20.0,-8.333333333333329,-8.333333333333329,0.0,0.0,0.0,-0.0384000000000001,0.5500000000000007,1.1500000000000004,-1.5666666666666669
12,2019-1084-jeremy stephens--zabit magomedsharipov,2019,0,21,753,Jeremy Stephens,zabit magomedsharipov,155,185,0,-30.0,1585.0492253820478,1500.0,85.04922538204778,0,40.0,58.0,-3.14,38.0,62.0,53.3,0.0,46.7,6.0,0.0,34.0,0.0,0.2,60.0,66.66666666666667,66.66666666666667,0.0,0.0,2.0,0.8655999999999999,11.8,12.4,-0.06666666666666679
12,2019-1085-jimmie rivera--petr yan,2019,0,347,667,jimmie rivera,Petr Yan,185,135,0,50.0,1500.0,1529.951295094952,-29.951295094952002,0,-54.0,-58.0,4.14,-48.0,-85.0,-36.4,0.0,-63.6,-9.0,-2.0,-15.0,0.0,-0.2,-100.0,-66.66666666666667,-66.66666666666667,0.0,0.0,-3.0,-1.0,-6.0,-6.0,-2.3333333333333335
12,2019-1086-jimmy crute--misha cirkunov,2019,0,451,640,misha cirkunov,Jimmy Crute,185,205,0,-20.0,1500.0,1506.1130437785469,-6.113043778546853,1,-52.0,-42.0,3.68,-52.0,-58.0,-50.0,-50.0,0.0,0.0,0.0,-12.0,0.0,-0.2,-100.0,-100.0,-50.0,-50.0,0.0,-2.0,-1.0,-0.0,-0.0,0.0
12,2019-1087-jimmy crute--sam alvey,2019,0,640,701,Jimmy Crute,sam alvey,205,185,0,20.0,1487.8832158181194,1500.0,-12.116784181880575,1,52.0,42.0,-3.68,52.0,58.0,50.0,50.0,0.0,0.0,0.0,12.0,0.0,0.2,100.0,100.0,50.0,50.0,0.0,2.0,1.0,-0.0,-0.0,0.0
12,2019-1088-jin soo son--mario bautista,2019,0,689,768,jin soo son,Mario Bautista,185,135,0,50.0,1500.0,1480.0646128040132,19.935387195986777,0,-49.0,-55.0,4.45,-33.0,-67.0,-10.0,-30.0,-60.0,-3.0,0.0,-12.0,0.0,0.0,0.0,0.0,0.0,0.0,0.0,0.0,0.0,-0.0,-0.0,0.0
12,2019-1089-joaquim silva--nasrat haqparast,2019,0,348,588,Joaquim Silva,Nasrat Haqparast,155,155,1,0.0,1505.203713968559,1510.3547498840926,-5.151035915533612,0,-2.0,-10.0,1.4799999999999995,30.0,-15.0,30.0,0.0,-30.0,0.0,0.0,-3.0,0.0,0.0,13.333333333333329,50.0,50.0,0.0,0.0,-3.0,-0.43999999999999995,-0.0,-0.0,-0.2222222222222222
12,2019-1090-john dodson--petr yan,2019,0,144,667,john dodson,Petr Yan,185,135,0,50.0,1500.0,1583.0969754260195,-83.09697542601953,0,-54.0,-58.0,4.14,-48.0,-85.0,-36.4,0.0,-63.6,-9.0,-2.0,-15.0,0.0,-0.2,-100.0,-66.66666666666667,-66.66666666666667,0.0,0.0,-3.0,-1.0,-6.0,-6.0,-2.3333333333333335
12,2019-1091-johnny walker--justin ledet,2019,0,599,682,justin ledet,Johnny Walker,185,205,0,-20.0,1500.0,1495.152686073467,4.847313926532934,0,-55.0,-45.0,3.09,-60.0,-57.0,-66.7,-11.1,-22.2,-6.0,0.0,-15.0,0.0,-0.2,-100.0,-50.0,-50.0,0.0,0.0,-2.0,-1.0,-0.0,-0.0,0.0
12,2019-1092-johnny walker--misha cirkunov,2019,0,451,682,misha cirkunov,Johnny Walker,185,205,0,-20.0,1500.0,1499.2920728213492,0.7079271786508343,0,-55.0,-45.0,3.09,-60.0,-57.0,-66.7,-11.1,-22.2,-6.0,0.0,-15.0,0.0,-0.2,-100.0,-50.0,-50.0,0.0,0.0,-2.0,-1.0,-0.0,-0.0,0.0
12,2019-1093-jonathan martinez--pingyuan liu,2019,0,617,806,Jonathan Martinez,pingyuan liu,135,185,0,-50.0,1481.15625,1500.0,-18.84375,1,49.0,56.0,-4.09,35.0,68.0,40.0,0.0,60.0,1.0,0.0,15.0,0.0,0.2,0.0,0.0,0.0,0.0,0.0,-1.0,0.0,-0.0,-0.0,-2.0
12,2019-1094-jonathan martinez--wulijiburen,2019,0,617,703,Jonathan Martinez,wulijiburen,135,185,0,-50.0,1485.3371267896944,1500.0,-14.662873210305634,1,49.0,56.0,-4.09,35.0,68.0,40.0,0.0,60.0,1.0,0.0,15.0,0.0,0.2,0.0,0.0,0.0,0.0,0.0,-1.0,0.0,-0.0,-0.0,-2.0
12,2019-1095-jordan espinosa--matt schnell,2019,0,469,807,Matt Schnell,jordan espinosa,125,185,0,-60.0,1489.5223422323709,1500.0,-10.477657767629125,1,40.0,55.0,-4.17,40.0,43.0,0.0,42.9,57.1,4.0,0.0,14.0,0.0,0.2,50.0,0.0,0.0,0.0,0.0,1.0,0.696,-0.0,-0.0,1.6666666666666667
12,2019-1096-jose aldo--renato moicano,2019,0,44,291,jose aldo,Renato Moicano,185,155,0,30.0,1500.0,1584.5046049108955,-84.50460491089552,1,-48.0,-59.0,3.57,-41.0,-62.0,-16.7,-50.0,-33.3,-7.0,0.0,-19.0,0.0,-0.2,-80.0,-25.0,0.0,-25.0,0.0,-3.0,-0.9616,-12.25,-12.25,-1.4444444444444446
12,2019-1097-jose quinonez--nathaniel wood,2019,0,612,808,Nathaniel Wood,jose quinonez,145,185,0,-40.0,1506.1783176366496,1500.0,6.178317636649581,1,51.0,56.0,-3.89,48.0,72.0,0.0,33.3,66.7,0.0,0.0,12.0,0.0,0.2,100.0,100.0,0.0,100.0,0.0,2.0,1.0,-0.0,-0.0,0.0
12,2019-1098-josh emmett--michael johnson,2019,0,81,461,Michael Johnson,Josh Emmett,155,145,0,10.0,1528.1700724211917,1541.3519333712347,-13.181860950043074,0,4.0,-2.0,0.6699999999999999,1.0,35.0,-2.5,0.0,2.5,-4.0,0.0,16.0,0.0,0.0,0.0,0.0,0.0,0.0,0.0,1.0,0.2016,-5.300000000000001,-1.833333333333333,-0.4333333333333331
12,2019-1099-josh emmett--mirsad bektic,2019,0,461,537,Josh Emmett,mirsad bektic,145,185,0,-40.0,1579.7593245474723,1500.0,79.75932454747226,1,35.0,60.0,-4.46,37.0,46.0,40.0,0.0,60.0,7.0,0.0,15.0,0.0,0.2,60.0,33.333333333333336,33.333333333333336,0.0,0.0,-2.0,0.16000000000000003,14.5,14.5,1.1666666666666665
12,2019-1100-journey newson--ricardo ramos,2019,0,484,809,Ricardo Ramos,journey newson,145,185,0,-40.0,1528.7464593228653,1500.0,28.74645932286535,1,36.0,54.0,-4.06,57.0,70.0,25.0,12.5,62.5,0.0,0.0,14.0,0.0,0.2,100.0,33.333333333333336,33.333333333333336,0.0,0.0,3.0,1.0,-0.0,-0.0,1.3333333333333335
12,2019-1101-julian erosa--julio arce,2019,0,352,652,Julian Erosa,julio arce,145,185,0,-40.0,1453.8873606052668,1500.0,-46.11263939473315,0,48.0,48.0,-6.27,43.0,61.0,30.0,40.0,30.0,0.0,0.0,18.0,0.0,0.2,50.0,50.0,50.0,0.0,0.0,1.0,0.664,-0.0,-0.0,1.0
12,2019-1102-junyong park--marcandre barriault,2019,0,730,732,Marc-Andre Barriault,JunYong Park,185,185,1,0.0,1479.875,1479.375,0.5,0,-3.0,-3.0,-2.04,-14.0,11.0,50.0,-16.599999999999998,-33.400000000000006,0.0,0.0,3.0,0.0,0.0,0.0,0.0,0.0,0.0,0.0,0.0,0.0,-0.0,-0.0,0.0
12,2019-1103-justin tafa--yorgan de castro,2019,0,810,811,yorgan de castro,Justin Tafa,185,265,0,-80.0,1500.0,1500.0,0.0,1,-54.0,-47.0,5.11,0.0,-53.0,-100.0,0.0,0.0,0.0,0.0,-9.0,0.0,0.0,0.0,0.0,0.0,0.0,0.0,0.0,0.0,-0.0,-0.0,0.0
12,2019-1104-kai karafrance--mark de la rosa,2019,0,589,668,mark de la rosa,Kai Kara-France,185,125,0,60.0,1500.0,1505.4302948929674,-5.430294892967368,0,-40.0,-64.0,3.24,-30.0,-83.0,-37.5,0.0,-62.5,-7.0,0.0,-13.0,0.0,-0.2,-100.0,0.0,0.0,0.0,0.0,-1.0,-1.0,-0.0,-0.0,-4.666666666666667
12,2019-1105-kai karafrance--raulian paiva,2019,0,609,668,raulian paiva,Kai Kara-France,185,125,0,60.0,1500.0,1529.7067391882763,-29.706739188276288,0,-40.0,-64.0,3.24,-30.0,-83.0,-37.5,0.0,-62.5,-7.0,0.0,-13.0,0.0,-0.2,-100.0,0.0,0.0,0.0,0.0,-1.0,-1.0,-0.0,-0.0,-4.666666666666667
12,2019-1106-kamaru usman--tyron woodley,2019,1,337,356,Kamaru Usman,tyron woodley,170,185,0,-15.0,1876.227804756948,1500.0,376.227804756948,1,51.0,55.0,-2.67,44.0,89.0,25.0,6.2,68.8,11.0,7.0,19.0,0.0,0.2,100.0,20.0,20.0,0.0,0.0,5.0,1.0,11.6,11.6,3.8666666666666663
12,2019-1107-karl roberson--roman kopylov,2019,0,581,812,karl roberson,Roman Kopylov,185,185,1,0.0,1500.0,1500.0,0.0,1,-50.0,-53.0,5.08,-42.0,-87.0,-83.3,0.0,-16.7,0.0,0.0,-10.0,0.0,0.0,0.0,0.0,0.0,0.0,0.0,0.0,0.0,-0.0,-0.0,0.0
12,2019-1108-karl roberson--wellington turman,2019,0,581,813,karl roberson,Wellington Turman,185,170,0,15.0,1500.0,1500.0,0.0,1,-51.0,-45.0,4.17,-20.0,-42.0,0.0,-33.3,-66.7,0.0,0.0,-9.0,0.0,0.0,0.0,0.0,0.0,0.0,0.0,0.0,0.0,-0.0,-0.0,0.0
12,2019-1109-kennedy nzechukwu--paul craig,2019,0,446,508,Paul Craig,Kennedy Nzechukwu,205,265,0,-60.0,1434.136726240873,1522.2936029020007,-88.15687666112763,1,-1.0,-8.0,1.8499999999999996,-27.0,-45.0,-36.7,56.7,-20.0,4.0,0.0,4.0,0.0,0.0,-60.0,50.0,-50.0,100.0,0.0,-1.0,-0.37440000000000007,-0.0,-0.0,0.0
12,2019-1110-kevin lee--rafael dos anjos,2019,0,34,205,Rafael Dos Anjos,kevin lee,170,185,0,-15.0,1659.5359547767027,1500.0,159.53595477670274,1,47.0,60.0,-3.23,35.0,54.0,19.099999999999994,23.8,57.1,13.0,2.0,36.0,0.0,0.2,60.0,33.333333333333336,0.0,33.333333333333336,1.0,-2.0,0.16000000000000003,14.2,14.4,0.13333333333333336
12,2019-1111-klidson abreu--magomed ankalaev,2019,0,699,814,Magomed Ankalaev,klidson abreu,205,185,0,20.0,1491.0225476302583,1500.0,-8.97745236974174,1,52.0,57.0,-2.46,22.0,87.0,50.0,0.0,50.0,7.0,1.0,14.0,0.0,0.2,50.0,100.0,100.0,0.0,0.0,-1.0,0.4,-0.0,-0.0,0.0
12,2019-1112-krzysztof jotko--marcandre barriault,2019,0,730,815,Marc-Andre Barriault,krzysztof jotko,185,185,1,0.0,1456.408226858643,1500.0,-43.59177314135695,0,47.0,50.0,-5.63,28.0,68.0,50.0,16.7,33.3,0.0,0.0,15.0,0.0,0.0,0.0,0.0,0.0,0.0,0.0,0.0,0.0,-0.0,-0.0,0.0
12,2019-1113-kurt holobaugh--thiago moises,2019,0,193,629,Kurt Holobaugh,Thiago Moises,155,155,1,0.0,1426.6874048405593,1443.7054429171799,-17.01803807662054,0,2.0,-4.0,-0.16000000000000014,-2.0,-14.0,-22.299999999999994,16.700000000000003,5.600000000000001,0.0,0.0,-6.0,0.0,0.0,-50.0,-100.0,-100.0,0.0,0.0,-5.0,-0.6,-0.0,-0.0,3.0
12,2019-1114-kyle bochniak--sean woodson,2019,0,816,817,Sean Woodson,kyle bochniak,145,185,0,-40.0,1500.0,1500.0,0.0,1,46.0,58.0,-4.18,55.0,84.0,37.5,0.0,62.5,0.0,0.0,11.0,0.0,0.0,0.0,0.0,0.0,0.0,0.0,0.0,0.0,-0.0,-0.0,0.0
12,2019-1115-kyle daukaus--michael lombardo,2019,0,866,1500,kyle daukaus,michael lombardo,185,185,1,0.0,1500.0,1500.0,0.0,1,53.0,42.0,-2.93,25.0,82.0,25.0,25.0,50.0,0.0,0.0,8.0,0.0,0.0,0.0,0.0,0.0,0.0,0.0,0.0,0.0,-0.0,-0.0,0.0
12,2019-1116-kyle nelson--marco polo reyes,2019,0,664,702,Kyle Nelson,marco polo reyes,155,185,0,-30.0,1484.5439898024388,1500.0,-15.456010197561227,1,45.0,51.0,-4.72,20.0,73.0,50.0,0.0,50.0,0.0,0.0,10.0,0.0,0.2,0.0,0.0,0.0,0.0,0.0,-1.0,0.0,-0.0,-0.0,0.0
12,2019-1117-kyle nelson--matt sayles,2019,0,664,752,Kyle Nelson,matt sayles,155,185,0,-30.0,1488.7148357233891,1500.0,-11.285164276610885,0,45.0,51.0,-4.72,20.0,73.0,50.0,0.0,50.0,0.0,0.0,10.0,0.0,0.2,0.0,0.0,0.0,0.0,0.0,-1.0,0.0,-0.0,-0.0,0.0
12,2019-1118-kyle prepolec--nordine taleb,2019,0,275,740,nordine taleb,Kyle Prepolec,185,155,0,30.0,1500.0,1479.4398467712992,20.560153228700756,1,-35.0,-49.0,5.19,0.0,-40.0,-100.0,0.0,0.0,0.0,0.0,-3.0,0.0,0.0,0.0,0.0,0.0,0.0,0.0,0.0,0.0,-0.0,-0.0,0.0
12,2019-1119-laureano staropoli--muslim salikhov,2019,0,489,818,Muslim Salikhov,laureano staropoli,170,185,0,-15.0,1491.526600245098,1500.0,-8.473399754901948,1,49.0,62.0,-2.92,32.0,72.0,55.6,0.0,44.4,0.0,0.0,13.0,0.0,0.2,50.0,100.0,100.0,0.0,0.0,1.0,0.6,-0.0,-0.0,0.0
12,2019-1120-leon edwards--rafael dos anjos,2019,0,34,228,Rafael Dos Anjos,Leon Edwards,170,170,1,0.0,1708.1405187759005,1630.92518678718,77.21533198872044,0,-7.0,7.0,-0.81,-1.0,-9.0,-2.3999999999999986,16.700000000000003,-14.300000000000004,5.0,-1.0,18.0,0.0,0.0,-40.0,13.333333333333336,-20.0,33.333333333333336,1.0,-7.0,-0.84,7.533333333333334,7.4,-1.6666666666666667
12,2019-1121-leon shahbazyan--phil rowe,2019,0,819,820,Phil Rowe,leon shahbazyan,170,185,0,-15.0,1500.0,1500.0,0.0,1,49.0,53.0,-4.38,36.0,56.0,100.0,0.0,0.0,0.0,0.0,8.0,0.0,0.0,0.0,0.0,0.0,0.0,0.0,0.0,0.0,-0.0,-0.0,0.0
12,2019-1122-louis smolka--matt schnell,2019,0,391,469,louis smolka,Matt Schnell,185,125,0,60.0,1500.0,1534.4081154086618,-34.40811540866184,0,-40.0,-55.0,4.17,-40.0,-43.0,0.0,-42.9,-57.1,-4.0,0.0,-14.0,0.0,-0.2,-50.0,0.0,0.0,0.0,0.0,-1.0,-0.696,-0.0,-0.0,-1.6666666666666667
12,2019-1123-luis pena--matt frevola,2019,0,586,821,Matt Frevola,luis pena,155,185,0,-30.0,1505.013028170039,1500.0,5.013028170038979,1,40.0,57.0,-3.69,39.0,36.0,50.0,16.7,33.3,1.0,0.0,12.0,0.0,0.2,50.0,100.0,0.0,100.0,0.0,-1.0,0.4,-0.0,-0.0,0.0
12,2019-1124-magomed mustafaev--rafael fiziev,2019,0,722,822,Rafael Fiziev,magomed mustafaev,155,185,0,-30.0,1514.6916666666666,1500.0,14.691666666666606,0,52.0,50.0,-4.77,72.0,90.0,42.9,0.0,57.1,3.0,0.0,11.0,0.0,0.0,0.0,0.0,0.0,0.0,0.0,0.0,0.0,-0.0,-0.0,0.0
12,2019-1125-marcelo golm--sergei pavlovich,2019,0,606,823,Sergei Pavlovich,marcelo golm,265,185,0,80.0,1493.1495535714284,1500.0,-6.8504464285715585,1,44.0,55.0,-3.62,25.0,75.0,75.0,0.0,25.0,7.0,0.0,11.0,0.0,0.2,0.0,0.0,0.0,0.0,0.0,-1.0,0.0,14.0,14.0,0.0
12,2019-1126-marcin tybura--shamil abdurakhimov,2019,0,429,467,shamil abdurakhimov,Marcin Tybura,185,265,0,-80.0,1500.0,1502.8270350662767,-2.8270350662767214,1,-48.0,-55.0,3.33,-33.0,-75.0,-35.8,-7.1,-57.1,-8.0,0.0,-23.0,0.0,-0.2,-60.0,-33.333333333333336,-33.333333333333336,0.0,0.0,1.0,-0.3744,-12.5,-12.5,0.4166666666666666
12,2019-1127-markus perez--wellington turman,2019,0,555,813,markus perez,Wellington Turman,185,170,0,15.0,1500.0,1481.25,18.75,0,-51.0,-45.0,4.17,-20.0,-42.0,0.0,-33.3,-66.7,0.0,0.0,-9.0,0.0,0.0,0.0,0.0,0.0,0.0,0.0,0.0,0.0,-0.0,-0.0,0.0
12,2019-1128-marlon vera--nohelin hernandez,2019,0,280,824,Marlon Vera,nohelin hernandez,135,185,0,-50.0,1492.0831026925903,1500.0,-7.916897307409727,1,49.0,50.0,-5.37,39.0,72.0,46.599999999999994,26.7,26.7,6.0,0.0,24.0,0.0,0.2,80.0,100.0,50.0,50.0,0.0,-1.0,0.4,15.0,-0.0,-1.5333333333333334
12,2019-1129-maurice greene--sergei pavlovich,2019,0,606,825,Sergei Pavlovich,maurice greene,265,185,0,80.0,1497.2948842682026,1500.0,-2.7051157317973775,1,44.0,55.0,-3.62,25.0,75.0,75.0,0.0,25.0,7.0,0.0,11.0,0.0,0.2,0.0,0.0,0.0,0.0,0.0,-1.0,0.0,14.0,14.0,0.0
12,2019-1130-max griffin--thiago alves,2019,0,410,455,Max Griffin,thiago alves,170,185,0,-15.0,1456.392650476176,1500.0,-43.60734952382404,0,47.0,58.0,-3.7,40.0,70.0,37.5,0.0,62.5,0.0,0.0,18.0,0.0,0.2,40.0,50.0,50.0,0.0,0.0,1.0,0.6255999999999999,-0.0,-0.0,7.401486830834377e-17
12,2019-1131-max griffin--zelim imadaev,2019,0,410,826,Max Griffin,zelim imadaev,170,185,0,-15.0,1438.2279180986416,1500.0,-61.77208190135843,1,47.0,58.0,-3.7,40.0,70.0,37.5,0.0,62.5,0.0,0.0,18.0,0.0,0.2,40.0,50.0,50.0,0.0,0.0,1.0,0.6255999999999999,-0.0,-0.0,7.401486830834377e-17
12,2019-1132-michael johnson--stevie ray,2019,0,81,577,Michael Johnson,stevie ray,155,185,0,-30.0,1515.1535857459623,1500.0,15.153585745962346,0,39.0,58.0,-3.79,38.0,81.0,37.5,0.0,62.5,3.0,0.0,31.0,0.0,0.2,60.0,33.333333333333336,33.333333333333336,0.0,0.0,-1.0,0.36160000000000003,9.2,12.666666666666668,0.7333333333333334
12,2019-1133-michal oleksiejczuk--ovince saint preux,2019,0,287,795,ovince saint preux,Michal Oleksiejczuk,185,185,1,0.0,1500.0,1508.2377568488662,-8.237756848866184,1,-51.0,-59.0,4.41,-43.0,-52.0,-88.9,0.0,-11.1,0.0,0.0,-16.0,0.0,0.0,0.0,0.0,0.0,0.0,0.0,0.0,0.0,-0.0,-0.0,0.0
12,2019-1134-michel pereira--tristan connelly,2019,0,779,827,Michel Pereira,tristan connelly,185,185,1,0.0,1504.125,1500.0,4.125,0,52.0,51.0,-4.35,52.0,76.0,22.299999999999994,33.3,44.4,1.0,0.0,14.0,0.0,0.0,0.0,0.0,0.0,0.0,0.0,0.0,0.0,-0.0,-0.0,0.0
12,2019-1135-mickey gall--salim touahri,2019,0,403,828,Mickey Gall,salim touahri,170,185,0,-15.0,1475.0325796593154,1500.0,-24.967420340684612,1,49.0,49.0,-4.72,32.0,37.0,0.0,83.3,16.7,0.0,0.0,13.0,0.0,0.2,80.0,100.0,0.0,100.0,0.0,1.0,0.76,-0.0,-0.0,-1.3333333333333333
12,2019-1136-mike davis--thomas gifford,2019,0,706,829,Mike Davis,thomas gifford,155,185,0,-30.0,1468.394553925249,1500.0,-31.605446074750944,1,53.0,54.0,-5.23,44.0,60.0,40.0,20.0,40.0,0.0,0.0,8.0,0.0,0.2,0.0,0.0,0.0,0.0,0.0,-1.0,0.0,-0.0,-0.0,0.0
12,2019-1137-mike perry--vicente luque,2019,0,339,494,Vicente Luque,mike perry,170,185,0,-15.0,1538.4855392806705,1500.0,38.48553928067054,1,51.0,52.0,-5.25,51.0,61.0,50.0,37.5,12.5,8.0,0.0,23.0,0.0,0.2,80.0,100.0,50.0,50.0,0.0,2.0,0.904,-0.0,-0.0,-1.0
12,2019-1138-miles johns--richie santiago,2019,0,766,830,Miles Johns,richie santiago,135,185,0,-50.0,1507.75,1500.0,7.75,1,44.0,66.0,-2.99,26.0,83.0,28.6,0.0,71.4,0.0,0.0,11.0,0.0,0.0,0.0,0.0,0.0,0.0,0.0,0.0,0.0,-0.0,-0.0,0.0
12,2019-1139-movsar evloev--seungwoo choi,2019,0,793,796,Movsar Evloev,seungwoo choi,145,185,0,-40.0,1511.3583333333333,1500.0,11.358333333333348,1,48.0,60.0,-2.66,48.0,61.0,0.0,0.0,100.0,5.0,0.0,9.0,0.0,0.0,0.0,0.0,0.0,0.0,0.0,0.0,0.0,-0.0,-0.0,0.0
12,2019-1140-muslim salikhov--nordine taleb,2019,0,275,489,nordine taleb,Muslim Salikhov,185,170,0,15.0,1500.0,1509.6614787107544,-9.661478710754409,0,-49.0,-62.0,2.92,-32.0,-72.0,-55.6,0.0,-44.4,0.0,0.0,-13.0,0.0,-0.2,-50.0,-100.0,-100.0,0.0,0.0,-1.0,-0.6,-0.0,-0.0,0.0
12,2019-1141-nikita krylov--ovince saint preux,2019,0,201,287,Nikita Krylov,ovince saint preux,205,185,0,20.0,1485.3477990585773,1500.0,-14.652200941422734,1,54.0,44.0,-2.58,38.0,53.0,36.29999999999999,45.5,18.2,7.0,0.0,20.0,0.0,0.2,60.0,100.0,33.333333333333336,66.66666666666667,0.0,-1.0,0.36160000000000003,9.5,9.5,0.0
12,2019-1142-niko price--tim means,2019,0,119,393,Tim Means,Niko Price,170,170,1,0.0,1471.2171875687382,1467.48484534949,3.7323422192482667,0,6.0,12.0,1.9,12.0,14.0,-10.0,-11.7,21.700000000000003,0.0,0.0,12.0,0.0,0.0,-20.0,-50.0,-16.66666666666667,-33.333333333333336,0.0,-3.0,-0.6,15.0,-0.0,-0.33333333333333337
12,2019-1143-oskar piechota--punahele soriano,2019,0,677,802,oskar piechota,Punahele Soriano,185,170,0,15.0,1500.0,1503.025,-3.025000000000091,0,-53.0,-48.0,3.88,-56.0,-37.0,-66.7,0.0,-33.3,0.0,0.0,-10.0,0.0,0.0,0.0,0.0,0.0,0.0,0.0,0.0,0.0,-0.0,-0.0,0.0
12,2019-1144-oskar piechota--rodolfo vieira,2019,0,677,833,oskar piechota,Rodolfo Vieira,185,185,1,0.0,1500.0,1500.0,0.0,0,-55.0,-51.0,4.12,-23.0,-100.0,0.0,-83.3,-16.7,0.0,0.0,-9.0,0.0,0.0,0.0,0.0,0.0,0.0,0.0,0.0,0.0,-0.0,-0.0,0.0
12,2019-1145-ottman azaitar--teemu packalen,2019,0,834,835,Ottman Azaitar,teemu packalen,155,185,0,-30.0,1500.0,1500.0,0.0,1,44.0,52.0,-4.11,0.0,100.0,100.0,0.0,0.0,0.0,0.0,5.0,0.0,0.0,0.0,0.0,0.0,0.0,0.0,0.0,0.0,-0.0,-0.0,0.0
12,2019-1146-paul craig--vinicius moreira,2019,0,446,725,Paul Craig,vinicius moreira,205,185,0,20.0,1438.5179168172335,1500.0,-61.48208318276647,1,45.0,43.0,-3.04,18.0,35.0,33.3,66.7,0.0,4.0,0.0,20.0,0.0,0.2,40.0,100.0,0.0,100.0,0.0,1.0,0.6255999999999999,-0.0,-0.0,0.0
12,2019-1147-paulo costa--yoel romero,2019,0,559,595,Paulo Costa,yoel romero,185,185,1,0.0,1548.495695483805,1500.0,48.49569548380509,1,58.0,49.0,-6.2,50.0,80.0,57.1,0.0,42.9,4.0,0.0,11.0,0.0,0.2,100.0,100.0,100.0,0.0,0.0,4.0,1.0,11.0,11.0,0.0
12,2019-1148-petr yan--urijah faber,2019,0,210,667,urijah faber,Petr Yan,185,135,0,50.0,1500.0,1636.5122664964833,-136.51226649648333,0,-54.0,-58.0,4.14,-48.0,-85.0,-36.4,0.0,-63.6,-9.0,-2.0,-15.0,0.0,-0.2,-100.0,-66.66666666666667,-66.66666666666667,0.0,0.0,-3.0,-1.0,-6.0,-6.0,-2.3333333333333335
12,2019-1149-randy brown--warlley alves,2019,0,320,394,warlley alves,Randy Brown,185,170,0,15.0,1500.0,1479.0529974083468,20.947002591653245,0,-47.0,-54.0,3.26,-39.0,-73.0,-28.6,-21.4,-50.0,0.0,0.0,-20.0,0.0,-0.2,-40.0,0.0,0.0,0.0,0.0,2.0,-0.13440000000000002,-0.0,-0.0,7.401486830834377e-17
12,2019-1150-rani yahya--ricky simon,2019,0,17,549,Rani Yahya,Ricky Simon,135,135,1,0.0,1510.2181810363,1520.6414232339582,-10.423242197658283,0,-6.0,-11.0,1.6400000000000001,-13.0,-46.0,-18.2,37.400000000000006,-19.200000000000003,-3.0,0.0,11.0,0.0,0.0,-20.0,66.66666666666666,0.0,66.66666666666666,0.0,-1.0,-0.09599999999999997,6.0,6.0,-1.2000000000000002
12,2019-1151-raoni barcelos--said nurmagomedov,2019,0,645,694,Raoni Barcelos,Said Nurmagomedov,135,135,1,0.0,1514.3714901400353,1505.8125,8.558990140035348,1,4.0,5.0,-2.3500000000000005,18.0,22.0,-6.300000000000008,-20.7,27.0,-2.0,0.0,2.0,0.0,0.0,0.0,100.0,50.0,50.0,0.0,1.0,0.0,-0.0,-0.0,-1.0
12,2019-1152-ricardo ramos--said nurmagomedov,2019,0,484,694,Ricardo Ramos,Said Nurmagomedov,145,135,0,10.0,1555.2871785102886,1482.4986100154022,72.78856849488648,0,-12.0,-1.0,-2.01,42.0,7.0,-3.500000000000007,-30.4,33.9,-2.0,0.0,3.0,0.0,0.0,0.0,33.333333333333336,33.333333333333336,0.0,0.0,2.0,0.0,-0.0,-0.0,0.3333333333333335
12,2019-1153-ricky simon--rob font,2019,0,260,549,Rob Font,Ricky Simon,135,135,1,0.0,1563.8121283310365,1553.848890120931,9.963238210105601,1,2.0,-4.0,0.050000000000000266,-9.0,-33.0,31.8,-19.0,-12.799999999999997,6.0,0.0,3.0,0.0,0.0,-40.0,33.333333333333336,33.333333333333336,0.0,0.0,-2.0,-0.26560000000000006,9.6,11.6,-2.5555555555555554
12,2019-1154-ricky simon--urijah faber,2019,0,210,549,urijah faber,Ricky Simon,185,135,0,50.0,1500.0,1536.0075658217543,-36.00756582175427,1,-44.0,-61.0,3.72,-43.0,-75.0,-18.2,-27.3,-54.5,-3.0,0.0,-16.0,0.0,-0.2,-100.0,-33.333333333333336,0.0,-33.333333333333336,0.0,-3.0,-1.0,-0.0,-0.0,-1.6666666666666667
12,2019-1155-rogerio nogueira--ryan spann,2019,0,582,836,Ryan Spann,rogerio nogueira,205,185,0,20.0,1510.8692538979412,1500.0,10.869253897941235,1,39.0,43.0,-4.14,34.0,52.0,30.0,50.0,20.0,3.0,0.0,17.0,0.0,0.2,66.66666666666667,50.0,0.0,50.0,0.0,2.0,0.84,-0.0,-0.0,2.3333333333333335
12,2019-1156-sean woodson--terrance mckinney,2019,0,816,837,Sean Woodson,Terrance McKinney,145,155,0,-10.0,1519.6916666666666,1500.0,19.691666666666606,1,-10.0,11.0,-1.5999999999999996,15.0,7.0,-19.6,-42.9,62.5,0.0,0.0,-1.0,0.0,0.0,0.0,0.0,0.0,0.0,0.0,0.0,0.0,-0.0,-0.0,0.0
12,2019-1157-serghei spivac--tai tuivasa,2019,0,593,838,Tai Tuivasa,Serghei Spivac,265,265,1,0.0,1504.6598317270439,1500.0,4.659831727043866,0,-2.0,-6.0,-0.9299999999999997,-62.0,-6.0,50.0,-37.5,-12.5,-2.0,0.0,2.0,0.0,0.2,75.0,66.66666666666667,66.66666666666667,0.0,0.0,2.0,0.904,12.0,12.0,1.0
12,2019-1158-serghei spivac--walt harris,2019,0,288,838,walt harris,Serghei Spivac,185,265,0,-80.0,1500.0,1517.3830875618512,-17.383087561851198,1,-48.0,-50.0,4.25,-62.0,-63.0,-37.5,-37.5,-25.0,-5.0,0.0,-14.0,0.0,0.0,0.0,0.0,0.0,0.0,0.0,0.0,0.0,-0.0,-0.0,0.0
12,2019-1159-sheymon moraes--sodiq yusuff,2019,0,705,727,Sodiq Yusuff,sheymon moraes,155,185,0,-30.0,1513.5739749247834,1500.0,13.573974924783442,1,49.0,53.0,-4.29,23.0,62.0,28.6,14.3,57.1,2.0,0.0,11.0,0.0,0.2,100.0,50.0,50.0,0.0,0.0,2.0,1.0,-0.0,-0.0,0.0
12,2019-1160-stephen thompson--vicente luque,2019,0,131,339,Stephen Thompson,Vicente Luque,170,170,1,0.0,1571.746562938678,1562.0667276371314,9.679835301546518,1,-5.0,2.0,2.25,-16.0,2.0,0.0,-37.5,37.5,-1.0,0.0,-1.0,0.0,0.0,-20.0,-66.66666666666666,-16.666666666666664,-50.0,1.0,-4.0,-0.744,15.2,16.25,2.1333333333333333
12,2019-1161-thiago alves--tim means,2019,0,119,455,Tim Means,thiago alves,170,185,0,-15.0,1450.5367984546035,1500.0,-49.46320154539649,1,49.0,60.0,-3.65,40.0,64.0,40.0,13.3,46.7,0.0,0.0,29.0,0.0,0.2,40.0,50.0,50.0,0.0,0.0,-1.0,0.2784,15.0,-0.0,-0.33333333333333337
12,2019-893-aalon cruz--steven nguyen,2019,0,711,712,aalon cruz,Steven Nguyen,185,145,0,40.0,1500.0,1500.0,0.0,1,-42.0,-60.0,7.1,-100.0,-88.0,-66.7,0.0,-33.3,0.0,0.0,-5.0,0.0,0.0,0.0,0.0,0.0,0.0,0.0,0.0,0.0,-0.0,-0.0,0.0
12,2019-894-aaron jeffery--brendan allen,2019,0,713,714,Brendan Allen,aaron jeffery,185,185,1,0.0,1500.0,1500.0,0.0,1,53.0,47.0,-3.96,41.0,56.0,7.199999999999994,57.1,35.7,5.0,0.0,18.0,0.0,0.0,0.0,0.0,0.0,0.0,0.0,0.0,0.0,-0.0,-0.0,0.0
12,2019-895-aiemann zahabi--vince morales,2019,0,482,666,Aiemann Zahabi,Vince Morales,135,135,1,0.0,1494.6927144523395,1462.3890550984727,32.303659353866806,0,9.0,16.0,-0.1299999999999999,-26.0,25.0,-4.699999999999996,0.0,4.700000000000003,1.0,0.0,-3.0,0.0,0.0,50.0,0.0,0.0,0.0,0.0,3.0,0.6,-0.0,-0.0,4.666666666666667
12,2019-896-al iaquinta--dan hooker,2019,0,115,235,Al Iaquinta,Dan Hooker,185,155,0,30.0,1500.0,1488.0770373444175,11.922962655582523,0,-48.0,-51.0,4.72,-34.0,-78.0,-50.0,-14.3,-35.7,-7.0,0.0,-22.0,0.0,-0.2,-80.0,-100.0,-75.0,-25.0,0.0,-2.0,-0.904,-15.0,-15.0,2.3333333333333335
12,2019-897-alatengheili--batgerel danaa,2019,0,715,716,Alatengheili,batgerel danaa,135,185,0,-50.0,1500.0,1500.0,0.0,1,32.0,57.0,-5.12,43.0,75.0,20.0,0.0,80.0,1.0,0.0,9.0,0.0,0.0,0.0,0.0,0.0,0.0,0.0,0.0,0.0,-0.0,-0.0,0.0
12,2019-898-alatengheili--ryan benoit,2019,0,392,715,ryan benoit,Alatengheili,185,135,0,50.0,1500.0,1513.025,-13.025000000000091,0,-32.0,-57.0,5.12,-43.0,-75.0,-20.0,0.0,-80.0,-1.0,0.0,-9.0,0.0,0.0,0.0,0.0,0.0,0.0,0.0,0.0,0.0,-0.0,-0.0,0.0
12,2019-899-alejandro perez--song yadong,2019,0,514,717,Song Yadong,alejandro perez,135,185,0,-50.0,1520.8791491187744,1500.0,20.87914911877442,1,43.0,55.0,-4.0,38.0,73.0,45.400000000000006,9.1,45.5,7.0,0.0,15.0,0.0,0.2,100.0,66.66666666666667,33.333333333333336,33.333333333333336,0.0,3.0,1.0,-0.0,-0.0,3.0
12,2019-900-aleksandar rakic--jimi manuwa,2019,0,345,485,jimi manuwa,Aleksandar Rakic,185,205,0,-20.0,1500.0,1538.6638662463329,-38.66386624633287,0,-50.0,-51.0,2.91,-23.0,-85.0,-33.3,0.0,-66.7,-3.0,0.0,-10.0,0.0,-0.2,-100.0,-33.333333333333336,-33.333333333333336,0.0,0.0,-3.0,-1.0,-0.0,-0.0,-4.333333333333334
12,2019-901-aleksandar rakic--volkan oezdemir,2019,0,485,576,Aleksandar Rakic,Volkan Oezdemir,205,205,1,0.0,1579.5731106597684,1584.191443179166,-4.618332519397654,0,2.0,-4.0,1.3099999999999996,-6.0,5.0,-16.700000000000003,-12.5,29.200000000000003,-5.0,0.0,-5.0,0.0,0.0,40.0,-33.333333333333336,-33.333333333333336,0.0,-1.0,5.0,0.84,-13.5,-13.5,3.333333333333334
12,2019-902-aleksei kunchenko--gilbert burns,2019,0,216,718,Gilbert Burns,aleksei kunchenko,170,185,0,-15.0,1487.5873867148853,1500.0,-12.41261328511473,1,48.0,52.0,-3.64,37.0,53.0,20.0,33.3,46.7,5.0,0.0,24.0,0.0,0.2,80.0,75.0,50.0,25.0,0.0,1.0,0.76,-0.0,-0.0,-0.6666666666666666
12,2019-903-alessio di chirico--kevin holland,2019,0,691,719,Kevin Holland,alessio di chirico,170,185,0,-15.0,1499.1186599892008,1500.0,-0.8813400107992493,1,50.0,50.0,-3.22,38.0,55.0,31.299999999999994,37.5,31.2,4.0,0.0,27.0,0.0,0.2,66.66666666666667,50.0,0.0,50.0,0.0,1.0,0.76,7.0,7.0,0.33333333333333326
12,2019-904-alex caceres--kron gracie,2019,0,86,720,Alex Caceres,kron gracie,145,185,0,-40.0,1485.2729086186746,1500.0,-14.727091381325408,0,49.0,62.0,-3.09,68.0,64.0,12.5,25.0,62.5,1.0,0.0,29.0,0.0,0.2,60.0,33.333333333333336,33.333333333333336,0.0,0.0,1.0,0.7216,11.0,-0.0,0.6
12,2019-905-alex caceres--steven peterson,2019,0,86,721,Alex Caceres,steven peterson,145,185,0,-40.0,1464.8663408153884,1500.0,-35.13365918461159,1,49.0,62.0,-3.09,68.0,64.0,12.5,25.0,62.5,1.0,0.0,29.0,0.0,0.2,60.0,33.333333333333336,33.333333333333336,0.0,0.0,1.0,0.7216,11.0,-0.0,0.6
12,2019-906-alex morono--max griffin,2019,0,371,410,Alex Morono,Max Griffin,170,170,1,0.0,1498.5749008853659,1479.5298317349268,19.045069150439076,1,-7.0,-2.0,-1.08,-16.0,-23.0,-22.1,15.4,6.700000000000003,1.0,0.0,4.0,0.0,0.0,20.0,-16.666666666666664,-50.0,33.333333333333336,0.0,0.0,0.09600000000000009,-0.0,-0.0,0.7333333333333333
12,2019-907-alex morono--zak ottow,2019,0,371,584,Alex Morono,zak ottow,170,185,0,-15.0,1512.7613217921523,1500.0,12.76132179215233,1,40.0,56.0,-4.78,24.0,47.0,15.4,15.4,69.2,1.0,0.0,22.0,0.0,0.2,60.0,33.333333333333336,0.0,33.333333333333336,0.0,1.0,0.7216,-0.0,-0.0,0.7333333333333334
12,2019-908-alex oliveira--nicolas dalby,2019,0,300,330,alex oliveira,Nicolas Dalby,185,170,0,15.0,1500.0,1478.3223511311762,21.67764886882378,0,-43.0,-52.0,3.69,-27.0,-58.0,-14.3,0.0,-85.7,0.0,0.0,-13.0,0.0,0.0,-33.333333333333336,0.0,0.0,0.0,0.0,2.0,-0.16000000000000003,-0.0,-0.0,2.0
12,2019-909-alex perez--mark de la rosa,2019,0,491,589,Alex Perez,mark de la rosa,125,185,0,-60.0,1524.7257055686102,1500.0,24.725705568610238,1,46.0,58.0,-3.2,46.0,77.0,37.5,37.5,25.0,4.0,0.0,13.0,0.0,0.2,80.0,75.0,25.0,50.0,0.0,2.0,0.904,17.0,17.0,3.0
12,2019-910-alex white--rafael fiziev,2019,0,601,722,alex white,Rafael Fiziev,185,155,0,30.0,1500.0,1500.0,0.0,0,-52.0,-50.0,4.77,-72.0,-90.0,-42.9,0.0,-57.1,-3.0,0.0,-11.0,0.0,0.0,0.0,0.0,0.0,0.0,0.0,0.0,0.0,-0.0,-0.0,0.0
12,2019-911-alexander hernandez--donald cerrone,2019,0,93,602,donald cerrone,Alexander Hernandez,185,155,0,30.0,1500.0,1540.2636432767708,-40.263643276770836,1,-40.0,-58.0,4.6,-36.0,-73.0,-44.4,0.0,-55.6,-3.0,0.0,-16.0,0.0,-0.2,-100.0,-50.0,-50.0,0.0,0.0,-2.0,-1.0,-7.5,-7.5,-1.6666666666666667
12,2019-912-alexander hernandez--francisco trinaldo,2019,0,256,602,francisco trinaldo,Alexander Hernandez,185,155,0,30.0,1500.0,1523.651503028844,-23.65150302884399,0,-40.0,-58.0,4.6,-36.0,-73.0,-44.4,0.0,-55.6,-3.0,0.0,-16.0,0.0,-0.2,-100.0,-50.0,-50.0,0.0,0.0,-2.0,-1.0,-7.5,-7.5,-1.6666666666666667
12,2019-913-alexander poppeck--jamahal hill,2019,0,723,724,Jamahal Hill,alexander poppeck,205,185,0,20.0,1500.0,1500.0,0.0,1,51.0,44.0,-4.03,0.0,73.0,71.4,0.0,28.6,5.0,1.0,11.0,0.0,0.0,0.0,0.0,0.0,0.0,0.0,0.0,0.0,-0.0,-0.0,0.0
12,2019-914-alexander volkanovski--jose aldo,2019,0,44,375,jose aldo,Alexander Volkanovski,185,145,0,40.0,1500.0,1627.10816214991,-127.10816214990996,0,-56.0,-58.0,3.36,-34.0,-70.0,-35.7,0.0,-64.3,-9.0,-7.0,-17.0,0.0,-0.2,-100.0,-40.0,-40.0,0.0,0.0,-5.0,-1.0,-12.5,-12.5,-2.777777777777778
12,2019-915-alexander volkanovski--max holloway,2019,1,137,375,Max Holloway,Alexander Volkanovski,145,145,1,0.0,1793.8230834525482,1712.5555100280835,81.26757342446467,0,-8.0,1.0,-1.3800000000000003,19.0,13.0,12.099999999999994,8.7,-20.799999999999997,6.0,-2.0,14.0,0.0,0.0,0.0,40.0,40.0,0.0,4.0,0.0,0.0,-0.09999999999999964,4.5,-2.2444444444444445
12,2019-916-alexander volkov--greg hardy,2019,0,377,622,Alexander Volkov,greg hardy,265,185,0,80.0,1605.834554814263,1500.0,105.8345548142629,1,57.0,54.0,-2.99,66.0,72.0,50.0,8.3,41.7,12.0,0.0,17.0,0.0,0.2,80.0,50.0,50.0,0.0,0.0,1.0,0.76,12.2,12.2,2.3333333333333335
12,2019-917-alexandre pantoja--deiveson figueiredo,2019,0,498,539,Alexandre Pantoja,Deiveson Figueiredo,125,135,0,-10.0,1564.6868796510414,1574.6035963990712,-9.916716748029785,0,-4.0,0.0,-0.23999999999999977,12.0,11.0,-16.5,12.099999999999998,4.399999999999999,1.0,2.0,-2.0,0.0,0.0,-20.0,-25.0,-75.0,50.0,0.0,-5.0,-0.6,-1.0,-1.0,-0.5555555555555556
12,2019-918-alexandre pantoja--matt schnell,2019,0,469,498,Matt Schnell,Alexandre Pantoja,125,125,1,0.0,1496.4069976872947,1544.6022584740397,-48.19526078674494,0,-10.0,6.0,-0.29000000000000004,-7.0,-26.0,-14.200000000000006,0.0,14.200000000000003,-7.0,-5.0,-3.0,0.0,0.0,-30.0,-50.0,0.0,-50.0,0.0,2.0,0.29599999999999993,-9.0,-9.0,0.5555555555555556
12,2019-919-alexandre pantoja--wilson reis,2019,0,498,569,Alexandre Pantoja,wilson reis,125,185,0,-60.0,1587.6171305725725,1500.0,87.61713057257248,1,50.0,49.0,-3.88,47.0,69.0,14.200000000000006,42.9,42.9,11.0,5.0,17.0,0.0,0.2,80.0,50.0,0.0,50.0,0.0,-1.0,0.4,9.0,9.0,1.1111111111111112
12,2019-920-aljamain sterling--jimmie rivera,2019,0,212,347,Aljamain Sterling,jimmie rivera,145,185,0,-40.0,1599.0379103416294,1500.0,99.03791034162941,1,52.0,59.0,-2.21,30.0,44.0,11.8,23.5,58.8,13.0,4.0,22.0,0.0,0.2,80.0,25.0,0.0,25.0,0.0,2.0,0.904,12.8,10.2,0.8666666666666668
12,2019-921-aljamain sterling--pedro munhoz,2019,0,212,281,Aljamain Sterling,Pedro Munhoz,145,135,0,10.0,1663.1054768166216,1574.6425357028231,88.46294111379848,1,11.0,4.0,4.08,14.0,-38.0,-18.2,-6.5,18.799999999999997,5.0,4.0,2.0,0.0,0.0,0.0,-25.0,-25.0,0.0,0.0,3.0,0.504,2.2,2.3999999999999986,1.1333333333333335
12,2019-922-alonzo menifield--paul craig,2019,0,446,504,Paul Craig,Alonzo Menifield,205,205,1,0.0,1454.0043812951565,1505.407175585923,-51.40279429076645,0,-8.0,-7.0,0.7199999999999998,-13.0,-43.0,-16.700000000000003,50.0,-33.3,0.0,0.0,2.0,0.0,0.0,-60.0,0.0,-100.0,100.0,0.0,-1.0,-0.37440000000000007,-0.0,-0.0,0.0
12,2019-923-alonzo menifield--vinicius moreira,2019,0,504,725,Alonzo Menifield,vinicius moreira,205,185,0,20.0,1513.3542376076362,1500.0,13.35423760763615,1,53.0,50.0,-3.76,31.0,78.0,50.0,16.7,33.3,4.0,0.0,18.0,0.0,0.2,100.0,100.0,100.0,0.0,0.0,2.0,1.0,-0.0,-0.0,0.0
12,2019-924-anderson silva--israel adesanya,2019,0,630,726,Israel Adesanya,anderson silva,185,185,1,0.0,1603.9152430191489,1500.0,103.91524301914887,1,48.0,55.0,-3.2,11.0,76.0,38.5,0.0,61.5,9.0,8.0,18.0,0.0,0.2,100.0,50.0,50.0,0.0,0.0,4.0,1.0,13.0,13.0,2.6666666666666665
12,2019-925-anderson silva--jared cannonier,2019,0,346,726,Jared Cannonier,anderson silva,185,185,1,0.0,1503.8493214480989,1500.0,3.8493214480988627,1,49.0,56.0,-4.35,40.0,64.0,63.6,0.0,36.4,8.0,0.0,20.0,0.0,0.2,40.0,100.0,100.0,0.0,0.0,-1.0,0.2784,11.666666666666666,11.666666666666666,-1.3333333333333333
12,2019-926-andre ewell--marlon vera,2019,0,280,613,Marlon Vera,andre ewell,135,185,0,-50.0,1471.1048648284323,1500.0,-28.895135171567745,1,49.0,50.0,-5.37,39.0,72.0,46.599999999999994,26.7,26.7,6.0,0.0,24.0,0.0,0.2,80.0,100.0,50.0,50.0,0.0,-1.0,0.4,15.0,-0.0,-1.5333333333333334
12,2019-927-andre fili--myles jury,2019,0,152,159,myles jury,Andre Fili,185,145,0,40.0,1500.0,1494.3181971884278,5.681802811572197,0,-37.0,-51.0,4.23,-45.0,-71.0,-30.8,0.0,-69.2,-2.0,0.0,-24.0,0.0,-0.2,-40.0,0.0,0.0,0.0,0.0,-1.0,-0.6384,-8.0,-8.0,-0.2
12,2019-928-andre fili--sheymon moraes,2019,0,159,727,Andre Fili,sheymon moraes,145,185,0,-40.0,1502.3760035597015,1500.0,2.3760035597015303,1,37.0,51.0,-4.23,45.0,71.0,30.8,0.0,69.2,2.0,0.0,24.0,0.0,0.2,40.0,0.0,0.0,0.0,0.0,1.0,0.6384,8.0,8.0,0.2
12,2019-929-andre muniz--antonio arroyo,2019,0,614,728,Andre Muniz,antonio arroyo,185,185,1,0.0,1502.2687500000002,1500.0,2.268750000000182,1,49.0,51.0,-2.33,49.0,35.0,0.0,50.0,50.0,1.0,0.0,11.0,0.0,0.2,100.0,0.0,0.0,0.0,0.0,1.0,1.0,-0.0,-0.0,0.0
12,2019-930-andre muniz--taylor johnson,2019,0,614,729,Andre Muniz,taylor johnson,185,185,1,0.0,1520.2643246624623,1500.0,20.264324662462286,1,49.0,51.0,-2.33,49.0,35.0,0.0,50.0,50.0,1.0,0.0,11.0,0.0,0.2,100.0,0.0,0.0,0.0,0.0,1.0,1.0,-0.0,-0.0,0.0
12,2019-931-andre soukhamthath--montel jackson,2019,0,616,631,andre soukhamthath,Montel Jackson,185,135,0,50.0,1500.0,1486.227072750923,13.772927249076929,0,-53.0,-62.0,1.39,-62.0,-68.0,-40.0,-10.0,-50.0,-1.0,0.0,-12.0,0.0,-0.2,-66.66666666666667,-100.0,-50.0,-50.0,0.0,-1.0,-0.76,-0.0,-0.0,2.3333333333333335
12,2019-932-andre soukhamthath--sumudaerji,2019,0,616,697,andre soukhamthath,Sumudaerji,185,125,0,60.0,1500.0,1484.53125,15.46875,0,-52.0,-60.0,2.39,-11.0,-71.0,-20.0,0.0,-80.0,0.0,0.0,-9.0,0.0,-0.2,0.0,0.0,0.0,0.0,0.0,1.0,0.0,-0.0,-0.0,0.0
12,2019-933-andrew sanchez--marcandre barriault,2019,0,383,730,andrew sanchez,Marc-Andre Barriault,185,185,1,0.0,1500.0,1500.0,0.0,1,-47.0,-50.0,5.63,-28.0,-68.0,-50.0,-16.7,-33.3,0.0,0.0,-15.0,0.0,0.0,0.0,0.0,0.0,0.0,0.0,0.0,0.0,-0.0,-0.0,0.0
12,2019-934-andrew sanchez--marvin vettori,2019,0,368,383,Marvin Vettori,andrew sanchez,185,185,1,0.0,1489.8730378380758,1500.0,-10.126962161924212,1,45.0,56.0,-4.52,45.0,65.0,0.0,22.2,77.8,4.0,0.0,17.0,0.0,0.2,50.0,50.0,0.0,50.0,0.0,-1.0,0.336,-0.0,-0.0,0.11111111111111116
12,2019-935-anthony hernandez--junyong park,2019,0,731,732,Anthony Hernandez,JunYong Park,185,185,1,0.0,1500.0,1500.0,0.0,1,12.0,-4.0,1.06,6.0,11.0,22.2,22.300000000000004,-44.5,4.0,0.0,-1.0,0.0,0.0,0.0,0.0,0.0,0.0,0.0,0.0,0.0,-0.0,-0.0,0.0
12,2019-936-anthony hernandez--markus perez,2019,0,555,731,markus perez,Anthony Hernandez,185,185,1,0.0,1500.0,1504.125,-4.125,1,-62.0,-49.0,2.53,-48.0,-68.0,-22.2,-55.6,-22.2,-4.0,0.0,-11.0,0.0,0.0,0.0,0.0,0.0,0.0,0.0,0.0,0.0,-0.0,-0.0,0.0
12,2019-937-anthony pettis--stephen thompson,2019,0,90,131,anthony pettis,Stephen Thompson,185,170,0,15.0,1500.0,1601.3441933296426,-101.34419332964262,1,-46.0,-54.0,3.0,-35.0,-63.0,-50.0,0.0,-50.0,-7.0,0.0,-22.0,0.0,-0.2,-60.0,-33.333333333333336,-33.333333333333336,0.0,-1.0,2.0,-0.16000000000000003,-15.2,-16.25,-1.1333333333333333
12,2019-938-arman tsarukyan--islam makhachev,2019,0,295,733,Islam Makhachev,Arman Tsarukyan,170,155,0,15.0,1536.115153479811,1500.0,36.11515347981094,1,10.0,8.0,0.29000000000000004,16.0,15.0,-25.599999999999998,50.0,-24.400000000000002,2.0,5.0,6.0,0.0,0.2,100.0,60.0,20.0,40.0,0.0,5.0,1.0,-0.0,-0.0,2.6666666666666665
12,2019-939-arman tsarukyan--olivier aubinmercier,2019,0,430,733,olivier aubinmercier,Arman Tsarukyan,185,155,0,30.0,1500.0,1473.902069975904,26.09793002409606,0,-48.0,-53.0,1.84,-37.0,-75.0,-44.4,0.0,-55.6,-6.0,0.0,-11.0,0.0,0.0,0.0,0.0,0.0,0.0,0.0,0.0,0.0,-0.0,-0.0,0.0
12,2019-940-armando villarreal--ode osbourne,2019,0,734,735,Ode Osbourne,armando villarreal,125,185,0,-60.0,1500.0,1500.0,0.0,1,41.0,47.0,-3.43,30.0,66.0,50.0,16.7,33.3,0.0,0.0,13.0,0.0,0.0,0.0,0.0,0.0,0.0,0.0,0.0,0.0,-0.0,-0.0,0.0
12,2019-941-arnold allen--gilbert melendez,2019,0,297,436,Arnold Allen,gilbert melendez,145,185,0,-40.0,1526.872267180916,1500.0,26.87226718091597,1,41.0,61.0,-2.88,47.0,75.0,18.2,18.2,63.6,4.0,0.0,13.0,0.0,0.2,100.0,50.0,0.0,50.0,0.0,4.0,1.0,-0.0,-0.0,2.666666666666667
12,2019-942-arnold allen--jordan rinaldi,2019,0,297,736,Arnold Allen,jordan rinaldi,145,185,0,-40.0,1553.4492999142133,1500.0,53.44929991421327,1,41.0,61.0,-2.88,47.0,75.0,18.2,18.2,63.6,4.0,0.0,13.0,0.0,0.2,100.0,50.0,0.0,50.0,0.0,4.0,1.0,-0.0,-0.0,2.666666666666667
12,2019-943-augusto sakai--marcin tybura,2019,0,467,737,Marcin Tybura,augusto sakai,265,185,0,80.0,1521.254269542012,1500.0,21.254269542012025,0,48.0,55.0,-3.33,33.0,75.0,35.8,7.1,57.1,8.0,0.0,23.0,0.0,0.2,60.0,33.333333333333336,33.333333333333336,0.0,0.0,-1.0,0.3744,12.5,12.5,-0.4166666666666666
12,2019-944-austin hubbard--davi ramos,2019,0,738,739,davi ramos,Austin Hubbard,185,155,0,30.0,1500.0,1500.0,0.0,1,-42.0,-55.0,4.1,-28.0,-68.0,-25.0,0.0,-75.0,0.0,0.0,-12.0,0.0,0.0,0.0,0.0,0.0,0.0,0.0,0.0,0.0,-0.0,-0.0,0.0
12,2019-945-austin hubbard--kyle prepolec,2019,0,739,740,Austin Hubbard,Kyle Prepolec,155,155,1,0.0,1469.875,1500.0,-30.125,1,7.0,6.0,1.0900000000000007,28.0,28.0,-75.0,0.0,75.0,0.0,0.0,9.0,0.0,0.0,0.0,0.0,0.0,0.0,0.0,0.0,0.0,-0.0,-0.0,0.0
12,2019-946-belal muhammad--curtis millender,2019,0,366,649,Belal Muhammad,curtis millender,170,185,0,-15.0,1526.1002714027463,1500.0,26.10027140274633,1,43.0,55.0,-3.78,38.0,90.0,13.3,6.7,80.0,6.0,1.0,19.0,0.0,0.2,80.0,0.0,0.0,0.0,0.0,4.0,0.9743999999999999,-0.0,-0.0,1.3333333333333335
12,2019-947-belal muhammad--geoff neal,2019,0,366,525,Belal Muhammad,Geoff Neal,170,170,1,0.0,1551.056846588078,1511.5625812937,39.49426529437801,0,-8.0,-2.0,1.7000000000000006,-7.0,3.0,-53.400000000000006,-4.3999999999999995,57.8,2.0,1.0,5.0,0.0,0.0,-20.0,-100.0,-66.66666666666667,-33.333333333333336,0.0,1.0,-0.025600000000000067,-0.0,-0.0,1.3333333333333335
12,2019-948-belal muhammad--takashi sato,2019,0,366,741,Belal Muhammad,takashi sato,170,185,0,-15.0,1523.5070659622631,1500.0,23.50706596226314,1,43.0,55.0,-3.78,38.0,90.0,13.3,6.7,80.0,6.0,1.0,19.0,0.0,0.2,80.0,0.0,0.0,0.0,0.0,4.0,0.9743999999999999,-0.0,-0.0,1.3333333333333335
12,2019-949-beneil dariush--drew dober,2019,0,32,219,Drew Dober,Beneil Dariush,155,155,1,0.0,1519.1125463369906,1540.76630615884,-21.653759821849462,0,-9.0,-6.0,-1.7200000000000002,-21.0,-26.0,53.800000000000004,-22.299999999999997,-31.5,-8.0,0.0,1.0,0.0,0.0,60.0,-10.0,-10.0,0.0,0.0,6.0,0.7343999999999999,-8.8,-9.75,-2.0666666666666664
12,2019-950-beneil dariush--frank camacho,2019,0,219,557,Beneil Dariush,frank camacho,155,185,0,-30.0,1544.827117075918,1500.0,44.82711707591807,1,49.0,57.0,-2.61,38.0,82.0,17.699999999999996,29.4,52.9,9.0,0.0,24.0,0.0,0.2,40.0,50.0,50.0,0.0,0.0,-1.0,0.2656,8.8,9.75,2.4
12,2019-951-benito lopez--vince morales,2019,0,666,742,Vince Morales,benito lopez,135,185,0,-50.0,1470.6000553488973,1500.0,-29.399944651102714,0,37.0,53.0,-4.0,40.0,58.0,33.3,0.0,66.7,0.0,0.0,12.0,0.0,0.2,0.0,0.0,0.0,0.0,0.0,-2.0,0.0,-0.0,-0.0,-3.0
12,2019-952-billy quarantillo--jacob kilburn,2019,0,743,744,Billy Quarantillo,jacob kilburn,145,185,0,-40.0,1500.0,1500.0,0.0,1,54.0,42.0,-5.83,24.0,61.0,57.1,14.3,28.6,0.0,0.0,12.0,0.0,0.0,0.0,0.0,0.0,0.0,0.0,0.0,0.0,-0.0,-0.0,0.0
12,2019-953-billy quarantillo--kamuela kirk,2019,0,743,745,Billy Quarantillo,kamuela kirk,145,185,0,-40.0,1504.125,1500.0,4.125,1,54.0,42.0,-5.83,24.0,61.0,57.1,14.3,28.6,0.0,0.0,12.0,0.0,0.0,0.0,0.0,0.0,0.0,0.0,0.0,0.0,-0.0,-0.0,0.0
12,2019-954-blagoy ivanov--derrick lewis,2019,0,243,746,Derrick Lewis,blagoy ivanov,265,185,0,80.0,1664.550227785111,1500.0,164.55022778511102,1,50.0,40.0,-2.49,26.0,52.0,80.0,0.0,20.0,14.0,0.0,30.0,0.0,0.2,80.0,75.0,75.0,0.0,1.0,3.0,0.9616,10.0,14.0,1.3333333333333335
12,2019-955-blagoy ivanov--tai tuivasa,2019,0,593,746,Tai Tuivasa,blagoy ivanov,265,185,0,80.0,1528.6507421600272,1500.0,28.65074216002722,0,46.0,44.0,-5.18,0.0,57.0,87.5,0.0,12.5,3.0,0.0,16.0,0.0,0.2,75.0,66.66666666666667,66.66666666666667,0.0,0.0,2.0,0.904,12.0,12.0,1.0
12,2019-956-bobby moffett--bryce mitchell,2019,0,632,747,Bryce Mitchell,bobby moffett,135,185,0,-50.0,1504.5625,1500.0,4.5625,1,59.0,58.0,-1.6,36.0,33.0,11.1,11.1,77.8,4.0,0.0,12.0,0.0,0.2,100.0,0.0,0.0,0.0,0.0,1.0,1.0,-0.0,-0.0,0.6666666666666666
12,2019-957-brad katona--merab dvalishvili,2019,0,558,748,Merab Dvalishvili,brad katona,135,185,0,-50.0,1495.7425781545076,1500.0,-4.257421845492445,1,42.0,56.0,-2.48,35.0,82.0,7.7,7.7,84.6,9.0,3.0,15.0,0.0,0.2,33.333333333333336,0.0,0.0,0.0,0.0,-1.0,0.24,-0.0,-0.0,2.0
12,2019-958-brad riddell--jamie mullarkey,2019,0,749,750,Brad Riddell,Jamie Mullarkey,185,155,0,30.0,1500.0,1500.0,0.0,1,-46.0,-53.0,4.53,-34.0,-78.0,-40.0,0.0,-60.0,0.0,0.0,-11.0,0.0,0.0,0.0,0.0,0.0,0.0,0.0,0.0,0.0,-0.0,-0.0,0.0
12,2019-959-brad tavares--edmen shahbazyan,2019,0,309,619,brad tavares,Edmen Shahbazyan,185,185,1,0.0,1529.708426675639,1508.8889982870387,20.819428388600272,0,-5.0,6.0,0.26000000000000023,-11.0,15.0,-54.2,-11.1,65.3,5.0,0.0,13.0,0.0,0.0,-20.0,-25.0,-25.0,0.0,0.0,-1.0,-0.24,6.0,8.666666666666666,0.0
12,2019-960-brandon davis--giga chikadze,2019,0,627,751,Giga Chikadze,brandon davis,145,185,0,-40.0,1484.53125,1500.0,-15.46875,1,42.0,60.0,-3.48,33.0,65.0,37.5,0.0,62.5,3.0,0.0,12.0,0.0,0.2,0.0,0.0,0.0,0.0,0.0,-1.0,0.0,-0.0,-0.0,0.0
12,2019-961-brandon moreno--kai karafrance,2019,0,390,668,Brandon Moreno,Kai Kara-France,125,125,1,0.0,1515.7296327001404,1519.76875,-4.039117299859527,1,4.0,-4.0,-0.3799999999999999,14.0,-19.0,-10.299999999999994,27.3,-17.0,2.0,3.0,5.0,0.0,0.0,-40.0,66.66666666666667,0.0,66.66666666666667,0.0,-2.0,-0.696,10.4,10.4,-6.222222222222222
12,2019-962-brendan allen--kevin holland,2019,0,691,713,Kevin Holland,Brendan Allen,170,185,0,-15.0,1507.1487492335893,1504.125,3.023749233589342,0,-3.0,3.0,0.7399999999999998,-3.0,-1.0,24.1,-19.6,-4.5000000000000036,-1.0,0.0,9.0,0.0,0.2,66.66666666666667,50.0,0.0,50.0,0.0,1.0,0.76,7.0,7.0,0.33333333333333326
12,2019-963-bryan barberena--randy brown,2019,0,394,396,Randy Brown,bryan barberena,170,185,0,-15.0,1474.8534881931732,1500.0,-25.146511806826766,1,47.0,54.0,-3.26,39.0,73.0,28.6,21.4,50.0,0.0,0.0,20.0,0.0,0.2,40.0,0.0,0.0,0.0,0.0,-2.0,0.13440000000000002,-0.0,-0.0,-7.401486830834377e-17
12,2019-964-bryan barberena--vicente luque,2019,0,339,396,Vicente Luque,bryan barberena,170,185,0,-15.0,1501.6239149103526,1500.0,1.623914910352596,1,51.0,52.0,-5.25,51.0,61.0,50.0,37.5,12.5,8.0,0.0,23.0,0.0,0.2,80.0,100.0,50.0,50.0,0.0,2.0,0.904,-0.0,-0.0,-1.0
12,2019-965-bryce mitchell--matt sayles,2019,0,632,752,Bryce Mitchell,matt sayles,135,185,0,-50.0,1512.5611555785433,1500.0,12.561155578543321,1,59.0,58.0,-1.6,36.0,33.0,11.1,11.1,77.8,4.0,0.0,12.0,0.0,0.2,100.0,0.0,0.0,0.0,0.0,1.0,1.0,-0.0,-0.0,0.6666666666666666
12,2019-966-calvin kattar--ricardo lamas,2019,0,99,506,ricardo lamas,Calvin Kattar,185,145,0,40.0,1500.0,1500.0805012687956,-0.08050126879561503,0,-37.0,-54.0,6.55,-29.0,-77.0,-57.1,0.0,-42.9,-4.0,0.0,-15.0,0.0,-0.2,-75.0,-66.66666666666667,-66.66666666666667,0.0,0.0,-1.0,-0.76,-9.0,-9.0,-0.33333333333333326
12,2019-967-calvin kattar--zabit magomedsharipov,2019,0,506,753,Calvin Kattar,zabit magomedsharipov,145,185,0,-40.0,1538.8532552145832,1500.0,38.853255214583214,0,37.0,54.0,-6.55,29.0,77.0,57.1,0.0,42.9,4.0,0.0,15.0,0.0,0.2,75.0,66.66666666666667,66.66666666666667,0.0,0.0,1.0,0.76,9.0,9.0,0.33333333333333326
12,2019-968-carlos huachin--raoni barcelos,2019,0,645,754,Raoni Barcelos,carlos huachin,135,185,0,-50.0,1506.1580426222886,1500.0,6.158042622288576,1,52.0,60.0,-4.4,33.0,85.0,22.2,22.2,55.6,0.0,0.0,13.0,0.0,0.2,100.0,100.0,50.0,50.0,0.0,2.0,1.0,-0.0,-0.0,0.0
12,2019-969-cezar ferreira--marvin vettori,2019,0,368,397,Marvin Vettori,cezar ferreira,185,185,1,0.0,1508.0293476576478,1500.0,8.029347657647804,1,45.0,56.0,-4.52,45.0,65.0,0.0,22.2,77.8,4.0,0.0,17.0,0.0,0.2,50.0,50.0,0.0,50.0,0.0,-1.0,0.336,-0.0,-0.0,0.11111111111111116
12,2019-970-chan sung jung--renato moicano,2019,0,291,639,Renato Moicano,chan sung jung,155,185,0,-30.0,1600.7170617406364,1500.0,100.71706174063638,0,48.0,59.0,-3.57,41.0,62.0,16.7,50.0,33.3,7.0,0.0,19.0,0.0,0.2,80.0,25.0,0.0,25.0,0.0,3.0,0.9616,12.25,12.25,1.4444444444444446
12,2019-971-chance rencountre--ismail naurdiev,2019,0,628,755,chance rencountre,Ismail Naurdiev,185,185,1,0.0,1500.0,1500.0,0.0,1,-52.0,-64.0,1.77,-40.0,-73.0,0.0,0.0,-100.0,0.0,0.0,-6.0,0.0,0.0,0.0,0.0,0.0,0.0,0.0,0.0,0.0,-0.0,-0.0,0.0
12,2019-972-charles byrd--edmen shahbazyan,2019,0,619,756,Edmen Shahbazyan,charles byrd,185,185,1,0.0,1547.4068394981678,1500.0,47.406839498167756,1,48.0,48.0,-3.62,37.0,66.0,66.7,11.1,22.2,1.0,0.0,14.0,0.0,0.2,100.0,50.0,50.0,0.0,0.0,2.0,1.0,-0.0,-0.0,1.0
12,2019-973-charles jourdain--desmond green,2019,0,543,757,desmond green,Charles Jourdain,185,135,0,50.0,1500.0,1500.0,0.0,1,-48.0,-56.0,4.27,-21.0,-47.0,-28.500000000000007,-42.9,-28.6,0.0,0.0,-15.0,0.0,0.0,0.0,0.0,0.0,0.0,0.0,0.0,0.0,-0.0,-0.0,0.0
12,2019-974-charles jourdain--dooho choi,2019,0,247,757,Dooho Choi,Charles Jourdain,145,135,0,10.0,1487.8028635794035,1473.2083333333333,14.594530246070235,0,8.0,0.0,0.25,32.0,0.0,71.5,-42.9,-28.6,0.0,0.0,-6.0,0.0,0.2,60.0,100.0,100.0,0.0,0.0,-1.0,0.30400000000000005,13.5,13.5,-2.3333333333333335
12,2019-975-charles oliveira--david teymur,2019,0,63,422,Charles Oliveira,David Teymur,155,185,0,-30.0,1536.2629815744488,1500.0,36.26298157444876,1,55.0,48.0,-3.26,39.0,56.0,17.4,69.6,13.0,13.0,2.0,34.0,0.0,0.2,80.0,100.0,0.0,100.0,0.0,4.0,0.9743999999999999,12.8,11.0,-0.33333333333333337
12,2019-976-charles oliveira--jared gordon,2019,0,63,567,Charles Oliveira,Jared Gordon,155,155,1,0.0,1552.3339985322464,1481.4917167103113,70.8422818219351,1,0.0,-8.0,0.6500000000000004,7.0,-6.0,-15.899999999999999,69.6,-53.7,13.0,2.0,19.0,0.0,0.0,30.0,50.0,-50.0,100.0,0.0,6.0,0.8143999999999999,12.8,11.0,-3.3333333333333335
12,2019-977-charles oliveira--nik lentz,2019,0,63,313,Charles Oliveira,nik lentz,155,185,0,-30.0,1589.9429011841198,1500.0,89.94290118411982,1,55.0,48.0,-3.26,39.0,56.0,17.4,69.6,13.0,13.0,2.0,34.0,0.0,0.2,80.0,100.0,0.0,100.0,0.0,4.0,0.9743999999999999,12.8,11.0,-0.33333333333333337
12,2019-978-chase hooper--daniel teymur,2019,0,636,758,Chase Hooper,daniel teymur,155,185,0,-30.0,1502.2687500000002,1500.0,2.268750000000182,1,49.0,39.0,-2.98,33.0,55.0,22.300000000000008,44.4,33.3,0.0,0.0,13.0,0.0,0.2,100.0,0.0,0.0,0.0,0.0,1.0,1.0,-0.0,-0.0,0.0
12,2019-979-chris gutierrez--geraldo de freitas,2019,0,646,759,Chris Gutierrez,geraldo de freitas,135,185,0,-50.0,1484.53125,1500.0,-15.46875,1,58.0,63.0,-2.65,25.0,70.0,30.0,0.0,70.0,2.0,0.0,14.0,0.0,0.2,0.0,0.0,0.0,0.0,0.0,-1.0,0.0,-0.0,-0.0,0.0
12,2019-980-chris gutierrez--ryan macdonald,2019,0,646,760,Chris Gutierrez,ryan macdonald,135,185,0,-50.0,1495.7378667029768,1500.0,-4.262133297023183,1,58.0,63.0,-2.65,25.0,70.0,30.0,0.0,70.0,2.0,0.0,14.0,0.0,0.2,0.0,0.0,0.0,0.0,0.0,-1.0,0.0,-0.0,-0.0,0.0
12,2019-981-chris weidman--dominick reyes,2019,0,529,546,chris weidman,Dominick Reyes,185,205,0,-20.0,1500.0,1556.1662049865815,-56.16620498658153,0,-54.0,-50.0,3.54,-28.0,-82.0,-66.7,-11.1,-22.2,-6.0,0.0,-13.0,0.0,-0.2,-100.0,-75.0,-50.0,-25.0,0.0,-4.0,-1.0,-13.0,-13.0,-3.0
12,2019-982-christos giagos--damir hadzovic,2019,0,226,419,christos giagos,Damir Hadzovic,185,155,0,30.0,1500.0,1476.9867265818152,23.01327341818478,1,-47.0,-59.0,3.74,-54.0,-34.0,-50.0,0.0,-50.0,0.0,0.0,-10.0,0.0,-0.2,-50.0,-50.0,-50.0,0.0,0.0,1.0,-0.336,-0.0,-0.0,1.3333333333333333
12,2019-983-christos giagos--drakkar klose,2019,0,226,538,christos giagos,Drakkar Klose,185,155,0,30.0,1500.0,1525.8486851135624,-25.848685113562397,0,-55.0,-49.0,3.65,-26.0,-69.0,-20.0,0.0,-80.0,0.0,0.0,-13.0,0.0,-0.2,-80.0,0.0,0.0,0.0,0.0,-4.0,-0.9743999999999999,-0.0,-0.0,-1.1333333333333333
12,2019-984-ciryl gane--dontale mayes,2019,0,761,762,Ciryl Gane,dontale mayes,265,185,0,80.0,1500.0,1500.0,0.0,1,61.0,61.0,-2.23,25.0,43.0,40.0,20.0,40.0,7.0,1.0,12.0,0.0,0.0,0.0,0.0,0.0,0.0,0.0,0.0,0.0,-0.0,-0.0,0.0
12,2019-985-ciryl gane--raphael pessoa,2019,0,761,763,Ciryl Gane,raphael pessoa,265,185,0,80.0,1504.125,1500.0,4.125,1,61.0,61.0,-2.23,25.0,43.0,40.0,20.0,40.0,7.0,1.0,12.0,0.0,0.0,0.0,0.0,0.0,0.0,0.0,0.0,0.0,-0.0,-0.0,0.0
12,2019-986-ciryl gane--tanner boser,2019,0,761,764,Ciryl Gane,tanner boser,265,185,0,80.0,1508.2377568488662,1500.0,8.237756848866184,1,61.0,61.0,-2.23,25.0,43.0,40.0,20.0,40.0,7.0,1.0,12.0,0.0,0.0,0.0,0.0,0.0,0.0,0.0,0.0,0.0,-0.0,-0.0,0.0
12,2019-987-claudio puelles--marcos mariano,2019,0,402,765,Claudio Puelles,marcos mariano,155,185,0,-30.0,1496.784404297715,1500.0,-3.2155957022851,1,49.0,46.0,-2.78,36.0,60.0,0.0,60.0,40.0,0.0,0.0,8.0,0.0,0.2,50.0,100.0,0.0,100.0,1.0,1.0,0.6,-0.0,-0.0,0.0
12,2019-988-clay guida--jim miller,2019,0,30,66,Jim Miller,clay guida,155,185,0,-30.0,1445.6769931958693,1500.0,-54.32300680413073,1,42.0,56.0,-3.44,45.0,48.0,22.299999999999994,48.1,29.6,2.0,0.0,45.0,0.0,0.2,20.0,100.0,0.0,100.0,0.0,-1.0,0.24,9.8,12.0,-1.0666666666666667
12,2019-989-cody garbrandt--pedro munhoz,2019,0,281,317,Pedro Munhoz,Cody Garbrandt,135,135,1,0.0,1556.3630052197948,1584.258071715863,-27.89506649606824,1,2.0,-4.0,-2.65,-11.0,-1.0,-36.7,30.0,6.700000000000003,5.0,-1.0,4.0,0.0,0.0,20.0,-50.0,-75.0,25.0,-2.0,1.0,0.24,-2.7333333333333334,-5.533333333333332,-2.6
12,2019-990-colby covington--kamaru usman,2019,1,221,337,Colby Covington,Kamaru Usman,170,170,1,0.0,1672.2904374333507,1748.2029530450918,-75.91251561174113,0,-13.0,-1.0,-0.41999999999999993,-2.0,-21.0,0.0,10.5,-10.5,-5.0,-6.0,-2.0,0.0,0.0,0.0,20.0,0.0,20.0,1.0,0.0,0.0,4.733333333333334,4.733333333333334,-1.0666666666666664
12,2019-991-colby covington--robbie lawler,2019,0,5,221,robbie lawler,Colby Covington,185,170,0,15.0,1500.0,1670.7291587539378,-170.72915875393778,0,-38.0,-54.0,3.09,-42.0,-68.0,-25.0,-16.7,-58.3,-6.0,-1.0,-17.0,0.0,-0.2,-100.0,-40.0,-20.0,-20.0,-1.0,-5.0,-1.0,-16.333333333333332,-16.333333333333332,-2.8
12,2019-992-cole smith--miles johns,2019,0,766,767,Miles Johns,cole smith,135,185,0,-50.0,1500.0,1500.0,0.0,1,44.0,66.0,-2.99,26.0,83.0,28.6,0.0,71.4,0.0,0.0,11.0,0.0,0.0,0.0,0.0,0.0,0.0,0.0,0.0,0.0,-0.0,-0.0,0.0
12,2019-993-corey anderson--johnny walker,2019,0,321,682,corey anderson,Johnny Walker,185,205,0,-20.0,1500.0,1505.3272501899173,-5.327250189917322,1,-55.0,-45.0,3.09,-60.0,-57.0,-66.7,-11.1,-22.2,-6.0,0.0,-15.0,0.0,-0.2,-100.0,-50.0,-50.0,0.0,0.0,-2.0,-1.0,-0.0,-0.0,0.0
12,2019-994-cory sandhagen--john lineker,2019,0,457,624,john lineker,Cory Sandhagen,185,135,0,50.0,1500.0,1506.1783176366496,-6.178317636649581,0,-45.0,-56.0,3.34,-34.0,-63.0,-54.5,-9.1,-36.4,-8.0,0.0,-15.0,0.0,-0.2,-100.0,-100.0,-100.0,0.0,0.0,-2.0,-1.0,-0.0,-0.0,0.0
12,2019-995-cory sandhagen--mario bautista,2019,0,624,768,Cory Sandhagen,Mario Bautista,135,135,1,0.0,1546.7471762110708,1500.0,46.74717621107084,1,-4.0,1.0,1.1100000000000003,1.0,-4.0,44.5,-20.9,-23.6,5.0,0.0,3.0,0.0,0.2,100.0,100.0,100.0,0.0,0.0,2.0,1.0,-0.0,-0.0,0.0
12,2019-996-cory sandhagen--raphael assuncao,2019,0,290,624,raphael assuncao,Cory Sandhagen,185,135,0,50.0,1500.0,1558.7084085286629,-58.70840852866286,0,-45.0,-56.0,3.34,-34.0,-63.0,-54.5,-9.1,-36.4,-8.0,0.0,-15.0,0.0,-0.2,-100.0,-100.0,-100.0,0.0,0.0,-2.0,-1.0,-0.0,-0.0,0.0
12,2019-997-court mcgee--dhiego lima,2019,0,67,327,Court McGee,dhiego lima,170,185,0,-15.0,1479.1036969523939,1500.0,-20.896303047606125,0,36.0,60.0,-3.65,24.0,70.0,0.0,27.3,72.7,0.0,1.0,24.0,0.0,0.2,40.0,0.0,0.0,0.0,0.0,1.0,0.6255999999999999,-0.0,-0.0,0.4
12,2019-998-court mcgee--sean brady,2019,0,67,769,Court McGee,Sean Brady,170,170,1,0.0,1457.3520110007864,1500.0,-42.64798899921357,0,-19.0,1.0,-0.71,-30.0,-16.0,0.0,-22.7,22.700000000000003,-4.0,1.0,15.0,0.0,0.2,40.0,0.0,0.0,0.0,0.0,1.0,0.6255999999999999,-0.0,-0.0,0.4
12,2019-999-cub swanson--kron gracie,2019,0,18,720,Cub Swanson,kron gracie,145,185,0,-40.0,1546.9884686003663,1500.0,46.98846860036633,1,51.0,59.0,-4.0,50.0,63.0,35.0,10.0,55.0,7.0,0.0,33.0,0.0,0.2,40.0,0.0,0.0,0.0,0.0,-2.0,0.12160000000000003,12.8,13.4,1.2666666666666668
12,2020-1162-abdul razak alhassan--khaos williams,2020,0,597,839,abdul razak alhassan,Khaos Williams,185,170,0,15.0,1500.0,1500.0,0.0,0,-39.0,-40.0,5.39,0.0,-51.0,-66.7,0.0,-33.3,0.0,0.0,-10.0,0.0,0.0,0.0,0.0,0.0,0.0,0.0,0.0,0.0,-0.0,-0.0,0.0
12,2020-1163-adrian yanez--brady huang,2020,0,840,841,Adrian Yanez,brady huang,135,185,0,-50.0,1500.0,1500.0,0.0,1,41.0,54.0,-5.75,0.0,81.0,85.7,0.0,14.3,0.0,0.0,10.0,0.0,0.0,0.0,0.0,0.0,0.0,0.0,0.0,0.0,-0.0,-0.0,0.0
12,2020-1164-adrian yanez--victor rodriguez,2020,0,840,842,Adrian Yanez,victor rodriguez,135,185,0,-50.0,1504.875,1500.0,4.875,1,41.0,54.0,-5.75,0.0,81.0,85.7,0.0,14.3,0.0,0.0,10.0,0.0,0.0,0.0,0.0,0.0,0.0,0.0,0.0,0.0,-0.0,-0.0,0.0
12,2020-1165-alan baudot--tom aspinall,2020,0,843,844,Tom Aspinall,alan baudot,265,185,0,80.0,1500.0,1500.0,0.0,1,67.0,65.0,-2.89,100.0,100.0,75.0,25.0,0.0,5.0,2.0,9.0,0.0,0.0,0.0,0.0,0.0,0.0,0.0,0.0,0.0,-0.0,-0.0,0.0
12,2020-1166-alan patrick--king green,2020,0,46,598,King Green,alan patrick,155,185,0,-30.0,1468.2075127393139,1500.0,-31.79248726068613,1,52.0,62.0,-3.72,39.0,74.0,17.699999999999996,23.5,58.8,3.0,0.0,32.0,0.0,0.2,20.0,0.0,0.0,0.0,0.0,-1.0,0.24,11.666666666666666,9.0,-0.33333333333333337
12,2020-1167-alatengheili--casey kenney,2020,0,715,845,Alatengheili,casey kenney,135,185,0,-50.0,1524.9254218536776,1500.0,24.925421853677562,0,32.0,57.0,-5.12,43.0,75.0,20.0,0.0,80.0,1.0,0.0,9.0,0.0,0.2,100.0,0.0,0.0,0.0,0.0,2.0,1.0,7.0,7.0,1.5
12,2020-1168-aleksandar rakic--anthony smith,2020,0,485,618,Aleksandar Rakic,anthony smith,205,185,0,20.0,1550.3920488438494,1500.0,50.39204884384935,1,50.0,51.0,-2.91,23.0,85.0,33.3,0.0,66.7,3.0,0.0,10.0,0.0,0.2,80.0,50.0,50.0,0.0,0.0,1.0,0.76,10.5,10.5,2.555555555555556
12,2020-1169-aleksei kunchenko--elizeu zaleski dos santos,2020,0,331,718,Elizeu Zaleski dos Santos,aleksei kunchenko,170,185,0,-15.0,1548.0953315699392,1500.0,48.09533156993916,1,41.0,55.0,-3.56,20.0,67.0,36.4,9.1,54.5,1.0,0.0,18.0,0.0,0.2,80.0,75.0,50.0,25.0,0.0,1.0,0.76,6.0,6.0,0.9166666666666667
12,2020-1170-aleksei oleinik--derrick lewis,2020,0,243,486,Derrick Lewis,aleksei oleinik,265,185,0,80.0,1643.374649814425,1500.0,143.37464981442508,1,50.0,40.0,-2.49,26.0,52.0,80.0,0.0,20.0,14.0,0.0,30.0,0.0,0.2,80.0,50.0,50.0,0.0,0.0,-1.0,0.4,10.0,13.8,1.4444444444444446
12,2020-1171-alex caceres--austin springer,2020,0,86,626,Alex Caceres,austin springer,145,185,0,-40.0,1482.3831344871912,1500.0,-17.616865512808772,1,49.0,62.0,-3.09,68.0,64.0,12.5,25.0,62.5,1.0,0.0,29.0,0.0,0.2,60.0,33.333333333333336,33.333333333333336,0.0,0.0,-1.0,0.36160000000000003,11.0,-0.0,1.2666666666666668
12,2020-1172-alex caceres--chase hooper,2020,0,86,636,Alex Caceres,Chase Hooper,145,155,0,-10.0,1487.3198788049756,1504.790262034646,-17.47038322967046,1,0.0,23.0,-0.10999999999999988,35.0,9.0,-9.800000000000008,-19.4,29.200000000000003,1.0,0.0,16.0,0.0,0.0,-40.0,-16.666666666666664,-16.666666666666664,0.0,0.0,-3.0,-0.6384,11.0,-0.0,1.2666666666666668
12,2020-1173-alex morono--anthony pettis,2020,0,90,371,anthony pettis,Alex Morono,185,170,0,15.0,1500.0,1518.7670544858938,-18.767054485893823,1,-40.0,-56.0,4.78,-24.0,-47.0,-15.4,-15.4,-69.2,-1.0,0.0,-22.0,0.0,-0.2,-80.0,-50.0,-25.0,-25.0,0.0,-3.0,-0.9616,-0.0,-0.0,-0.8666666666666668
12,2020-1174-alex morono--khaos williams,2020,0,371,839,Alex Morono,Khaos Williams,170,170,1,0.0,1500.3971706345249,1504.875,-4.477829365475145,0,1.0,16.0,0.6099999999999994,24.0,-4.0,-51.300000000000004,15.4,35.900000000000006,1.0,0.0,12.0,0.0,0.2,80.0,50.0,25.0,25.0,0.0,3.0,0.9616,-0.0,-0.0,0.8666666666666668
12,2020-1175-alex morono--rhys mckee,2020,0,371,847,Alex Morono,Rhys McKee,170,170,1,0.0,1476.1007039313342,1500.0,-23.899296068665763,1,0.0,9.0,2.37,24.0,0.0,-84.6,15.4,69.2,1.0,0.0,16.0,0.0,0.2,80.0,50.0,25.0,25.0,0.0,3.0,0.9616,-0.0,-0.0,0.8666666666666668
12,2020-1176-alex oliveira--max griffin,2020,0,300,410,alex oliveira,Max Griffin,185,170,0,15.0,1500.0,1461.0440902703258,38.955909729674204,1,-47.0,-58.0,3.7,-40.0,-70.0,-37.5,0.0,-62.5,0.0,0.0,-18.0,0.0,-0.2,-40.0,0.0,0.0,0.0,0.0,1.0,-0.2784,-0.0,-0.0,0.0
12,2020-1177-alex oliveira--shavkat rakhmonov,2020,0,300,848,alex oliveira,Shavkat Rakhmonov,185,170,0,15.0,1500.0,1500.0,0.0,0,-60.0,-51.0,2.17,-25.0,-85.0,-14.3,-71.4,-14.3,-4.0,0.0,-7.0,0.0,0.0,0.0,0.0,0.0,0.0,0.0,0.0,0.0,-0.0,-0.0,0.0
12,2020-1178-alex perez--deiveson figueiredo,2020,1,491,539,Alex Perez,Deiveson Figueiredo,125,135,0,-10.0,1559.0100456577813,1646.8732418923962,-87.86319623461486,0,-8.0,9.0,0.43999999999999995,11.0,19.0,6.799999999999994,6.699999999999999,-13.5,-6.0,-3.0,-6.0,0.0,0.0,0.0,-25.0,-25.0,0.0,0.0,4.0,0.5616,1.0,1.0,2.0
12,2020-1179-alex perez--jordan espinosa,2020,0,491,807,Alex Perez,jordan espinosa,125,185,0,-60.0,1557.1807672066227,1500.0,57.180767206622704,1,46.0,58.0,-3.2,46.0,77.0,37.5,37.5,25.0,4.0,0.0,13.0,0.0,0.2,80.0,50.0,25.0,25.0,0.0,3.0,0.9616,15.0,15.0,3.0
12,2020-1180-alex perez--jussier formiga,2020,0,340,491,jussier formiga,Alex Perez,185,125,0,60.0,1500.0,1595.525692166987,-95.52569216698703,0,-46.0,-58.0,3.2,-46.0,-77.0,-37.5,-37.5,-25.0,-4.0,0.0,-13.0,0.0,-0.2,-80.0,-50.0,-25.0,-25.0,0.0,-3.0,-0.9616,-15.0,-15.0,-3.0
12,2020-1181-alexander hernandez--chris gruetzemacher,2020,0,602,644,Alexander Hernandez,chris gruetzemacher,155,185,0,-30.0,1538.8290556680258,1500.0,38.82905566802583,1,40.0,58.0,-4.6,36.0,73.0,44.4,0.0,55.6,3.0,0.0,16.0,0.0,0.2,75.0,33.333333333333336,33.333333333333336,0.0,0.0,-1.0,0.4,7.25,7.25,2.0
12,2020-1182-alexander hernandez--drew dober,2020,0,32,602,Drew Dober,Alexander Hernandez,155,155,1,0.0,1502.2027712580284,1543.5684136362588,-41.365642378230405,1,0.0,-7.0,0.2699999999999996,-19.0,-17.0,27.1,7.1,-34.2,-2.0,0.0,9.0,0.0,0.0,5.0,16.666666666666664,16.666666666666664,0.0,0.0,0.0,0.0,-7.25,-7.25,-1.6666666666666667
12,2020-1183-alexander munoz--nasrat haqparast,2020,0,588,849,Nasrat Haqparast,alexander munoz,155,185,0,-30.0,1513.930630320738,1500.0,13.930630320737919,1,45.0,63.0,-6.01,20.0,84.0,20.0,0.0,80.0,0.0,0.0,14.0,0.0,0.2,75.0,33.333333333333336,33.333333333333336,0.0,0.0,3.0,0.9359999999999999,-0.0,-0.0,1.0
12,2020-1184-alexander volkanovski--max holloway,2020,1,137,375,Max Holloway,Alexander Volkanovski,145,145,1,0.0,1743.6322789954959,1809.3352657089838,-65.70298671348792,0,-8.0,1.0,-1.3800000000000003,19.0,13.0,12.099999999999994,8.7,-20.799999999999997,6.0,-2.0,14.0,0.0,0.0,-40.0,26.66666666666667,26.66666666666667,0.0,4.0,-6.0,-0.696,-2.2666666666666666,3.083333333333333,-2.2666666666666666
12,2020-1185-alexander volkov--curtis blaydes,2020,0,377,405,Alexander Volkov,Curtis Blaydes,265,265,1,0.0,1617.529626491344,1657.6987252474873,-40.169098756143285,0,7.0,-4.0,-0.9900000000000002,18.0,41.0,-7.100000000000001,8.3,-1.1999999999999957,-1.0,0.0,-2.0,0.0,0.0,0.0,0.0,0.0,0.0,0.0,-2.0,-0.07039999999999991,-0.7999999999999998,-0.40000000000000036,0.22222222222222232
12,2020-1186-alexander volkov--walt harris,2020,0,288,377,walt harris,Alexander Volkov,185,265,0,-80.0,1500.0,1602.658797871546,-102.65879787154608,0,-57.0,-54.0,2.99,-66.0,-72.0,-50.0,-8.3,-41.7,-12.0,0.0,-17.0,0.0,-0.2,-80.0,-50.0,-50.0,0.0,0.0,-2.0,-0.904,-12.2,-13.6,-2.555555555555556
12,2020-1187-alexander yakovlev--joel alvarez,2020,0,379,773,alexander yakovlev,Joel Alvarez,185,155,0,30.0,1500.0,1480.5668946733563,19.433105326643727,0,-53.0,-50.0,3.32,0.0,-40.0,-57.1,-42.9,0.0,-1.0,0.0,-9.0,0.0,-0.2,-50.0,-100.0,-100.0,0.0,0.0,1.0,-0.4,-0.0,-0.0,3.0
12,2020-1188-alexandre pantoja--askar askarov,2020,0,498,850,Alexandre Pantoja,askar askarov,125,185,0,-60.0,1615.6398880967167,1500.0,115.63988809671673,0,50.0,49.0,-3.88,47.0,69.0,14.200000000000006,42.9,42.9,11.0,5.0,17.0,0.0,0.2,60.0,66.66666666666667,66.66666666666667,0.0,0.0,1.0,0.7216,10.4,13.2,0.08333333333333337
12,2020-1189-aliaskhab khizriev--henrique shiguemoto,2020,0,851,852,Aliaskhab Khizriev,henrique shiguemoto,185,185,1,0.0,1500.0,1500.0,0.0,1,64.0,61.0,-4.38,60.0,100.0,0.0,100.0,0.0,0.0,0.0,2.0,0.0,0.0,0.0,0.0,0.0,0.0,0.0,0.0,0.0,-0.0,-0.0,0.0
12,2020-1190-aljamain sterling--cory sandhagen,2020,0,212,624,Aljamain Sterling,Cory Sandhagen,145,135,0,10.0,1675.8510866092938,1598.934695635521,76.91639097377288,1,7.0,3.0,1.13,-4.0,-19.0,-42.7,14.4,22.4,5.0,4.0,7.0,0.0,0.0,-20.0,-35.0,-40.0,5.0,0.0,-1.0,-0.025600000000000067,-1.7000000000000002,-1.9000000000000004,0.1333333333333333
12,2020-1191-alonzo menifield--devin clark,2020,0,504,544,Alonzo Menifield,devin clark,205,185,0,20.0,1519.2077872095954,1500.0,19.20778720959538,0,53.0,50.0,-3.76,31.0,78.0,50.0,16.7,33.3,4.0,0.0,18.0,0.0,0.2,100.0,100.0,100.0,0.0,0.0,4.0,1.0,-0.0,-0.0,0.0
12,2020-1192-alonzo menifield--ovince saint preux,2020,0,287,504,ovince saint preux,Alonzo Menifield,185,205,0,-20.0,1500.0,1492.6375941001343,7.362405899865735,1,-53.0,-50.0,3.76,-31.0,-78.0,-50.0,-16.7,-33.3,-4.0,0.0,-18.0,0.0,-0.2,-100.0,-100.0,-100.0,0.0,0.0,-4.0,-1.0,-0.0,-0.0,0.0
12,2020-1193-amir albazi--malcolm gordon,2020,0,853,854,Amir Albazi,malcolm gordon,125,185,0,-60.0,1500.0,1500.0,0.0,1,34.0,61.0,-3.71,32.0,50.0,20.0,40.0,40.0,4.0,0.0,6.0,0.0,0.0,0.0,0.0,0.0,0.0,0.0,0.0,0.0,-0.0,-0.0,0.0
12,2020-1194-andre ewell--jonathan martinez,2020,0,613,617,andre ewell,Jonathan Martinez,185,135,0,50.0,1500.0,1500.1377825863524,-0.13778258635238672,1,-49.0,-56.0,4.09,-35.0,-68.0,-40.0,0.0,-60.0,-1.0,0.0,-15.0,0.0,-0.2,-66.66666666666667,-50.0,-50.0,0.0,0.0,-2.0,-0.84,-0.0,-0.0,-0.16666666666666674
12,2020-1195-andre fili--bryce mitchell,2020,0,159,632,Andre Fili,Bryce Mitchell,145,135,0,10.0,1504.8704634545024,1515.5524654554524,-10.682002000949979,0,-22.0,-7.0,-2.6300000000000003,9.0,38.0,19.700000000000003,-11.1,-8.599999999999994,-2.0,0.0,12.0,0.0,0.0,-40.0,0.0,33.333333333333336,-33.333333333333336,0.0,0.0,-0.06400000000000006,8.0,8.0,-0.6333333333333333
12,2020-1196-andre fili--charles jourdain,2020,0,159,757,Andre Fili,Charles Jourdain,145,135,0,10.0,1477.6843099617422,1483.0324702557464,-5.348160294004174,1,-11.0,-5.0,0.03999999999999915,24.0,24.0,2.2999999999999936,-42.9,40.6,2.0,0.0,9.0,0.0,0.0,10.0,-66.66666666666666,-66.66666666666666,0.0,0.0,4.0,0.5359999999999999,8.0,8.0,2.5333333333333337
12,2020-1197-andre fili--sodiq yusuff,2020,0,159,705,Andre Fili,Sodiq Yusuff,145,155,0,-10.0,1485.9660560174414,1521.8714751149912,-35.90541909754984,0,-12.0,-2.0,0.05999999999999961,22.0,9.0,2.1999999999999993,-14.3,12.100000000000001,0.0,0.0,13.0,0.0,0.0,-40.0,-16.666666666666664,-16.666666666666664,0.0,0.0,-1.0,-0.06400000000000006,8.0,8.0,-0.4666666666666666
12,2020-1198-andre muniz--bartosz fabinski,2020,0,614,855,Andre Muniz,bartosz fabinski,185,185,1,0.0,1521.2956235392144,1500.0,21.295623539214375,1,49.0,51.0,-2.33,49.0,35.0,0.0,50.0,50.0,1.0,0.0,11.0,0.0,0.2,100.0,33.333333333333336,0.0,33.333333333333336,0.0,3.0,1.0,-0.0,-0.0,1.5
12,2020-1199-andreas michailidis--modestas bukauskas,2020,0,856,857,Modestas Bukauskas,andreas michailidis,205,185,0,20.0,1500.0,1500.0,0.0,1,43.0,51.0,-3.93,66.0,80.0,42.800000000000004,14.3,42.9,0.0,0.0,11.0,0.0,0.0,0.0,0.0,0.0,0.0,0.0,0.0,0.0,-0.0,-0.0,0.0
12,2020-1200-andrew sanchez--wellington turman,2020,0,383,813,andrew sanchez,Wellington Turman,185,170,0,15.0,1500.0,1499.6384641878103,0.3615358121896861,1,-51.0,-45.0,4.17,-20.0,-42.0,0.0,-33.3,-66.7,0.0,0.0,-9.0,0.0,-0.2,-50.0,0.0,0.0,0.0,0.0,1.0,-0.4,-0.0,-0.0,-1.0
12,2020-1201-anthony hernandez--kevin holland,2020,0,691,731,Kevin Holland,Anthony Hernandez,170,185,0,-15.0,1498.044335022889,1487.5790881832481,10.46524683964094,1,-12.0,1.0,-0.6900000000000004,-10.0,-13.0,9.099999999999994,-18.1,9.0,0.0,0.0,16.0,0.0,0.0,10.0,-100.0,0.0,-100.0,0.0,3.0,0.47839999999999994,7.0,7.0,0.8333333333333333
12,2020-1202-anthony pettis--diego ferreira,2020,0,90,224,anthony pettis,Diego Ferreira,185,155,0,30.0,1500.0,1535.7837916566043,-35.78379165660431,0,-40.0,-55.0,3.46,-30.0,-57.0,-50.0,-20.0,-30.0,-1.0,0.0,-16.0,0.0,-0.2,-100.0,-40.0,-40.0,0.0,0.0,-5.0,-1.0,-14.0,-0.0,-0.6666666666666667
12,2020-1203-anthony rocco martin--neil magny,2020,0,187,220,Neil Magny,anthony rocco martin,170,185,0,-15.0,1566.5714589723293,1500.0,66.57145897232931,1,46.0,51.0,-2.47,39.0,55.0,30.4,8.7,60.9,13.0,0.0,35.0,0.0,0.2,60.0,66.66666666666667,66.66666666666667,0.0,0.0,1.0,0.664,7.199999999999999,10.0,1.6666666666666667
12,2020-1204-arman tsarukyan--davi ramos,2020,0,733,738,Arman Tsarukyan,davi ramos,155,185,0,-30.0,1486.5581163084962,1500.0,-13.44188369150379,1,48.0,53.0,-1.84,37.0,75.0,44.4,0.0,55.6,6.0,0.0,11.0,0.0,0.2,50.0,0.0,0.0,0.0,0.0,-1.0,0.4,-0.0,-0.0,-0.6666666666666667
12,2020-1205-arnold allen--nik lentz,2020,0,297,313,Arnold Allen,nik lentz,145,185,0,-40.0,1560.616262303482,1500.0,60.61626230348202,1,41.0,61.0,-2.88,47.0,75.0,18.2,18.2,63.6,4.0,0.0,13.0,0.0,0.2,100.0,20.0,0.0,20.0,0.0,5.0,1.0,-0.0,-0.0,2.75
12,2020-1206-askar askarov--tim elliott,2020,0,140,850,Tim Elliott,askar askarov,125,185,0,-60.0,1499.4574986928847,1500.0,-0.5425013071153444,0,44.0,57.0,-2.65,47.0,59.0,0.0,30.0,70.0,9.0,0.0,21.0,0.0,0.2,40.0,50.0,0.0,50.0,1.0,-1.0,0.2784,12.4,10.5,0.13333333333333325
12,2020-1207-austin hubbard--joe solecki,2020,0,739,858,Austin Hubbard,joe solecki,155,185,0,-30.0,1483.5551405463475,1500.0,-16.444859453652498,0,42.0,55.0,-4.1,28.0,68.0,25.0,0.0,75.0,0.0,0.0,12.0,0.0,0.2,50.0,0.0,0.0,0.0,0.0,-1.0,0.4,-0.0,-0.0,-1.0
12,2020-1208-austin hubbard--mark madsen,2020,0,739,859,Austin Hubbard,mark madsen,155,185,0,-30.0,1459.4683553935897,1500.0,-40.53164460641028,0,42.0,55.0,-4.1,28.0,68.0,25.0,0.0,75.0,0.0,0.0,12.0,0.0,0.2,50.0,0.0,0.0,0.0,0.0,-1.0,0.4,-0.0,-0.0,-1.0
12,2020-1209-austin hubbard--max rohskopf,2020,0,739,860,Austin Hubbard,max rohskopf,155,185,0,-30.0,1437.2574915205444,1500.0,-62.74250847945564,1,42.0,55.0,-4.1,28.0,68.0,25.0,0.0,75.0,0.0,0.0,12.0,0.0,0.2,50.0,0.0,0.0,0.0,0.0,-1.0,0.4,-0.0,-0.0,-1.0
12,2020-1210-austin lingo--youssef zalal,2020,0,861,862,Youssef Zalal,austin lingo,145,185,0,-40.0,1500.0,1500.0,0.0,1,50.0,66.0,-1.8,30.0,59.0,0.0,42.9,57.1,1.0,0.0,11.0,0.0,0.0,0.0,0.0,0.0,0.0,0.0,0.0,0.0,-0.0,-0.0,0.0
12,2020-1211-belal muhammad--lyman good,2020,0,304,366,Lyman Good,Belal Muhammad,185,170,0,15.0,1500.0,1520.6717993425536,-20.67179934255364,0,-43.0,-55.0,3.78,-38.0,-90.0,-13.3,-6.7,-80.0,-6.0,-1.0,-19.0,0.0,-0.2,-80.0,-25.0,0.0,-25.0,0.0,1.0,-0.4,-0.0,-0.0,-1.4666666666666666
12,2020-1212-ben rothwell--marcin tybura,2020,0,467,863,Marcin Tybura,ben rothwell,265,185,0,80.0,1489.9858214313529,1500.0,-10.01417856864714,1,48.0,55.0,-3.33,33.0,75.0,35.8,7.1,57.1,8.0,0.0,23.0,0.0,0.2,40.0,50.0,50.0,0.0,0.0,-3.0,0.06400000000000002,11.4,8.0,-0.4166666666666666
12,2020-1213-beneil dariush--drakkar klose,2020,0,219,538,Beneil Dariush,Drakkar Klose,155,155,1,0.0,1539.6093557897302,1531.9734128017035,7.635942988026727,1,-6.0,8.0,1.04,12.0,13.0,-2.3000000000000043,29.4,-27.1,9.0,0.0,11.0,0.0,0.0,-40.0,66.66666666666667,0.0,66.66666666666667,0.0,-3.0,-0.12160000000000004,8.8,11.5,0.5999999999999999
12,2020-1214-beneil dariush--scott holtzman,2020,0,219,433,Beneil Dariush,scott holtzman,155,185,0,-30.0,1554.154011624281,1500.0,54.15401162428111,1,49.0,57.0,-2.61,38.0,82.0,17.699999999999996,29.4,52.9,9.0,0.0,24.0,0.0,0.2,60.0,66.66666666666667,0.0,66.66666666666667,0.0,2.0,0.8784,8.8,11.5,2.4
12,2020-1215-billy quarantillo--gavin tucker,2020,0,562,743,Gavin Tucker,Billy Quarantillo,185,145,0,40.0,1500.0,1506.1783176366496,-6.178317636649581,1,-54.0,-42.0,5.83,-24.0,-61.0,-57.1,-14.3,-28.6,0.0,0.0,-12.0,0.0,-0.2,-100.0,-100.0,-50.0,-50.0,0.0,-2.0,-1.0,-0.0,-0.0,0.0
12,2020-1216-billy quarantillo--kyle nelson,2020,0,664,743,Kyle Nelson,Billy Quarantillo,155,145,0,10.0,1476.1929439670498,1473.1571820693882,3.0357618976615868,0,-9.0,9.0,1.1100000000000003,-4.0,12.0,-7.100000000000001,-14.3,21.4,0.0,0.0,-2.0,0.0,0.0,-66.66666666666666,0.0,50.0,-50.0,0.0,-3.0,-0.76,-0.0,-0.0,0.0
12,2020-1217-billy quarantillo--spike carlyle,2020,0,743,864,Billy Quarantillo,spike carlyle,145,185,0,-40.0,1478.0428307790019,1500.0,-21.95716922099814,1,54.0,42.0,-5.83,24.0,61.0,57.1,14.3,28.6,0.0,0.0,12.0,0.0,0.2,100.0,100.0,50.0,50.0,0.0,2.0,1.0,-0.0,-0.0,0.0
12,2020-1218-brandon moreno--brandon royval,2020,0,390,865,Brandon Moreno,Brandon Royval,125,125,1,0.0,1551.28540439148,1500.0,51.285404391479915,1,3.0,17.0,0.6100000000000003,-31.0,19.0,13.0,-15.599999999999998,2.6000000000000014,2.0,3.0,7.0,0.0,0.2,60.0,66.66666666666667,0.0,66.66666666666667,0.0,1.0,0.7216,10.4,11.6,-0.75
12,2020-1219-brandon moreno--jussier formiga,2020,0,340,390,jussier formiga,Brandon Moreno,185,125,0,60.0,1500.0,1619.8527584924743,-119.85275849247432,0,-44.0,-60.0,3.62,-44.0,-64.0,-27.200000000000006,-27.3,-45.5,-9.0,-3.0,-18.0,0.0,-0.2,-60.0,-66.66666666666667,0.0,-66.66666666666667,0.0,-1.0,-0.7216,-10.4,-11.6,0.75
12,2020-1220-brandon royval--kai karafrance,2020,0,668,865,Kai Kara-France,Brandon Royval,125,125,1,0.0,1532.0056493449897,1495.3036058834934,36.70204346149626,0,-1.0,21.0,0.9900000000000002,-45.0,38.0,23.299999999999994,-42.9,19.6,0.0,0.0,2.0,0.0,0.2,75.0,0.0,0.0,0.0,0.0,2.0,0.904,8.666666666666666,8.666666666666666,1.5833333333333335
12,2020-1221-brandon royval--tim elliott,2020,0,140,865,Tim Elliott,Brandon Royval,125,125,1,0.0,1474.6751527164272,1561.3467473443457,-86.67159462791847,0,3.0,14.0,1.5800000000000005,-28.0,14.0,-14.200000000000006,-12.899999999999999,27.1,2.0,0.0,10.0,0.0,0.2,40.0,50.0,0.0,50.0,1.0,-1.0,0.2784,12.4,10.5,0.13333333333333325
12,2020-1222-brendan allen--kyle daukaus,2020,0,713,866,Brendan Allen,kyle daukaus,185,185,1,0.0,1506.1942310952038,1502.2687500000002,3.9254810952036223,1,0.0,5.0,-1.0299999999999998,16.0,-26.0,-17.800000000000004,32.1,-14.299999999999997,5.0,0.0,10.0,0.0,0.0,0.0,100.0,0.0,100.0,0.0,1.0,0.0,-0.0,-0.0,0.0
12,2020-1223-brendan allen--sean strickland,2020,0,276,713,Sean Strickland,Brendan Allen,185,185,1,0.0,1489.6729826007092,1523.2957910828136,-33.62280848210435,1,-11.0,13.0,-0.6100000000000003,23.0,20.0,17.800000000000004,-50.9,33.099999999999994,1.0,1.0,5.0,0.0,0.0,-40.0,-33.33333333333333,66.66666666666667,-100.0,0.0,-3.0,-0.696,9.0,9.0,-0.06666666666666665
12,2020-1224-brendan allen--tom breese,2020,0,479,713,tom breese,Brendan Allen,185,185,1,0.0,1500.0,1498.3329072490992,1.6670927509007925,0,-53.0,-47.0,3.96,-41.0,-56.0,-7.199999999999994,-57.1,-35.7,-5.0,0.0,-18.0,0.0,-0.2,-100.0,-100.0,0.0,-100.0,0.0,-2.0,-1.0,-0.0,-0.0,0.0
12,2020-1225-brett johns--montel jackson,2020,0,607,631,brett johns,Montel Jackson,185,135,0,50.0,1500.0,1503.3229608883134,-3.322960888313446,1,-53.0,-62.0,1.39,-62.0,-68.0,-40.0,-10.0,-50.0,-1.0,0.0,-12.0,0.0,-0.2,-75.0,-66.66666666666667,-33.333333333333336,-33.333333333333336,0.0,-2.0,-0.904,-0.0,-0.0,-0.33333333333333326
12,2020-1226-brian kelleher--ode osbourne,2020,0,523,734,brian kelleher,Ode Osbourne,185,125,0,60.0,1500.0,1503.09375,-3.09375,1,-41.0,-47.0,3.43,-30.0,-66.0,-50.0,-16.7,-33.3,0.0,0.0,-13.0,0.0,-0.2,-100.0,-100.0,0.0,-100.0,0.0,-1.0,-1.0,-0.0,-0.0,0.0
12,2020-1227-brian ortega--chan sung jung,2020,0,311,639,Brian Ortega,chan sung jung,145,185,0,-40.0,1617.653162499046,1500.0,117.65316249904595,1,37.0,49.0,-6.38,25.0,54.0,37.5,50.0,12.5,6.0,0.0,13.0,0.0,0.2,80.0,100.0,25.0,75.0,1.0,1.0,0.76,13.25,15.0,0.0
12,2020-1228-bruno oliveira--carlos ulberg,2020,0,867,868,Carlos Ulberg,bruno oliveira,205,185,0,20.0,1500.0,1500.0,0.0,1,55.0,51.0,-4.21,60.0,85.0,55.6,11.1,33.3,0.0,0.0,10.0,0.0,0.0,0.0,0.0,0.0,0.0,0.0,0.0,0.0,-0.0,-0.0,0.0
12,2020-1229-bruno silva--tagir ulanbekov,2020,0,869,870,Tagir Ulanbekov,bruno silva,125,185,0,-60.0,1500.0,1500.0,0.0,1,49.0,52.0,-3.36,38.0,62.0,0.0,33.3,66.7,5.0,0.0,7.0,0.0,0.0,0.0,0.0,0.0,0.0,0.0,0.0,0.0,-0.0,-0.0,0.0
12,2020-1230-bryce mitchell--charles rosa,2020,0,314,632,charles rosa,Bryce Mitchell,185,135,0,50.0,1500.0,1544.8671369884355,-44.867136988435504,0,-59.0,-58.0,1.6,-36.0,-33.0,-11.1,-11.1,-77.8,-4.0,0.0,-12.0,0.0,-0.2,-100.0,-33.333333333333336,0.0,-33.333333333333336,0.0,-3.0,-1.0,-0.0,-0.0,-0.8333333333333333
12,2020-1231-callan potter--song kenan,2020,0,517,871,Song Kenan,callan potter,170,185,0,-15.0,1492.9716469689733,1500.0,-7.028353031026654,1,46.0,51.0,-5.82,30.0,73.0,50.0,0.0,50.0,0.0,0.0,11.0,0.0,0.2,75.0,66.66666666666667,66.66666666666667,0.0,0.0,2.0,0.904,-0.0,-0.0,-1.0
12,2020-1232-calvin kattar--dan ige,2020,0,506,535,Calvin Kattar,Dan Ige,145,145,1,0.0,1520.688333570727,1506.083180322089,14.60515324863809,1,-8.0,-2.0,-2.9899999999999998,4.0,21.0,15.500000000000007,-16.7,1.1999999999999957,-2.0,0.0,-6.0,0.0,0.0,-20.0,50.0,75.0,-25.0,0.0,-1.0,-0.1824,11.333333333333334,11.333333333333334,-0.11111111111111109
12,2020-1233-calvin kattar--jeremy stephens,2020,0,21,506,Jeremy Stephens,Calvin Kattar,155,145,0,10.0,1550.3984998909639,1565.484508908032,-15.086009017068136,0,3.0,4.0,3.4099999999999997,9.0,-15.0,-3.8000000000000043,0.0,3.8000000000000043,2.0,0.0,19.0,0.0,0.0,-20.0,0.0,0.0,0.0,0.0,-3.0,-0.5871999999999999,0.4666666666666668,0.8666666666666663,0.5777777777777777
12,2020-1234-cameron else--kyler phillips,2020,0,571,872,Kyler Phillips,cameron else,135,185,0,-50.0,1501.740234375,1500.0,1.740234375,1,42.0,60.0,-3.83,45.0,75.0,28.6,14.3,57.1,2.0,0.0,10.0,0.0,0.2,100.0,100.0,100.0,0.0,0.0,1.0,1.0,-0.0,-0.0,0.0
12,2020-1235-carlos condit--court mcgee,2020,0,67,123,Court McGee,carlos condit,170,185,0,-15.0,1448.5338105927476,1500.0,-51.466189407252386,0,36.0,60.0,-3.65,24.0,70.0,0.0,27.3,72.7,0.0,1.0,24.0,0.0,0.2,20.0,0.0,0.0,0.0,0.0,-2.0,0.096,-0.0,-0.0,-1.0666666666666669
12,2020-1236-carlos felipe--serghei spivac,2020,0,838,873,Serghei Spivac,carlos felipe,265,185,0,80.0,1497.3752417138955,1500.0,-2.624758286104452,1,48.0,50.0,-4.25,62.0,63.0,37.5,37.5,25.0,5.0,0.0,14.0,0.0,0.2,50.0,100.0,0.0,100.0,0.0,-1.0,0.4,6.0,6.0,0.0
12,2020-1237-casey kenney--merab dvalishvili,2020,0,558,845,Merab Dvalishvili,casey kenney,135,185,0,-50.0,1510.3670957102279,1500.0,10.367095710227886,1,42.0,56.0,-2.48,35.0,82.0,7.7,7.7,84.6,9.0,3.0,15.0,0.0,0.2,50.0,0.0,0.0,0.0,0.0,1.0,0.696,-0.0,-0.0,2.3333333333333335
12,2020-1238-casey kenney--nathaniel wood,2020,0,612,845,Nathaniel Wood,casey kenney,145,185,0,-40.0,1510.7937336245236,1500.0,10.793733624523611,0,51.0,56.0,-3.89,48.0,72.0,0.0,33.3,66.7,0.0,0.0,12.0,0.0,0.2,100.0,100.0,0.0,100.0,0.0,3.0,1.0,-0.0,-0.0,0.0
12,2020-1239-charles oliveira--kevin lee,2020,0,63,205,Charles Oliveira,kevin lee,155,185,0,-30.0,1590.6402263738773,1500.0,90.64022637387734,1,55.0,48.0,-3.26,39.0,56.0,17.4,69.6,13.0,13.0,2.0,34.0,0.0,0.2,100.0,100.0,40.0,60.0,0.0,5.0,1.0,12.8,6.0,-0.33333333333333337
12,2020-1240-charles oliveira--tony ferguson,2020,0,63,154,Charles Oliveira,tony ferguson,155,185,0,-30.0,1672.7934928952832,1500.0,172.79349289528318,1,55.0,48.0,-3.26,39.0,56.0,17.4,69.6,13.0,13.0,2.0,34.0,0.0,0.2,100.0,100.0,40.0,60.0,0.0,5.0,1.0,12.8,6.0,-0.33333333333333337
12,2020-1241-charlie ontiveros--kevin holland,2020,0,691,874,Kevin Holland,charlie ontiveros,170,185,0,-15.0,1502.8826356629802,1500.0,2.882635662980192,1,50.0,50.0,-3.22,38.0,55.0,31.299999999999994,37.5,31.2,4.0,0.0,27.0,0.0,0.2,60.0,0.0,0.0,0.0,0.0,2.0,0.8784,7.0,7.0,0.8333333333333333
12,2020-1242-chase hooper--peter barrett,2020,0,636,875,Chase Hooper,peter barrett,155,185,0,-30.0,1471.5023399728352,1500.0,-28.497660027164784,1,49.0,39.0,-2.98,33.0,55.0,22.300000000000008,44.4,33.3,0.0,0.0,13.0,0.0,0.2,100.0,50.0,50.0,0.0,0.0,2.0,1.0,-0.0,-0.0,0.0
12,2020-1243-chris fishgold--jared gordon,2020,0,567,634,Jared Gordon,chris fishgold,155,185,0,-30.0,1474.273754576039,1500.0,-25.726245423961018,1,55.0,56.0,-3.91,32.0,62.0,33.3,0.0,66.7,0.0,0.0,15.0,0.0,0.2,40.0,50.0,50.0,0.0,0.0,1.0,0.6255999999999999,7.0,7.0,2.666666666666667
12,2020-1244-chris gutierrez--vince morales,2020,0,646,666,Chris Gutierrez,Vince Morales,135,135,1,0.0,1510.3636079454423,1463.1748392404454,47.188768704996846,1,21.0,10.0,1.35,-15.0,12.0,-3.299999999999997,0.0,3.299999999999997,2.0,0.0,2.0,0.0,0.0,41.66666666666667,0.0,0.0,0.0,0.0,1.0,0.24,-0.0,-0.0,3.3333333333333335
12,2020-1245-christian aguilera--sean brady,2020,0,769,876,Sean Brady,christian aguilera,170,185,0,-15.0,1510.6822981246582,1500.0,10.682298124658246,1,55.0,59.0,-2.94,54.0,86.0,0.0,50.0,50.0,4.0,0.0,9.0,0.0,0.2,100.0,0.0,0.0,0.0,0.0,1.0,1.0,-0.0,-0.0,2.3333333333333335
12,2020-1246-ciryl gane--junior dos santos,2020,0,693,761,junior dos santos,Ciryl Gane,185,265,0,-80.0,1500.0,1525.600029971045,-25.600029971044933,0,-61.0,-61.0,2.23,-25.0,-43.0,-40.0,-20.0,-40.0,-7.0,-1.0,-12.0,0.0,-0.2,-100.0,-66.66666666666667,0.0,-66.66666666666667,0.0,-3.0,-1.0,-0.0,-0.0,-4.0
12,2020-1247-clay guida--king green,2020,0,46,66,King Green,clay guida,155,185,0,-30.0,1487.2062622714216,1500.0,-12.793737728578435,1,52.0,62.0,-3.72,39.0,74.0,17.699999999999996,23.5,58.8,3.0,0.0,32.0,0.0,0.2,20.0,0.0,0.0,0.0,0.0,-1.0,0.24,11.666666666666666,9.0,-0.33333333333333337
12,2020-1248-cody brundage--william knight,2020,0,877,878,william knight,Cody Brundage,185,185,1,0.0,1500.0,1500.0,0.0,1,-51.0,-49.0,2.72,-46.0,-68.0,-60.0,-20.0,0.0,0.0,0.0,-13.0,0.0,0.0,0.0,0.0,0.0,0.0,0.0,0.0,0.0,-0.0,-0.0,0.0
12,2020-1249-cody durden--jimmy flick,2020,0,879,880,jimmy flick,Cody Durden,185,125,0,60.0,1500.0,1500.0,0.0,1,-44.0,-50.0,4.35,-47.0,-73.0,-16.600000000000005,-16.7,-66.7,-1.0,0.0,-13.0,0.0,0.0,0.0,0.0,0.0,0.0,0.0,0.0,0.0,-0.0,-0.0,0.0
12,2020-1250-cody garbrandt--raphael assuncao,2020,0,290,317,raphael assuncao,Cody Garbrandt,185,135,0,50.0,1500.0,1541.2838752726584,-41.283875272658406,0,-39.0,-59.0,3.64,-27.0,-83.0,-66.7,0.0,-33.3,-3.0,-1.0,-16.0,0.0,-0.2,-40.0,-100.0,-100.0,0.0,-2.0,3.0,-0.06400000000000002,-12.75,-14.0,-2.3333333333333335
12,2020-1251-colby covington--tyron woodley,2020,0,221,356,Colby Covington,tyron woodley,170,185,0,-15.0,1662.2563028734337,1500.0,162.2563028734337,1,38.0,54.0,-3.09,42.0,68.0,25.0,16.7,58.3,6.0,1.0,17.0,0.0,0.2,80.0,0.0,0.0,0.0,2.0,1.0,0.76,14.5,14.5,3.4
12,2020-1252-collin anglin--muhammad naimov,2020,0,881,882,collin anglin,Muhammad Naimov,185,145,0,40.0,1500.0,1500.0,0.0,1,-40.0,-45.0,3.45,-36.0,-67.0,-40.0,0.0,-60.0,0.0,0.0,-7.0,0.0,0.0,0.0,0.0,0.0,0.0,0.0,0.0,0.0,-0.0,-0.0,0.0
12,2020-1253-corey anderson--jan blachowicz,2020,0,265,321,Jan Blachowicz,corey anderson,205,185,0,20.0,1620.6057199041047,1500.0,120.60571990410472,1,49.0,52.0,-3.03,48.0,69.0,41.599999999999994,16.7,41.7,7.0,2.0,21.0,0.0,0.2,80.0,50.0,25.0,25.0,0.0,-1.0,0.4,10.2,15.75,0.8
12,2020-1254-cory sandhagen--marlon moraes,2020,0,503,624,marlon moraes,Cory Sandhagen,185,135,0,50.0,1500.0,1593.205730243003,-93.20573024300302,0,-45.0,-56.0,3.34,-34.0,-63.0,-54.5,-9.1,-36.4,-8.0,0.0,-15.0,0.0,-0.2,-100.0,-60.0,-40.0,-20.0,0.0,-5.0,-1.0,-14.5,-14.5,-1.6666666666666667
12,2020-1255-cub swanson--daniel pineda,2020,0,18,883,Cub Swanson,daniel pineda,145,185,0,-40.0,1532.2832428465956,1500.0,32.28324284659561,1,51.0,59.0,-4.0,50.0,63.0,35.0,10.0,55.0,7.0,0.0,33.0,0.0,0.2,40.0,0.0,0.0,0.0,0.0,-1.0,0.2656,12.8,13.25,0.4666666666666666
12,2020-1256-curtis blaydes--junior dos santos,2020,0,405,693,Curtis Blaydes,junior dos santos,265,185,0,80.0,1720.1872846222268,1500.0,220.1872846222268,1,50.0,58.0,-2.0,48.0,31.0,57.1,0.0,42.9,13.0,0.0,19.0,0.0,0.2,80.0,50.0,50.0,0.0,0.0,4.0,0.9743999999999999,13.0,14.0,2.3333333333333335
12,2020-1257-damir hadzovic--renato moicano,2020,0,291,419,Renato Moicano,Damir Hadzovic,155,155,1,0.0,1559.3040639908509,1467.4072044183183,91.89685957253255,1,1.0,0.0,0.17000000000000037,-13.0,28.0,-33.3,50.0,-16.700000000000003,7.0,0.0,9.0,0.0,0.0,0.0,-33.333333333333336,-66.66666666666667,33.333333333333336,0.0,-3.0,-0.504,13.4,12.6,3.0
12,2020-1258-damon jackson--ilia topuria,2020,0,884,885,Ilia Topuria,damon jackson,155,185,0,-30.0,1500.0,1500.0,0.0,1,48.0,64.0,-3.83,61.0,93.0,66.7,11.1,22.2,5.0,3.0,9.0,0.0,0.0,0.0,0.0,0.0,0.0,0.0,0.0,0.0,-0.0,-0.0,0.0
12,2020-1259-dan hooker--dustin poirier,2020,0,136,235,dustin poirier,Dan Hooker,185,155,0,30.0,1500.0,1554.2499998910635,-54.24999989106345,1,-48.0,-51.0,4.72,-34.0,-78.0,-50.0,-14.3,-35.7,-7.0,0.0,-22.0,0.0,-0.2,-80.0,-75.0,-75.0,0.0,0.0,-4.0,-0.9743999999999999,-11.333333333333334,-11.333333333333334,0.9166666666666666
12,2020-1260-dan hooker--paul felder,2020,0,235,329,Dan Hooker,paul felder,155,185,0,-30.0,1541.8080908701866,1500.0,41.80809087018656,1,48.0,51.0,-4.72,34.0,78.0,50.0,14.3,35.7,7.0,0.0,22.0,0.0,0.2,80.0,75.0,75.0,0.0,0.0,4.0,0.9743999999999999,11.333333333333334,11.333333333333334,-0.9166666666666666
12,2020-1261-dan ige--edson barboza,2020,0,72,535,Edson Barboza,Dan Ige,155,145,0,10.0,1518.44219516178,1486.7061210289592,31.73607413282093,0,-1.0,-1.0,-1.0399999999999996,25.0,17.0,8.400000000000006,-16.7,8.299999999999997,5.0,0.0,10.0,0.0,0.0,-40.0,50.0,75.0,-25.0,0.0,-5.0,-0.84,10.6,10.6,-1.2
12,2020-1262-dan ige--mirsad bektic,2020,0,535,537,Dan Ige,mirsad bektic,145,185,0,-40.0,1519.076875094644,1500.0,19.076875094644038,1,45.0,56.0,-3.56,25.0,56.0,41.599999999999994,16.7,41.7,6.0,0.0,21.0,0.0,0.2,80.0,50.0,25.0,25.0,0.0,2.0,0.904,-0.0,-0.0,-7.401486830834377e-17
12,2020-1263-daniel rodriguez--dwight grant,2020,0,776,886,Daniel Rodriguez,dwight grant,170,185,0,-15.0,1502.2687500000002,1500.0,2.268750000000182,1,49.0,57.0,-5.4,50.0,64.0,27.3,9.1,63.6,3.0,0.0,15.0,0.0,0.2,100.0,0.0,0.0,0.0,0.0,1.0,1.0,-0.0,-0.0,0.0
12,2020-1264-daniel rodriguez--gabe green,2020,0,776,887,Daniel Rodriguez,Gabe Green,170,155,0,15.0,1507.1357916909574,1500.0,7.135791690957376,1,4.0,10.0,0.79,0.0,14.0,-6.100000000000005,-24.199999999999996,30.300000000000004,3.0,0.0,9.0,0.0,0.2,100.0,0.0,0.0,0.0,0.0,1.0,1.0,-0.0,-0.0,0.0
12,2020-1265-daniel rodriguez--nicolas dalby,2020,0,330,776,Nicolas Dalby,Daniel Rodriguez,170,170,1,0.0,1489.8542741140714,1529.1720759607094,-39.317801846638076,1,-6.0,-5.0,1.7100000000000004,-23.0,-6.0,-13.0,-9.1,22.1,-3.0,0.0,-2.0,0.0,0.0,-50.0,0.0,0.0,0.0,0.0,0.0,-0.33599999999999997,-0.0,-0.0,-1.25
12,2020-1266-daniel rodriguez--tim means,2020,0,119,776,Tim Means,Daniel Rodriguez,170,170,1,0.0,1466.1057225198492,1502.225420413081,-36.11969789323189,0,0.0,3.0,1.7500000000000004,-10.0,0.0,12.7,4.200000000000001,-16.9,-3.0,0.0,14.0,0.0,0.0,-60.0,100.0,50.0,50.0,0.0,-2.0,-0.7216,15.0,-0.0,-0.33333333333333337
12,2020-1267-darko stosic--jamahal hill,2020,0,723,781,Jamahal Hill,darko stosic,205,185,0,20.0,1503.09375,1500.0,3.09375,1,51.0,44.0,-4.03,0.0,73.0,71.4,0.0,28.6,5.0,1.0,11.0,0.0,0.2,100.0,100.0,100.0,0.0,0.0,1.0,1.0,-0.0,-0.0,0.0
12,2020-1268-darren elkins--eduardo garagorri,2020,0,64,792,Darren Elkins,eduardo garagorri,145,185,0,-40.0,1545.4453809377353,1500.0,45.44538093773531,1,38.0,51.0,-3.34,34.0,56.0,20.999999999999993,15.8,63.2,7.0,0.0,30.0,0.0,0.2,40.0,100.0,50.0,50.0,0.0,-1.0,0.2656,9.8,8.5,0.6666666666666666
12,2020-1269-darren elkins--nate landwehr,2020,0,64,888,Darren Elkins,Nate Landwehr,145,145,1,0.0,1550.1618685887147,1500.0,50.1618685887147,0,-7.0,-1.0,2.49,-7.0,-15.0,0.9999999999999929,-24.2,23.200000000000003,7.0,0.0,20.0,0.0,0.2,40.0,100.0,50.0,50.0,0.0,-1.0,0.2656,9.8,8.5,0.6666666666666666
12,2020-1270-darren stewart--kevin holland,2020,0,656,691,darren stewart,Kevin Holland,185,170,0,15.0,1500.0,1512.61241245184,-12.6124124518401,0,-50.0,-50.0,3.22,-38.0,-55.0,-31.299999999999994,-37.5,-31.2,-4.0,0.0,-27.0,0.0,-0.2,-60.0,0.0,0.0,0.0,0.0,-2.0,-0.8784,-7.0,-7.0,-0.8333333333333333
12,2020-1271-darren till--robert whittaker,2020,0,121,657,Robert Whittaker,darren till,185,185,1,0.0,1611.966108742618,1500.0,111.96610874261796,1,43.0,59.0,-3.36,38.0,82.0,35.3,0.0,64.7,12.0,2.0,24.0,0.0,0.2,80.0,25.0,25.0,0.0,2.0,-1.0,0.4,10.8,16.0,1.9333333333333336
12,2020-1272-darrick minner--grant dawson,2020,0,480,889,Grant Dawson,darrick minner,155,185,0,-30.0,1521.1752237309177,1500.0,21.17522373091765,1,52.0,44.0,-2.11,40.0,57.0,16.59999999999999,41.7,41.7,1.0,0.0,14.0,0.0,0.2,100.0,66.66666666666667,0.0,66.66666666666667,0.0,3.0,1.0,-0.0,-0.0,3.0
12,2020-1273-davey grant--martin day,2020,0,168,890,Davey Grant,martin day,135,185,0,-50.0,1494.6527895623838,1500.0,-5.347210437616241,1,44.0,55.0,-3.74,40.0,63.0,37.5,12.5,50.0,0.0,0.0,14.0,0.0,0.2,40.0,0.0,0.0,0.0,1.0,1.0,0.696,-0.0,-0.0,2.5
12,2020-1274-deiveson figueiredo--joseph benavidez,2020,1,54,539,joseph benavidez,Deiveson Figueiredo,185,135,0,50.0,1500.0,1748.398195931705,-248.398195931705,0,-54.0,-49.0,3.64,-35.0,-58.0,-30.700000000000006,-30.8,-38.5,-10.0,-3.0,-19.0,0.0,-0.2,-80.0,-75.0,-50.0,-25.0,0.0,1.0,-0.4,-14.0,-14.0,-1.0
12,2020-1275-demian maia--gilbert burns,2020,0,216,323,Gilbert Burns,demian maia,170,185,0,-15.0,1522.039636516531,1500.0,22.03963651653089,1,48.0,52.0,-3.64,37.0,53.0,20.0,33.3,46.7,5.0,0.0,24.0,0.0,0.2,80.0,50.0,25.0,25.0,0.0,4.0,0.9743999999999999,-0.0,-0.0,-0.3333333333333333
12,2020-1276-dennis buzukja--melsik baghdasaryan,2020,0,891,892,Melsik Baghdasaryan,Dennis Buzukja,145,145,1,0.0,1500.0,1500.0,0.0,1,16.0,8.0,1.6800000000000002,-27.0,-3.0,-25.0,0.0,25.0,0.0,0.0,0.0,0.0,0.0,0.0,0.0,0.0,0.0,0.0,0.0,0.0,-0.0,-0.0,0.0
12,2020-1277-dequan townsend--dusko todorovic,2020,0,789,893,Dusko Todorovic,dequan townsend,185,185,1,0.0,1502.2687500000002,1500.0,2.268750000000182,1,57.0,47.0,-4.53,17.0,42.0,75.0,0.0,25.0,0.0,0.0,10.0,0.0,0.2,100.0,0.0,0.0,0.0,0.0,1.0,1.0,-0.0,-0.0,0.0
12,2020-1278-derek brunson--edmen shahbazyan,2020,0,426,619,derek brunson,Edmen Shahbazyan,185,185,1,0.0,1500.0,1556.3732192672292,-56.37321926722916,1,-48.0,-48.0,3.62,-37.0,-66.0,-66.7,-11.1,-22.2,-1.0,0.0,-14.0,0.0,-0.2,-100.0,-80.0,-60.0,-20.0,0.0,-5.0,-1.0,-9.0,-9.0,-1.0
12,2020-1279-deron winn--gerald meerschaert,2020,0,439,894,Gerald Meerschaert,deron winn,185,185,1,0.0,1460.7840524721275,1500.0,-39.21594752787246,1,45.0,53.0,-3.49,30.0,42.0,8.3,91.7,0.0,0.0,0.0,24.0,0.0,0.2,40.0,100.0,0.0,100.0,0.0,-1.0,0.2784,-0.0,-0.0,-1.3333333333333335
12,2020-1280-derrick lewis--ilir latifi,2020,0,243,266,Derrick Lewis,ilir latifi,265,185,0,80.0,1684.7233090663556,1500.0,184.72330906635557,1,50.0,40.0,-2.49,26.0,52.0,80.0,0.0,20.0,14.0,0.0,30.0,0.0,0.2,80.0,50.0,50.0,0.0,0.0,-1.0,0.4,10.0,13.8,1.4444444444444446
12,2020-1281-diego sanchez--jake matthews,2020,0,6,239,diego sanchez,Jake Matthews,185,170,0,15.0,1500.0,1502.4252932451786,-2.4252932451786364,0,-43.0,-60.0,2.63,-42.0,-67.0,-13.3,-40.0,-46.7,0.0,0.0,-22.0,0.0,-0.2,-80.0,-25.0,0.0,-25.0,0.0,-3.0,-0.9616,-0.0,-0.0,-0.75
12,2020-1282-diego sanchez--michel pereira,2020,0,6,779,diego sanchez,Michel Pereira,185,185,1,0.0,1500.0,1485.4477811053914,14.552218894608586,1,-52.0,-51.0,4.35,-52.0,-76.0,-22.299999999999994,-33.3,-44.4,-1.0,0.0,-14.0,0.0,-0.2,-50.0,-100.0,-100.0,0.0,0.0,-1.0,-0.6,-0.0,-0.0,1.6666666666666667
12,2020-1283-dominick cruz--henry cejudo,2020,1,252,407,Henry Cejudo,dominick cruz,135,185,0,-50.0,1765.8767148770285,1500.0,265.87671487702846,1,47.0,59.0,-3.46,31.0,76.0,40.0,0.0,60.0,6.0,4.0,15.0,0.0,0.2,100.0,60.0,60.0,0.0,3.0,5.0,1.0,13.6,16.666666666666668,1.3333333333333335
12,2020-1284-dominick reyes--jan blachowicz,2020,1,265,546,Jan Blachowicz,Dominick Reyes,205,205,1,0.0,1691.202427841233,1628.76518844342,62.43723939781307,1,-5.0,2.0,0.5100000000000002,20.0,-13.0,-25.10000000000001,5.6,19.500000000000004,1.0,2.0,8.0,0.0,0.0,-20.0,-10.0,-35.0,25.0,0.0,-6.0,-0.6,-2.8000000000000007,2.75,-1.2
12,2020-1285-dominick reyes--jon jones,2020,1,546,895,Dominick Reyes,jon jones,205,185,0,20.0,1621.8442743241062,1500.0,121.84427432410621,0,54.0,50.0,-3.54,28.0,82.0,66.7,11.1,22.2,6.0,0.0,13.0,0.0,0.2,100.0,60.0,60.0,0.0,0.0,5.0,1.0,13.0,13.0,2.0
12,2020-1286-drew dober--nasrat haqparast,2020,0,32,588,Drew Dober,Nasrat Haqparast,155,155,1,0.0,1517.2610386848755,1539.3979037372883,-22.13686505241276,1,-5.0,-12.0,1.6799999999999997,-3.0,-28.0,51.5,7.1,-58.6,1.0,0.0,11.0,0.0,0.0,5.0,16.666666666666664,16.666666666666664,0.0,0.0,-4.0,-0.5359999999999999,-0.0,-0.0,-0.6666666666666667
12,2020-1287-dricus du plessis--markus perez,2020,0,555,896,markus perez,Dricus Du Plessis,185,185,1,0.0,1500.0,1500.0,0.0,0,-48.0,-52.0,4.33,-51.0,-34.0,-44.50000000000001,-22.2,-33.3,-6.0,-3.0,-10.0,0.0,0.0,0.0,0.0,0.0,0.0,0.0,0.0,0.0,-0.0,-0.0,0.0
12,2020-1288-dustin jacoby--justin ledet,2020,0,96,599,Dustin Jacoby,justin ledet,205,185,0,20.0,1496.5671531662774,1500.0,-3.4328468337225786,1,47.0,57.0,-4.02,25.0,62.0,60.0,0.0,40.0,2.0,0.0,17.0,0.0,0.0,0.0,0.0,0.0,0.0,0.0,-2.0,0.0,-0.0,-0.0,-3.0
12,2020-1289-dustin jacoby--ty flores,2020,0,96,897,Dustin Jacoby,ty flores,205,185,0,20.0,1501.4541946672384,1500.0,1.4541946672384256,1,47.0,57.0,-4.02,25.0,62.0,60.0,0.0,40.0,2.0,0.0,17.0,0.0,0.0,0.0,0.0,0.0,0.0,0.0,-2.0,0.0,-0.0,-0.0,-3.0
12,2020-1290-dustin stoltzfus--joe pyfer,2020,0,898,899,Dustin Stoltzfus,Joe Pyfer,185,185,1,0.0,1500.0,1500.0,0.0,1,2.0,-7.0,0.06000000000000005,-1.0,-14.0,-16.599999999999994,8.3,8.3,0.0,0.0,2.0,0.0,0.0,0.0,0.0,0.0,0.0,0.0,0.0,0.0,-0.0,-0.0,0.0
12,2020-1291-dustin stoltzfus--kyle daukaus,2020,0,866,898,kyle daukaus,Dustin Stoltzfus,185,185,1,0.0,1474.4724826732,1504.875,-30.40251732680008,1,8.0,-5.0,0.20999999999999996,-16.0,36.0,-25.0,0.0,25.0,0.0,0.0,-2.0,0.0,0.2,100.0,0.0,0.0,0.0,0.0,1.0,1.0,-0.0,-0.0,0.0
12,2020-1292-eddie wineland--sean omalley,2020,0,47,501,eddie wineland,Sean O'Malley,185,135,0,50.0,1500.0,1513.1534239179914,-13.153423917991404,0,-61.0,-60.0,3.48,-42.0,-61.0,-63.6,0.0,-36.4,-2.0,-2.0,-14.0,0.0,-0.2,-100.0,-33.333333333333336,-33.333333333333336,0.0,0.0,-3.0,-1.0,-0.0,-0.0,-1.3333333333333335
12,2020-1293-edson barboza--makwan amirkhani,2020,0,72,510,Edson Barboza,makwan amirkhani,155,185,0,-30.0,1472.1105945559182,1500.0,-27.88940544408183,1,44.0,55.0,-4.6,50.0,73.0,50.0,0.0,50.0,11.0,0.0,31.0,0.0,0.2,40.0,100.0,100.0,0.0,0.0,-3.0,0.06400000000000002,10.6,10.6,-1.2
12,2020-1294-edson gomez--ignacio bahamondes,2020,0,900,901,Ignacio Bahamondes,edson gomez,155,185,0,-30.0,1500.0,1500.0,0.0,1,45.0,56.0,-4.33,0.0,75.0,57.1,28.6,14.3,1.0,0.0,10.0,0.0,0.0,0.0,0.0,0.0,0.0,0.0,0.0,0.0,-0.0,-0.0,0.0
12,2020-1295-elizeu zaleski dos santos--muslim salikhov,2020,0,331,489,Elizeu Zaleski dos Santos,Muslim Salikhov,170,170,1,0.0,1556.3754544941723,1513.3906046620996,42.98484983207277,0,-8.0,-7.0,-0.6400000000000001,-12.0,-5.0,-19.200000000000003,9.1,10.100000000000001,1.0,0.0,5.0,0.0,0.0,5.0,8.333333333333329,-16.66666666666667,25.0,0.0,-2.0,-0.17599999999999993,6.0,6.0,-2.083333333333333
12,2020-1296-emil meek--jake matthews,2020,0,239,671,Jake Matthews,emil meek,170,185,0,-15.0,1533.0966747272964,1500.0,33.09667472729643,1,43.0,60.0,-2.63,42.0,67.0,13.3,40.0,46.7,0.0,0.0,22.0,0.0,0.2,80.0,25.0,0.0,25.0,0.0,3.0,0.9616,-0.0,-0.0,0.75
12,2020-1297-eryk anders--krzysztof jotko,2020,0,554,815,Eryk Anders,krzysztof jotko,185,185,1,0.0,1457.5300885832883,1500.0,-42.46991141671174,0,48.0,50.0,-4.09,24.0,80.0,55.6,0.0,44.4,0.0,0.0,18.0,0.0,0.2,60.0,66.66666666666667,66.66666666666667,0.0,0.0,-1.0,0.36160000000000003,7.0,7.0,-0.4666666666666666
12,2020-1298-fares ziam--jamie mullarkey,2020,0,750,788,Jamie Mullarkey,Fares Ziam,155,155,1,0.0,1476.15625,1479.90625,-3.75,0,-5.0,-11.0,-2.91,-6.0,8.0,25.7,0.0,-25.700000000000003,0.0,0.0,2.0,0.0,0.0,0.0,0.0,0.0,0.0,0.0,0.0,0.0,-0.0,-0.0,-1.0
12,2020-1299-felipe colares--montel jackson,2020,0,631,902,Montel Jackson,felipe colares,135,185,0,-50.0,1480.3932669998487,1500.0,-19.60673300015128,1,53.0,62.0,-1.39,62.0,68.0,40.0,10.0,50.0,1.0,0.0,12.0,0.0,0.2,75.0,66.66666666666667,33.333333333333336,33.333333333333336,0.0,2.0,0.904,-0.0,-0.0,0.33333333333333326
12,2020-1300-francisco trinaldo--jai herbert,2020,0,256,903,francisco trinaldo,Jai Herbert,185,155,0,30.0,1500.0,1500.0,0.0,1,-40.0,-53.0,3.26,-21.0,-66.0,-33.3,0.0,-66.7,0.0,0.0,-9.0,0.0,0.0,0.0,0.0,0.0,0.0,0.0,0.0,0.0,-0.0,-0.0,0.0
12,2020-1301-frankie edgar--pedro munhoz,2020,0,165,281,frankie edgar,Pedro Munhoz,185,135,0,50.0,1500.0,1604.7554111591571,-104.75541115915712,1,-41.0,-55.0,6.29,-16.0,-82.0,-30.0,-30.0,-40.0,-8.0,0.0,-20.0,0.0,-0.2,-60.0,-66.66666666666667,-66.66666666666667,0.0,0.0,-1.0,-0.664,-10.6,-11.8,0.26666666666666666
12,2020-1302-frankie saenz--jonathan martinez,2020,0,257,617,Frankie Saenz,Jonathan Martinez,185,135,0,50.0,1500.0,1475.5520119990276,24.447988000972373,0,-49.0,-56.0,4.09,-35.0,-68.0,-40.0,0.0,-60.0,-1.0,0.0,-15.0,0.0,-0.2,-66.66666666666667,-50.0,-50.0,0.0,0.0,-2.0,-0.84,-0.0,-0.0,-0.16666666666666674
12,2020-1303-gabriel silva--kyler phillips,2020,0,571,904,Kyler Phillips,gabriel silva,135,185,0,-50.0,1506.6091299545071,1500.0,6.609129954507125,1,42.0,60.0,-3.83,45.0,75.0,28.6,14.3,57.1,2.0,0.0,10.0,0.0,0.2,100.0,100.0,100.0,0.0,0.0,1.0,1.0,-0.0,-0.0,0.0
12,2020-1304-gadzhimurad antigulov--paul craig,2020,0,446,676,Paul Craig,gadzhimurad antigulov,205,185,0,20.0,1457.11764386821,1500.0,-42.88235613178995,1,45.0,43.0,-3.04,18.0,35.0,33.3,66.7,0.0,4.0,0.0,20.0,0.0,0.2,60.0,100.0,0.0,100.0,0.0,1.0,0.7343999999999999,-0.0,-0.0,0.0
12,2020-1305-geoff neal--stephen thompson,2020,0,131,525,Stephen Thompson,Geoff Neal,170,170,1,0.0,1575.685277211347,1561.020246257337,14.665030954010035,1,-5.0,-3.0,2.4800000000000004,-10.0,-24.0,-16.700000000000003,-11.1,27.8,3.0,0.0,8.0,0.0,0.0,-60.0,-80.0,-60.0,-20.0,1.0,-6.0,-0.7343999999999999,9.2,5.5,-0.8666666666666669
12,2020-1306-gerald meerschaert--ian heinisch,2020,0,439,906,Gerald Meerschaert,ian heinisch,185,185,1,0.0,1465.7960346828859,1500.0,-34.203965317114125,0,45.0,53.0,-3.49,30.0,42.0,8.3,91.7,0.0,0.0,0.0,24.0,0.0,0.2,40.0,100.0,0.0,100.0,0.0,-1.0,0.2784,-0.0,-0.0,-1.3333333333333335
12,2020-1307-gerald meerschaert--khamzat chimaev,2020,0,439,907,Gerald Meerschaert,Khamzat Chimaev,185,185,1,0.0,1447.1820250269307,1500.0,-52.81797497306934,0,-15.0,10.0,-1.1700000000000004,-25.0,-43.0,-14.000000000000007,47.300000000000004,-33.3,-5.0,-1.0,15.0,0.0,0.2,40.0,100.0,0.0,100.0,0.0,-1.0,0.2784,-0.0,-0.0,-1.3333333333333335
12,2020-1308-giga chikadze--irwin rivera,2020,0,627,908,Giga Chikadze,irwin rivera,145,185,0,-40.0,1494.2755917483657,1500.0,-5.724408251634259,1,42.0,60.0,-3.48,33.0,65.0,37.5,0.0,62.5,3.0,0.0,12.0,0.0,0.2,50.0,0.0,0.0,0.0,0.0,1.0,0.6,-0.0,-0.0,1.0
12,2020-1309-giga chikadze--jamall emmers,2020,0,627,688,Giga Chikadze,Jamall Emmers,145,145,1,0.0,1514.600627163561,1488.1813008872884,26.419326276272614,1,-7.0,4.0,0.5900000000000003,-7.0,-15.0,-12.5,0.0,12.5,3.0,0.0,3.0,0.0,0.0,50.0,0.0,0.0,0.0,0.0,2.0,0.6,-0.0,-0.0,1.0
12,2020-1310-giga chikadze--jamey simmons,2020,0,627,909,Giga Chikadze,jamey simmons,145,185,0,-40.0,1525.8824298727125,1500.0,25.882429872712464,1,42.0,60.0,-3.48,33.0,65.0,37.5,0.0,62.5,3.0,0.0,12.0,0.0,0.2,50.0,0.0,0.0,0.0,0.0,1.0,0.6,-0.0,-0.0,1.0
12,2020-1311-giga chikadze--omar morales,2020,0,627,910,Giga Chikadze,omar morales,145,185,0,-40.0,1540.235557997158,1500.0,40.23555799715791,1,42.0,60.0,-3.48,33.0,65.0,37.5,0.0,62.5,3.0,0.0,12.0,0.0,0.2,50.0,0.0,0.0,0.0,0.0,1.0,0.6,-0.0,-0.0,1.0
12,2020-1312-gilbert burns--tyron woodley,2020,0,216,356,Gilbert Burns,tyron woodley,170,185,0,-15.0,1617.0359164791782,1500.0,117.03591647917824,1,48.0,52.0,-3.64,37.0,53.0,20.0,33.3,46.7,5.0,0.0,24.0,0.0,0.2,80.0,50.0,25.0,25.0,0.0,4.0,0.9743999999999999,-0.0,-0.0,-0.3333333333333333
12,2020-1313-grant dawson--nad narimani,2020,0,480,911,Grant Dawson,nad narimani,155,185,0,-30.0,1535.5776610619746,1500.0,35.577661061974595,1,52.0,44.0,-2.11,40.0,57.0,16.59999999999999,41.7,41.7,1.0,0.0,14.0,0.0,0.2,100.0,66.66666666666667,0.0,66.66666666666667,0.0,3.0,1.0,-0.0,-0.0,3.0
12,2020-1314-greg hardy--marcin tybura,2020,0,467,622,Marcin Tybura,greg hardy,265,185,0,80.0,1503.658612825273,1500.0,3.6586128252729395,1,48.0,55.0,-3.33,33.0,75.0,35.8,7.1,57.1,8.0,0.0,23.0,0.0,0.2,40.0,50.0,50.0,0.0,0.0,-3.0,0.06400000000000002,11.4,8.0,-0.4166666666666666
12,2020-1315-gregory rodrigues--jordan williams,2020,0,912,913,jordan williams,Gregory Rodrigues,185,185,1,0.0,1500.0,1500.0,0.0,1,-51.0,-50.0,5.04,-38.0,-90.0,-75.0,0.0,-25.0,0.0,0.0,-12.0,0.0,0.0,0.0,0.0,0.0,0.0,0.0,0.0,0.0,-0.0,-0.0,0.0
12,2020-1316-guram kutateladze--mateusz gamrot,2020,0,914,915,guram kutateladze,Mateusz Gamrot,185,155,0,30.0,1500.0,1500.0,0.0,1,-51.0,-59.0,3.04,-36.0,-90.0,-37.5,-12.5,-50.0,-6.0,0.0,-11.0,0.0,0.0,0.0,0.0,0.0,0.0,0.0,0.0,0.0,-0.0,-0.0,0.0
12,2020-1317-gustavo lopez--merab dvalishvili,2020,0,558,916,Merab Dvalishvili,gustavo lopez,135,185,0,-50.0,1539.448590612909,1500.0,39.4485906129089,1,42.0,56.0,-2.48,35.0,82.0,7.7,7.7,84.6,9.0,3.0,15.0,0.0,0.2,50.0,0.0,0.0,0.0,0.0,1.0,0.696,-0.0,-0.0,2.3333333333333335
12,2020-1318-herbert burns--nate landwehr,2020,0,888,917,Nate Landwehr,herbert burns,145,185,0,-40.0,1515.7880140482766,1500.0,15.788014048276636,0,45.0,52.0,-5.83,41.0,71.0,20.0,40.0,40.0,0.0,0.0,10.0,0.0,0.0,0.0,0.0,0.0,0.0,0.0,0.0,0.0,-0.0,-0.0,0.0
12,2020-1319-ilia topuria--youssef zalal,2020,0,861,884,Youssef Zalal,Ilia Topuria,145,155,0,-10.0,1518.575,1504.875,13.700000000000045,0,2.0,2.0,2.0300000000000002,-31.0,-34.0,-66.7,31.799999999999997,34.900000000000006,-4.0,-3.0,2.0,0.0,0.0,0.0,0.0,0.0,0.0,0.0,0.0,0.0,-0.0,-0.0,0.0
12,2020-1320-impa kasanganay--joaquin buckley,2020,0,918,919,Joaquin Buckley,impa kasanganay,170,185,0,-15.0,1500.0,1500.0,0.0,1,36.0,59.0,-2.93,45.0,72.0,72.7,0.0,27.3,4.0,0.0,16.0,0.0,0.0,0.0,0.0,0.0,0.0,0.0,0.0,0.0,-0.0,-0.0,0.0
12,2020-1321-ion cutelaba--magomed ankalaev,2020,0,449,699,Ion Cutelaba,Magomed Ankalaev,205,205,1,0.0,1496.8553939556818,1504.3568237656718,-7.501429809989986,0,-9.0,-10.0,-0.8799999999999999,27.0,-12.0,0.0,12.5,-12.5,-6.0,-1.0,5.0,0.0,0.0,-15.0,33.33333333333333,33.33333333333333,0.0,0.0,-3.0,-0.5296000000000001,7.0,7.0,-1.3333333333333335
12,2020-1322-ismail naurdiev--sean brady,2020,0,755,769,Ismail Naurdiev,Sean Brady,185,170,0,15.0,1516.0325156160022,1515.51983808739,0.5126775286121301,0,-3.0,5.0,1.17,-14.0,-13.0,0.0,-50.0,50.0,-4.0,0.0,-3.0,0.0,0.0,-33.33333333333333,0.0,0.0,0.0,0.0,0.0,-0.24,-0.0,-0.0,-0.3333333333333335
12,2020-1323-israel adesanya--paulo costa,2020,1,559,630,Paulo Costa,Israel Adesanya,185,185,1,0.0,1589.9258341489744,1821.8146255108384,-231.88879136186392,0,10.0,-6.0,-3.0,39.0,4.0,18.6,0.0,-18.6,-5.0,-8.0,-7.0,0.0,0.0,0.0,40.0,40.0,0.0,-2.0,0.0,0.0,2.75,4.0,-1.4166666666666665
12,2020-1324-israel adesanya--yoel romero,2020,1,595,630,yoel romero,Israel Adesanya,185,185,1,0.0,1500.0,1950.0695073791767,-450.0695073791767,0,-48.0,-55.0,3.2,-11.0,-76.0,-38.5,0.0,-61.5,-9.0,-8.0,-18.0,0.0,-0.2,-100.0,-40.0,-40.0,0.0,-2.0,-5.0,-1.0,-11.75,-10.5,-2.4166666666666665
12,2020-1325-jacare souza--kevin holland,2020,0,570,691,jacare souza,Kevin Holland,185,170,0,15.0,1500.0,1527.2286096574044,-27.228609657404377,0,-50.0,-50.0,3.22,-38.0,-55.0,-31.299999999999994,-37.5,-31.2,-4.0,0.0,-27.0,0.0,-0.2,-60.0,0.0,0.0,0.0,0.0,-2.0,-0.8784,-7.0,-7.0,-0.8333333333333333
12,2020-1326-jack hermansson--kelvin gastelum,2020,0,163,398,Kelvin Gastelum,Jack Hermansson,185,185,1,0.0,1547.6087995705482,1533.5753009820824,14.033498588465818,0,-3.0,0.0,0.20999999999999996,5.0,-22.0,-4.100000000000005,-11.9,16.0,4.0,1.0,5.0,0.0,0.0,-40.0,-25.0,25.0,-50.0,1.0,-4.0,-0.7824,2.666666666666666,4.5,-2.533333333333333
12,2020-1327-jack hermansson--marvin vettori,2020,0,368,398,Marvin Vettori,Jack Hermansson,185,185,1,0.0,1519.4626689847692,1598.574748595223,-79.11207961045375,1,0.0,-1.0,-0.8199999999999994,16.0,-15.0,-27.200000000000006,-5.100000000000001,32.3,-1.0,0.0,-1.0,0.0,0.0,0.0,-50.0,-25.0,-25.0,0.0,0.0,0.0,-8.333333333333334,-10.0,-0.7333333333333332
12,2020-1328-jack marshman--sean strickland,2020,0,276,791,Sean Strickland,jack marshman,185,185,1,0.0,1494.665559367452,1500.0,-5.334440632547967,1,42.0,60.0,-4.57,64.0,76.0,25.0,6.2,68.8,6.0,1.0,23.0,0.0,0.2,60.0,66.66666666666667,66.66666666666667,0.0,0.0,-1.0,0.30400000000000005,9.0,9.0,-0.06666666666666665
12,2020-1329-jacob malkoun--phil hawes,2020,0,920,921,phil hawes,Jacob Malkoun,185,185,1,0.0,1500.0,1500.0,0.0,1,-56.0,-52.0,2.48,-42.0,-20.0,-25.0,0.0,-75.0,0.0,0.0,-7.0,0.0,0.0,0.0,0.0,0.0,0.0,0.0,0.0,0.0,-0.0,-0.0,0.0
12,2020-1330-jake collier--tom aspinall,2020,0,843,922,Tom Aspinall,jake collier,265,185,0,80.0,1504.875,1500.0,4.875,1,67.0,65.0,-2.89,100.0,100.0,75.0,25.0,0.0,5.0,2.0,9.0,0.0,0.0,0.0,0.0,0.0,0.0,0.0,0.0,0.0,-0.0,-0.0,0.0
12,2020-1331-jamahal hill--ovince saint preux,2020,0,287,723,ovince saint preux,Jamahal Hill,185,205,0,-20.0,1500.0,1511.6496614219923,-11.649661421992278,0,-51.0,-44.0,4.03,0.0,-73.0,-71.4,0.0,-28.6,-5.0,-1.0,-11.0,0.0,-0.2,-100.0,-100.0,-100.0,0.0,0.0,-1.0,-1.0,-0.0,-0.0,0.0
12,2020-1332-jamall emmers--vince cachero,2020,0,688,923,Jamall Emmers,vince cachero,145,185,0,-40.0,1467.3344915334217,1500.0,-32.66550846657833,1,49.0,56.0,-4.07,40.0,80.0,50.0,0.0,50.0,0.0,0.0,9.0,0.0,0.2,0.0,0.0,0.0,0.0,0.0,-1.0,0.0,-0.0,-0.0,0.0
12,2020-1333-jared cannonier--robert whittaker,2020,0,121,346,Robert Whittaker,Jared Cannonier,185,185,1,0.0,1668.6621506746317,1565.9909908511834,102.6711598234483,1,-6.0,3.0,0.9899999999999998,-2.0,18.0,-28.300000000000004,0.0,28.300000000000004,4.0,2.0,4.0,0.0,0.0,20.0,-75.0,-75.0,0.0,2.0,-3.0,-0.47839999999999994,-0.3999999999999986,3.25,3.2666666666666666
12,2020-1334-jerome rivera--ronaldo rodriguez,2020,0,924,925,jerome rivera,Ronaldo Rodriguez,185,125,0,60.0,1500.0,1500.0,0.0,1,-43.0,-44.0,3.8,-36.0,-64.0,0.0,-50.0,-50.0,0.0,0.0,-4.0,0.0,0.0,0.0,0.0,0.0,0.0,0.0,0.0,0.0,-0.0,-0.0,0.0
12,2020-1335-jim miller--roosevelt roberts,2020,0,30,926,Jim Miller,roosevelt roberts,155,185,0,-30.0,1465.6758267024861,1500.0,-34.32417329751388,1,42.0,56.0,-3.44,45.0,48.0,22.299999999999994,48.1,29.6,2.0,0.0,45.0,0.0,0.2,60.0,100.0,0.0,100.0,0.0,2.0,0.8784,9.8,-0.0,-1.0666666666666667
12,2020-1336-jim miller--scott holtzman,2020,0,30,433,Jim Miller,scott holtzman,155,185,0,-30.0,1475.6658540415135,1500.0,-24.334145958486488,0,42.0,56.0,-3.44,45.0,48.0,22.299999999999994,48.1,29.6,2.0,0.0,45.0,0.0,0.2,60.0,100.0,0.0,100.0,0.0,2.0,0.8784,9.8,-0.0,-1.0666666666666667
12,2020-1337-jim miller--vinc pichel,2020,0,30,690,Jim Miller,vinc pichel,155,185,0,-30.0,1449.9156751380426,1500.0,-50.084324861957384,0,42.0,56.0,-3.44,45.0,48.0,22.299999999999994,48.1,29.6,2.0,0.0,45.0,0.0,0.2,60.0,100.0,0.0,100.0,0.0,2.0,0.8784,9.8,-0.0,-1.0666666666666667
12,2020-1338-jimmy crute--michal oleksiejczuk,2020,0,640,795,Jimmy Crute,Michal Oleksiejczuk,205,185,0,20.0,1494.0331244951735,1490.6178931413292,3.4152313538443195,1,1.0,-17.0,0.73,9.0,6.0,-38.900000000000006,50.0,-11.1,0.0,0.0,-4.0,0.0,0.0,8.333333333333329,0.0,-33.33333333333333,33.333333333333336,0.0,-1.0,-0.07999999999999996,5.0,5.0,0.0
12,2020-1339-jimmy crute--modestas bukauskas,2020,0,640,856,Jimmy Crute,Modestas Bukauskas,205,205,1,0.0,1498.8961447805752,1504.875,-5.978855219424759,1,9.0,-9.0,0.25,-14.0,-22.0,7.199999999999996,35.7,-42.9,0.0,0.0,1.0,0.0,0.2,75.0,100.0,66.66666666666667,33.333333333333336,0.0,1.0,0.76,5.0,5.0,0.0
12,2020-1340-jiri prochazka--volkan oezdemir,2020,0,576,927,Volkan Oezdemir,Jiri Prochazka,205,205,1,0.0,1607.9064581827379,1500.0,107.90645818273788,0,-7.0,12.0,1.4800000000000004,-31.0,12.0,-30.0,-7.5,37.5,4.0,-1.0,8.0,0.0,0.2,40.0,50.0,50.0,0.0,1.0,-1.0,0.336,13.2,10.75,0.3333333333333333
12,2020-1341-joaquin buckley--jordan wright,2020,0,918,928,Joaquin Buckley,jordan wright,170,185,0,-15.0,1504.875,1500.0,4.875,1,36.0,59.0,-2.93,45.0,72.0,72.7,0.0,27.3,4.0,0.0,16.0,0.0,0.0,0.0,0.0,0.0,0.0,0.0,0.0,0.0,-0.0,-0.0,0.0
12,2020-1342-joaquin buckley--kevin holland,2020,0,691,918,Kevin Holland,Joaquin Buckley,170,170,1,0.0,1546.3473350087545,1509.7329003803454,36.61443462840907,1,14.0,-9.0,-0.29000000000000004,-7.0,-17.0,-41.400000000000006,37.5,3.8999999999999986,0.0,0.0,11.0,0.0,0.2,60.0,0.0,0.0,0.0,0.0,2.0,0.8784,7.0,7.0,0.8333333333333333
12,2020-1343-joe duffy--joel alvarez,2020,0,773,929,Joel Alvarez,joe duffy,155,185,0,-30.0,1485.5099919852757,1500.0,-14.490008014724253,1,53.0,50.0,-3.32,0.0,40.0,57.1,42.9,0.0,1.0,0.0,9.0,0.0,0.2,50.0,100.0,100.0,0.0,0.0,-1.0,0.4,-0.0,-0.0,-3.0
12,2020-1344-joe lowry--nikolas motta,2020,0,930,931,Nikolas Motta,joe lowry,155,185,0,-30.0,1500.0,1500.0,0.0,1,38.0,52.0,-5.28,0.0,83.0,50.0,0.0,50.0,0.0,0.0,7.0,0.0,0.0,0.0,0.0,0.0,0.0,0.0,0.0,0.0,-0.0,-0.0,0.0
12,2020-1345-john allan--roman dolidze,2020,0,932,933,Roman Dolidze,john allan,185,185,1,0.0,1500.0,1500.0,0.0,1,41.0,48.0,-3.72,39.0,26.0,55.6,0.0,44.4,4.0,0.0,13.0,0.0,0.0,0.0,0.0,0.0,0.0,0.0,0.0,0.0,-0.0,-0.0,0.0
12,2020-1346-john castaneda--nathaniel wood,2020,0,527,612,John Castaneda,Nathaniel Wood,135,145,0,-10.0,1503.385546875,1484.3819130790384,19.003633795961605,0,-1.0,-3.0,-1.0500000000000003,-11.0,1.0,20.0,-13.299999999999997,-6.700000000000003,0.0,0.0,-3.0,0.0,0.0,0.0,-100.0,0.0,-100.0,0.0,-2.0,0.0,-0.0,-0.0,1.0
12,2020-1347-john dodson--merab dvalishvili,2020,0,144,558,john dodson,Merab Dvalishvili,185,135,0,50.0,1500.0,1570.924733123592,-70.92473312359198,0,-42.0,-56.0,2.48,-35.0,-82.0,-7.7,-7.7,-84.6,-9.0,-3.0,-15.0,0.0,-0.2,-50.0,0.0,0.0,0.0,0.0,-1.0,-0.696,-0.0,-0.0,-2.3333333333333335
12,2020-1348-john dodson--nathaniel wood,2020,0,144,612,john dodson,Nathaniel Wood,185,145,0,40.0,1500.0,1503.210658601891,-3.210658601891055,1,-51.0,-56.0,3.89,-48.0,-72.0,0.0,-33.3,-66.7,0.0,0.0,-12.0,0.0,-0.2,-100.0,-100.0,0.0,-100.0,0.0,-3.0,-1.0,-0.0,-0.0,0.0
12,2020-1349-john phillips--junyong park,2020,0,692,732,john phillips,JunYong Park,185,185,1,0.0,1500.0,1493.0530648645654,6.9469351354346145,0,-50.0,-53.0,3.59,-42.0,-57.0,0.0,-33.3,-66.7,0.0,0.0,-12.0,0.0,-0.2,-50.0,0.0,0.0,0.0,0.0,1.0,-0.4,-0.0,-0.0,-1.6666666666666667
12,2020-1350-john phillips--khamzat chimaev,2020,0,692,907,john phillips,Khamzat Chimaev,185,185,1,0.0,1500.0,1504.6911369875113,-4.6911369875113,0,-60.0,-43.0,2.32,-55.0,-85.0,-22.300000000000008,-44.4,-33.3,-5.0,-1.0,-9.0,0.0,0.0,0.0,0.0,0.0,0.0,0.0,0.0,0.0,-0.0,-0.0,0.0
12,2020-1351-johnny walker--nikita krylov,2020,0,201,682,Nikita Krylov,Johnny Walker,205,205,1,0.0,1510.2700184898672,1512.4694235523204,-2.199405062453252,1,-1.0,-1.0,0.5099999999999998,-22.0,-4.0,-30.400000000000013,34.4,-4.0,1.0,0.0,5.0,0.0,0.0,-20.0,25.0,-41.666666666666664,66.66666666666667,0.0,-1.0,-0.24,-0.3000000000000007,0.5,-1.0
12,2020-1352-johnny walker--ryan spann,2020,0,582,682,Ryan Spann,Johnny Walker,205,205,1,0.0,1517.3606249111567,1490.9767730242556,26.383851886901084,0,-16.0,-2.0,-1.0499999999999998,-26.0,-5.0,-36.7,38.9,-2.1999999999999993,-3.0,0.0,2.0,0.0,0.0,0.0,0.0,-50.0,50.0,0.0,2.0,0.07039999999999991,-9.5,-9.5,2.3333333333333335
12,2020-1353-jonathan martinez--thomas almeida,2020,0,408,617,thomas almeida,Jonathan Martinez,185,135,0,50.0,1500.0,1480.5126304717796,19.48736952822037,0,-49.0,-56.0,4.09,-35.0,-68.0,-40.0,0.0,-60.0,-1.0,0.0,-15.0,0.0,-0.2,-66.66666666666667,-50.0,-50.0,0.0,0.0,-2.0,-0.84,-0.0,-0.0,-0.16666666666666674
12,2020-1354-jordan griffin--youssef zalal,2020,0,651,861,jordan griffin,Youssef Zalal,185,145,0,40.0,1500.0,1495.4746163684874,4.525383631512568,0,-50.0,-66.0,1.8,-30.0,-59.0,0.0,-42.9,-57.1,-1.0,0.0,-11.0,0.0,0.0,0.0,0.0,0.0,0.0,0.0,0.0,0.0,-0.0,-0.0,0.0
12,2020-1355-jordan leavitt--luke flores,2020,0,587,934,luke flores,Jordan Leavitt,185,155,0,30.0,1500.0,1500.0,0.0,0,-61.0,-57.0,1.79,-30.0,-30.0,-33.3,-50.0,-16.7,0.0,0.0,-9.0,0.0,0.0,0.0,0.0,0.0,0.0,0.0,0.0,0.0,-0.0,-0.0,0.0
12,2020-1356-jordan leavitt--matt wiman,2020,0,36,934,matt wiman,Jordan Leavitt,185,155,0,30.0,1500.0,1504.875,-4.875,0,-61.0,-57.0,1.79,-30.0,-30.0,-33.3,-50.0,-16.7,0.0,0.0,-9.0,0.0,0.0,0.0,0.0,0.0,0.0,0.0,0.0,0.0,-0.0,-0.0,0.0
12,2020-1357-jordan williams--nassourdine imavov,2020,0,912,935,jordan williams,Nassourdine Imavov,185,185,1,0.0,1500.0,1500.0,0.0,0,-54.0,-58.0,3.17,-32.0,-81.0,-44.4,0.0,-55.6,-7.0,0.0,-11.0,0.0,0.0,0.0,0.0,0.0,0.0,0.0,0.0,0.0,-0.0,-0.0,0.0
12,2020-1358-jorge masvidal--kamaru usman,2020,1,189,337,jorge masvidal,Kamaru Usman,185,170,0,15.0,1500.0,1925.7879508845954,-425.7879508845954,0,-51.0,-55.0,2.67,-44.0,-89.0,-25.0,-6.2,-68.8,-11.0,-7.0,-19.0,0.0,-0.2,-100.0,-20.0,-20.0,0.0,-2.0,-5.0,-1.0,-11.6,-15.0,-4.0
12,2020-1359-jose aldo--marlon vera,2020,0,44,280,jose aldo,Marlon Vera,185,135,0,50.0,1500.0,1506.5078110567138,-6.507811056713763,1,-49.0,-50.0,5.37,-39.0,-72.0,-46.599999999999994,-26.7,-26.7,-6.0,0.0,-24.0,0.0,-0.2,-80.0,-100.0,-75.0,-25.0,0.0,-3.0,-0.9616,-15.0,-0.0,1.5333333333333334
12,2020-1360-jose aldo--petr yan,2020,1,44,667,jose aldo,Petr Yan,185,135,0,50.0,1500.0,1632.6737208446905,-132.67372084469048,0,-54.0,-58.0,4.14,-48.0,-85.0,-36.4,0.0,-63.6,-9.0,-2.0,-15.0,0.0,-0.2,-100.0,-40.0,-40.0,0.0,0.0,-5.0,-1.0,-9.5,-10.666666666666666,-2.3333333333333335
12,2020-1361-jose quinonez--sean omalley,2020,0,501,808,Sean O'Malley,jose quinonez,135,185,0,-50.0,1527.6400695152138,1500.0,27.64006951521378,1,61.0,60.0,-3.48,42.0,61.0,63.6,0.0,36.4,2.0,2.0,14.0,0.0,0.2,100.0,33.333333333333336,33.333333333333336,0.0,0.0,3.0,1.0,-0.0,-0.0,1.3333333333333335
12,2020-1362-josh emmett--shane burgos,2020,0,461,635,Josh Emmett,shane burgos,145,185,0,-40.0,1579.6703927626418,1500.0,79.67039276264177,1,35.0,60.0,-4.46,37.0,46.0,40.0,0.0,60.0,7.0,0.0,15.0,0.0,0.2,60.0,66.66666666666667,66.66666666666667,0.0,0.0,2.0,0.8655999999999999,11.75,10.0,1.1666666666666665
12,2020-1363-juan adams--justin tafa,2020,0,811,936,Justin Tafa,juan adams,265,185,0,80.0,1484.53125,1500.0,-15.46875,1,54.0,47.0,-5.11,0.0,53.0,100.0,0.0,0.0,0.0,0.0,9.0,0.0,0.2,0.0,0.0,0.0,0.0,0.0,-1.0,0.0,-0.0,-0.0,0.0
12,2020-1364-julian erosa--sean woodson,2020,0,352,816,Julian Erosa,Sean Woodson,145,145,1,0.0,1450.457041890223,1517.8187106274659,-67.36166873724278,1,2.0,-10.0,-2.09,-12.0,-23.0,-7.5,40.0,-32.5,0.0,0.0,7.0,0.0,0.0,-80.0,50.0,50.0,0.0,0.0,-4.0,-0.904,-0.0,-0.0,-4.333333333333334
12,2020-1365-justin gaethje--khabib nurmagomedov,2020,1,272,552,khabib nurmagomedov,Justin Gaethje,185,155,0,30.0,1500.0,1639.456001874089,-139.456001874089,1,-58.0,-51.0,7.18,-14.0,-68.0,-66.7,0.0,-33.3,-9.0,-1.0,-14.0,0.0,-0.2,-80.0,-100.0,-100.0,0.0,0.0,-2.0,-0.904,-14.0,-14.0,0.0
12,2020-1366-justin gaethje--tony ferguson,2020,1,154,552,tony ferguson,Justin Gaethje,185,155,0,30.0,1500.0,1637.3201986597333,-137.32019865973325,0,-58.0,-51.0,7.18,-14.0,-68.0,-66.7,0.0,-33.3,-9.0,-1.0,-14.0,0.0,-0.2,-80.0,-100.0,-100.0,0.0,0.0,-2.0,-0.904,-14.0,-14.0,0.0
12,2020-1367-kai karafrance--tyson nam,2020,0,668,937,Kai Kara-France,tyson nam,125,185,0,-60.0,1517.2817455128084,1500.0,17.281745512808357,1,40.0,64.0,-3.24,30.0,83.0,37.5,0.0,62.5,7.0,0.0,13.0,0.0,0.2,75.0,0.0,0.0,0.0,0.0,2.0,0.904,8.666666666666666,8.666666666666666,1.5833333333333335
12,2020-1368-karl roberson--marvin vettori,2020,0,368,581,Marvin Vettori,karl roberson,185,185,1,0.0,1605.7681919523507,1500.0,105.76819195235066,1,45.0,56.0,-4.52,45.0,65.0,0.0,22.2,77.8,4.0,0.0,17.0,0.0,0.2,80.0,25.0,0.0,25.0,0.0,2.0,0.904,-0.0,-0.0,1.2666666666666668
12,2020-1369-kevin natividad--miles johns,2020,0,766,938,Miles Johns,kevin natividad,135,185,0,-50.0,1508.068600247368,1500.0,8.068600247368067,1,44.0,66.0,-2.99,26.0,83.0,28.6,0.0,71.4,0.0,0.0,11.0,0.0,0.2,100.0,0.0,0.0,0.0,0.0,2.0,1.0,-0.0,-0.0,0.5
12,2020-1370-khadis ibragimov--roman dolidze,2020,0,932,939,Roman Dolidze,khadis ibragimov,185,185,1,0.0,1511.5833333333333,1500.0,11.583333333333258,1,41.0,48.0,-3.72,39.0,26.0,55.6,0.0,44.4,4.0,0.0,13.0,0.0,0.0,0.0,0.0,0.0,0.0,0.0,0.0,0.0,-0.0,-0.0,0.0
12,2020-1371-khalid taha--raoni barcelos,2020,0,645,940,Raoni Barcelos,khalid taha,135,185,0,-50.0,1523.7544744907702,1500.0,23.754474490770235,1,52.0,60.0,-4.4,33.0,85.0,22.2,22.2,55.6,0.0,0.0,13.0,0.0,0.2,100.0,75.0,50.0,25.0,0.0,4.0,1.0,-0.0,-0.0,1.6666666666666667
12,2020-1372-khama worthy--ottman azaitar,2020,0,834,941,Ottman Azaitar,khama worthy,155,185,0,-30.0,1503.09375,1500.0,3.09375,1,44.0,52.0,-4.11,0.0,100.0,100.0,0.0,0.0,0.0,0.0,5.0,0.0,0.2,100.0,100.0,100.0,0.0,0.0,1.0,1.0,-0.0,-0.0,0.0
12,2020-1373-khamzat chimaev--rhys mckee,2020,0,847,907,Rhys McKee,Khamzat Chimaev,170,185,0,-15.0,1466.5605410730159,1509.5496822084742,-42.98914113545834,0,-20.0,4.0,-4.83,-55.0,-38.0,77.69999999999999,-44.4,-33.3,-5.0,-1.0,-3.0,0.0,0.0,0.0,0.0,0.0,0.0,0.0,0.0,0.0,-0.0,-0.0,0.0
12,2020-1374-khaos williams--michel pereira,2020,0,779,839,Michel Pereira,Khaos Williams,185,170,0,15.0,1460.709407211393,1509.734293340638,-49.02488612924503,1,13.0,11.0,1.04,52.0,25.0,-44.400000000000006,33.3,11.100000000000001,1.0,0.0,4.0,0.0,0.2,50.0,100.0,100.0,0.0,0.0,1.0,0.6,-0.0,-0.0,-1.6666666666666667
12,2020-1375-king green--lando vannata,2020,0,46,458,King Green,Lando Vannata,155,185,0,-30.0,1499.2241722256479,1500.0,-0.7758277743521376,1,52.0,62.0,-3.72,39.0,74.0,17.699999999999996,23.5,58.8,3.0,0.0,32.0,0.0,0.2,20.0,0.0,0.0,0.0,0.0,-1.0,0.24,11.666666666666666,9.0,-0.33333333333333337
12,2020-1376-king green--thiago moises,2020,0,46,629,King Green,Thiago Moises,155,155,1,0.0,1523.0541345948495,1473.6018319058344,49.45230268901514,0,10.0,9.0,0.3599999999999999,4.0,22.0,-4.599999999999998,-9.799999999999997,14.399999999999999,3.0,0.0,16.0,0.0,0.0,-30.0,-50.0,-50.0,0.0,0.0,-2.0,-0.45599999999999996,11.666666666666666,9.0,1.1111111111111112
12,2020-1377-laureano staropoli--tim means,2020,0,119,818,Tim Means,laureano staropoli,170,185,0,-15.0,1442.3619614570996,1500.0,-57.638038542900404,1,49.0,60.0,-3.65,40.0,64.0,40.0,13.3,46.7,0.0,0.0,29.0,0.0,0.2,40.0,100.0,50.0,50.0,0.0,-1.0,0.2784,15.0,-0.0,-0.33333333333333337
12,2020-1378-lerone murphy--ricardo ramos,2020,0,484,942,Ricardo Ramos,Lerone Murphy,145,145,1,0.0,1529.5205481860962,1500.0,29.52054818609622,0,-17.0,-7.0,-1.5499999999999998,3.0,19.0,-8.299999999999997,12.5,-4.200000000000003,-4.0,0.0,4.0,0.0,0.2,80.0,25.0,0.0,25.0,0.0,-1.0,0.4,8.0,8.0,1.888888888888889
12,2020-1379-li jingliang--neil magny,2020,0,187,241,Neil Magny,Li Jingliang,170,170,1,0.0,1581.0918247546083,1541.2147288848491,39.87709586975916,1,4.0,-5.0,1.48,-2.0,-5.0,-42.300000000000004,8.7,33.599999999999994,11.0,0.0,17.0,0.0,0.0,-20.0,-8.333333333333329,-8.333333333333329,0.0,0.0,0.0,-0.09599999999999997,1.1999999999999993,4.0,0.6666666666666667
12,2020-1380-ludovit klein--shane young,2020,0,496,943,shane young,Ludovit Klein,185,155,0,30.0,1500.0,1500.0,0.0,0,-52.0,-52.0,3.34,-51.0,-76.0,-28.6,0.0,-71.4,0.0,0.0,-11.0,0.0,0.0,0.0,0.0,0.0,0.0,0.0,0.0,0.0,-0.0,-0.0,0.0
12,2020-1381-luis pena--steve garcia,2020,0,784,821,Steve Garcia,luis pena,145,185,0,-40.0,1503.09375,1500.0,3.09375,0,48.0,57.0,-2.2,40.0,88.0,87.5,0.0,12.5,1.0,0.0,10.0,0.0,0.2,100.0,100.0,100.0,0.0,0.0,1.0,1.0,-0.0,-0.0,0.0
12,2020-1382-malcolm gordon--sumudaerji,2020,0,697,854,Sumudaerji,malcolm gordon,125,185,0,-60.0,1507.1231773257073,1500.0,7.123177325707275,1,52.0,60.0,-2.39,11.0,71.0,20.0,0.0,80.0,0.0,0.0,9.0,0.0,0.2,50.0,0.0,0.0,0.0,0.0,1.0,0.6,-0.0,-0.0,4.333333333333333
12,2020-1383-marc diakiese--rafael fiziev,2020,0,534,722,marc diakiese,Rafael Fiziev,185,155,0,30.0,1500.0,1495.3865694470226,4.613430552977434,0,-52.0,-50.0,4.77,-72.0,-90.0,-42.9,0.0,-57.1,-3.0,0.0,-11.0,0.0,-0.2,-50.0,0.0,0.0,0.0,0.0,1.0,-0.4,-0.0,-0.0,-2.3333333333333335
12,2020-1384-marcin prachnio--mike rodriguez,2020,0,700,944,Marcin Prachnio,mike rodriguez,205,185,0,20.0,1476.9688504345133,1500.0,-23.031149565486658,0,54.0,54.0,-3.15,20.0,53.0,25.0,0.0,75.0,0.0,0.0,11.0,0.0,0.2,0.0,0.0,0.0,0.0,0.0,-2.0,0.0,-0.0,-0.0,0.0
12,2020-1385-marcin tybura--maxim grishin,2020,0,467,945,Marcin Tybura,maxim grishin,265,185,0,80.0,1508.5207794548298,1500.0,8.520779454829835,1,48.0,55.0,-3.33,33.0,75.0,35.8,7.1,57.1,8.0,0.0,23.0,0.0,0.2,40.0,50.0,50.0,0.0,0.0,-3.0,0.06400000000000002,11.4,8.0,-0.4166666666666666
12,2020-1386-marcin tybura--serghei spivac,2020,0,467,838,Marcin Tybura,Serghei Spivac,265,265,1,0.0,1532.191450794685,1507.310637289545,24.88081350513994,1,0.0,5.0,0.9199999999999999,-29.0,12.0,-1.7000000000000028,-30.4,32.1,3.0,0.0,9.0,0.0,0.0,-10.0,-50.0,50.0,-100.0,0.0,-2.0,-0.336,5.4,2.0,-0.4166666666666666
12,2020-1387-mario bautista--miles johns,2020,0,766,768,Miles Johns,Mario Bautista,135,135,1,0.0,1517.762003631955,1496.225096638443,21.536906993512048,0,-5.0,11.0,1.46,-7.0,16.0,18.6,-30.0,11.400000000000006,-3.0,0.0,-1.0,0.0,0.0,50.0,0.0,0.0,0.0,0.0,3.0,0.6,-0.0,-0.0,-1.8333333333333335
12,2020-1388-mark striegl--said nurmagomedov,2020,0,694,946,Said Nurmagomedov,mark striegl,135,185,0,-50.0,1508.997466428249,1500.0,8.997466428249027,1,48.0,55.0,-2.05,15.0,63.0,28.500000000000007,42.9,28.6,2.0,0.0,11.0,0.0,0.2,66.66666666666667,50.0,50.0,0.0,0.0,1.0,0.76,8.0,8.0,-0.33333333333333337
12,2020-1389-marlon moraes--rob font,2020,0,260,503,Rob Font,marlon moraes,135,185,0,-50.0,1577.490192308238,1500.0,77.49019230823797,1,46.0,57.0,-3.67,34.0,42.0,50.0,8.3,41.7,9.0,0.0,19.0,0.0,0.2,80.0,50.0,25.0,25.0,0.0,2.0,0.904,9.6,12.0,-0.24999999999999994
12,2020-1390-marlon vera--sean omalley,2020,0,280,501,Marlon Vera,Sean O'Malley,135,135,1,0.0,1492.6589845749206,1546.7530573665176,-54.094072791597,1,-12.0,-10.0,-1.8900000000000001,-3.0,11.0,-17.000000000000007,26.7,-9.7,4.0,-2.0,10.0,0.0,0.0,-20.0,66.66666666666666,41.666666666666664,25.0,0.0,0.0,-0.03839999999999999,15.0,-0.0,-2.866666666666667
12,2020-1391-marlon vera--song yadong,2020,0,280,514,Marlon Vera,Song Yadong,135,135,1,0.0,1513.9245717604504,1534.5527838344824,-20.628212074032035,0,6.0,-5.0,-1.37,1.0,-1.0,1.1999999999999886,17.6,-18.8,-1.0,0.0,9.0,0.0,0.0,-20.0,25.0,25.0,0.0,0.0,-1.0,-0.03839999999999999,9.0,-6.0,-4.533333333333333
12,2020-1392-mauricio rua--paul craig,2020,0,446,947,Paul Craig,mauricio rua,205,185,0,20.0,1467.1669746984242,1500.0,-32.833025301575844,1,45.0,43.0,-3.04,18.0,35.0,33.3,66.7,0.0,4.0,0.0,20.0,0.0,0.2,60.0,100.0,0.0,100.0,0.0,1.0,0.7343999999999999,-0.0,-0.0,0.0
12,2020-1393-max griffin--ramiz brahimaj,2020,0,410,948,Max Griffin,Ramiz Brahimaj,170,170,1,0.0,1440.387265979731,1500.0,-59.612734020269045,1,2.0,15.0,0.10999999999999988,-1.0,23.0,12.5,-75.0,62.5,0.0,0.0,11.0,0.0,0.2,40.0,0.0,0.0,0.0,0.0,-1.0,0.2784,-0.0,-0.0,0.0
12,2020-1394-michael chiesa--rafael dos anjos,2020,0,34,114,Rafael Dos Anjos,Michael Chiesa,170,170,1,0.0,1632.8188819380648,1548.8918246649882,83.92705727307657,0,7.0,3.0,-1.5,-12.0,-13.0,19.099999999999994,-33.3,14.200000000000003,8.0,1.0,15.0,0.0,0.0,-20.0,-16.66666666666667,0.0,-16.66666666666667,1.0,0.0,-0.09600000000000009,4.8,1.9500000000000002,-3.7333333333333334
12,2020-1395-michael johnson--thiago moises,2020,0,81,629,Michael Johnson,Thiago Moises,155,155,1,0.0,1490.0731718260647,1482.479918906052,7.593252920012674,0,-3.0,5.0,0.29000000000000004,3.0,29.0,15.200000000000006,-33.3,18.1,3.0,0.0,15.0,0.0,0.0,-10.0,-50.0,-50.0,0.0,0.0,-4.0,-0.6319999999999999,9.2,10.0,2.2444444444444445
12,2020-1396-michel pereira--zelim imadaev,2020,0,779,826,Michel Pereira,zelim imadaev,185,185,1,0.0,1469.5849092294293,1500.0,-30.415090770570714,1,52.0,51.0,-4.35,52.0,76.0,22.299999999999994,33.3,44.4,1.0,0.0,14.0,0.0,0.2,50.0,100.0,100.0,0.0,0.0,1.0,0.6,-0.0,-0.0,-1.6666666666666667
12,2020-1397-mickey gall--mike perry,2020,0,403,494,Mickey Gall,mike perry,170,185,0,-15.0,1487.4011288669763,1500.0,-12.59887113302375,0,49.0,49.0,-4.72,32.0,37.0,0.0,83.3,16.7,0.0,0.0,13.0,0.0,0.2,60.0,66.66666666666667,0.0,66.66666666666667,0.0,-1.0,0.36160000000000003,-0.0,-0.0,-0.16666666666666663
12,2020-1398-mike grundy--movsar evloev,2020,0,793,949,Movsar Evloev,mike grundy,145,185,0,-40.0,1519.4474760697506,1500.0,19.447476069750564,1,48.0,60.0,-2.66,48.0,61.0,0.0,0.0,100.0,5.0,0.0,9.0,0.0,0.2,100.0,0.0,0.0,0.0,0.0,2.0,1.0,-0.0,-0.0,2.0
12,2020-1399-mike perry--tim means,2020,0,119,494,Tim Means,mike perry,170,185,0,-15.0,1454.7596983801661,1500.0,-45.24030161983387,1,49.0,60.0,-3.65,40.0,64.0,40.0,13.3,46.7,0.0,0.0,29.0,0.0,0.2,40.0,100.0,50.0,50.0,0.0,-1.0,0.2784,15.0,-0.0,-0.33333333333333337
12,2020-1400-mikey gonzalez--uros medic,2020,0,950,951,Uros Medic,mikey gonzalez,170,185,0,-15.0,1500.0,1500.0,0.0,1,60.0,56.0,-3.5,50.0,55.0,100.0,0.0,0.0,0.0,0.0,9.0,0.0,0.0,0.0,0.0,0.0,0.0,0.0,0.0,0.0,-0.0,-0.0,0.0
12,2020-1401-neil magny--robbie lawler,2020,0,5,187,robbie lawler,Neil Magny,185,170,0,15.0,1500.0,1599.1361641493836,-99.1361641493836,0,-46.0,-51.0,2.47,-39.0,-55.0,-30.4,-8.7,-60.9,-13.0,0.0,-35.0,0.0,-0.2,-60.0,-66.66666666666667,-66.66666666666667,0.0,0.0,-1.0,-0.664,-7.199999999999999,-10.0,-1.6666666666666667
12,2020-1402-niko price--vicente luque,2020,0,339,393,Vicente Luque,Niko Price,170,170,1,0.0,1527.5069729667402,1478.7156923792377,48.79128058750257,1,8.0,4.0,0.2999999999999998,23.0,11.0,0.0,12.5,-12.5,8.0,0.0,6.0,0.0,0.0,0.0,-25.0,0.0,-25.0,0.0,2.0,0.2016,7.0,7.0,-1.0833333333333335
12,2020-1403-paul felder--rafael dos anjos,2020,0,34,329,Rafael Dos Anjos,paul felder,170,185,0,-15.0,1616.5264709102557,1500.0,116.52647091025574,1,47.0,60.0,-3.23,35.0,54.0,19.099999999999994,23.8,57.1,13.0,2.0,36.0,0.0,0.2,40.0,50.0,0.0,50.0,1.0,1.0,0.6255999999999999,14.2,12.2,-0.39999999999999997
12,2020-1404-peter barrett--youssef zalal,2020,0,861,875,Youssef Zalal,peter barrett,145,185,0,-40.0,1504.0775373500533,1500.0,4.077537350053262,1,50.0,66.0,-1.8,30.0,59.0,0.0,42.9,57.1,1.0,0.0,11.0,0.0,0.0,0.0,0.0,0.0,0.0,0.0,0.0,0.0,-0.0,-0.0,0.0
12,2020-1405-rafael fiziev--renato moicano,2020,0,291,722,Renato Moicano,Rafael Fiziev,155,155,1,0.0,1619.495443781904,1507.3344317192896,112.16101206261442,0,-4.0,9.0,1.1999999999999997,-31.0,-28.0,-26.2,50.0,-23.800000000000004,4.0,0.0,8.0,0.0,0.0,10.0,33.333333333333336,0.0,33.333333333333336,0.0,-1.0,-0.24,13.4,12.6,-0.8888888888888888
12,2020-1406-randy brown--vicente luque,2020,0,339,394,Vicente Luque,Randy Brown,170,170,1,0.0,1553.8547718493278,1487.4300724327995,66.42469941652826,1,4.0,-2.0,-1.9900000000000002,12.0,-12.0,21.4,16.1,-37.5,8.0,0.0,3.0,0.0,0.0,20.0,8.333333333333329,41.666666666666664,-33.333333333333336,0.0,1.0,0.09600000000000009,7.0,7.0,-1.0833333333333335
12,2020-1407-ray borg--ricky simon,2020,0,549,952,Ricky Simon,ray borg,135,185,0,-50.0,1513.0417382804926,1500.0,13.04173828049261,1,44.0,61.0,-3.72,43.0,75.0,18.2,27.3,54.5,3.0,0.0,16.0,0.0,0.2,60.0,33.333333333333336,0.0,33.333333333333336,0.0,1.0,0.664,6.666666666666666,6.666666666666666,1.3333333333333333
12,2020-1408-rodolfo vieira--saparbeg safarov,2020,0,831,833,saparbeg safarov,Rodolfo Vieira,185,185,1,0.0,1500.0,1503.09375,-3.09375,0,-55.0,-51.0,4.12,-23.0,-100.0,0.0,-83.3,-16.7,0.0,0.0,-9.0,0.0,-0.2,-100.0,-100.0,0.0,-100.0,0.0,-1.0,-1.0,-0.0,-0.0,0.0
12,2020-1409-ryan benoit--tim elliott,2020,0,140,392,Tim Elliott,ryan benoit,125,185,0,-60.0,1440.6736670138796,1500.0,-59.326332986120406,1,44.0,57.0,-2.65,47.0,59.0,0.0,30.0,70.0,9.0,0.0,21.0,0.0,0.2,40.0,50.0,0.0,50.0,1.0,-1.0,0.2784,12.4,10.5,0.13333333333333325
12,2020-1410-ryan spann--sam alvey,2020,0,582,701,Ryan Spann,sam alvey,205,185,0,20.0,1500.3296319232347,1500.0,0.3296319232347287,1,39.0,43.0,-4.14,34.0,52.0,30.0,50.0,20.0,3.0,0.0,17.0,0.0,0.2,80.0,75.0,25.0,50.0,0.0,4.0,0.9743999999999999,-0.0,-0.0,2.3333333333333335
12,2020-1411-stefan struve--tai tuivasa,2020,0,497,593,stefan struve,Tai Tuivasa,185,265,0,-80.0,1500.0,1478.1741008416682,21.825899158331822,0,-46.0,-44.0,5.18,0.0,-57.0,-87.5,0.0,-12.5,-3.0,0.0,-16.0,0.0,-0.2,-40.0,-50.0,-50.0,0.0,0.0,2.0,-0.13440000000000002,-9.25,-9.25,0.6666666666666667
12,2021-1412-aalon cruz--uros medic,2021,0,711,950,aalon cruz,Uros Medic,185,170,0,15.0,1500.0,1503.65625,-3.65625,0,-60.0,-56.0,3.5,-50.0,-55.0,-100.0,0.0,0.0,0.0,0.0,-9.0,0.0,-0.35,-100.0,-100.0,-100.0,0.0,0.0,-1.0,-1.0,-0.0,-0.0,0.0
12,2021-1413-aaron jeffery--caio borralho,2021,0,714,953,aaron jeffery,Caio Borralho,185,185,1,0.0,1500.0,1500.0,0.0,0,-56.0,-60.0,2.5,-48.0,-76.0,-22.2,-11.1,-66.7,-2.0,0.0,-10.0,0.0,0.0,0.0,0.0,0.0,0.0,0.0,0.0,0.0,-0.0,-0.0,0.0
12,2021-1414-abdul razak alhassan--jacob malkoun,2021,0,597,921,abdul razak alhassan,Jacob Malkoun,185,185,1,0.0,1500.0,1481.71875,18.28125,0,-56.0,-52.0,2.48,-42.0,-20.0,-25.0,0.0,-75.0,0.0,0.0,-7.0,0.0,-0.35,0.0,0.0,0.0,0.0,0.0,1.0,0.0,-0.0,-0.0,0.0
12,2021-1415-abu azaitar--marcandre barriault,2021,0,730,954,Marc-Andre Barriault,abu azaitar,185,185,1,0.0,1459.2674193232576,1500.0,-40.73258067674237,1,47.0,50.0,-5.63,28.0,68.0,50.0,16.7,33.3,0.0,0.0,15.0,0.0,0.2,0.0,0.0,0.0,0.0,0.0,-3.0,0.0,-0.0,-0.0,-1.2222222222222223
12,2021-1416-achilles estremadura--maheshate,2021,0,955,956,Maheshate,achilles estremadura,155,185,0,-30.0,1500.0,1500.0,0.0,1,31.0,51.0,-5.96,0.0,47.0,33.3,0.0,66.7,0.0,0.0,7.0,0.0,0.0,0.0,0.0,0.0,0.0,0.0,0.0,0.0,-0.0,-0.0,0.0
12,2021-1417-adrian yanez--davey grant,2021,0,168,840,Davey Grant,Adrian Yanez,135,135,1,0.0,1499.6599089481033,1507.2996752852591,-7.639766337155834,0,3.0,1.0,2.01,40.0,-18.0,-48.2,12.5,35.7,0.0,0.0,4.0,0.0,0.0,-40.0,-66.66666666666666,-66.66666666666666,0.0,0.0,0.0,-0.12160000000000004,-0.0,-0.0,2.5
12,2021-1418-adrian yanez--gustavo lopez,2021,0,840,916,Adrian Yanez,gustavo lopez,135,185,0,-50.0,1522.0514791607848,1500.0,22.051479160784766,1,41.0,54.0,-5.75,0.0,81.0,85.7,0.0,14.3,0.0,0.0,10.0,0.0,0.35,100.0,100.0,100.0,0.0,0.0,2.0,1.0,-0.0,-0.0,0.0
12,2021-1419-adrian yanez--randy costa,2021,0,840,957,Adrian Yanez,randy costa,135,185,0,-50.0,1536.4447307866635,1500.0,36.44473078666351,1,41.0,54.0,-5.75,0.0,81.0,85.7,0.0,14.3,0.0,0.0,10.0,0.0,0.35,100.0,100.0,100.0,0.0,0.0,2.0,1.0,-0.0,-0.0,0.0
12,2021-1420-aiemann zahabi--drako rodriguez,2021,0,482,958,Aiemann Zahabi,drako rodriguez,135,185,0,-50.0,1485.4319616897358,1500.0,-14.568038310264228,1,46.0,69.0,-4.13,14.0,83.0,28.6,0.0,71.4,1.0,0.0,9.0,0.0,0.2,33.333333333333336,0.0,0.0,0.0,0.0,-1.0,0.24,-0.0,-0.0,0.33333333333333337
12,2021-1421-al iaquinta--king green,2021,0,46,115,King Green,Al Iaquinta,155,185,0,-30.0,1499.5279560368094,1500.0,-0.47204396319057196,1,52.0,62.0,-3.72,39.0,74.0,17.699999999999996,23.5,58.8,3.0,0.0,32.0,0.0,0.35,60.0,0.0,0.0,0.0,0.0,3.0,0.9359999999999999,11.666666666666666,-0.0,1.0666666666666669
12,2021-1422-albert duraev--roman kopylov,2021,0,812,959,Roman Kopylov,albert duraev,185,185,1,0.0,1488.3984375,1500.0,-11.6015625,0,50.0,53.0,-5.08,42.0,87.0,83.3,0.0,16.7,0.0,0.0,10.0,0.0,0.2,0.0,0.0,0.0,0.0,0.0,-1.0,0.0,-0.0,-0.0,0.0
12,2021-1423-aleksandar rakic--thiago santos,2021,0,485,564,Aleksandar Rakic,thiago santos,205,185,0,20.0,1590.6822607825852,1500.0,90.68226078258522,1,50.0,51.0,-2.91,23.0,85.0,33.3,0.0,66.7,3.0,0.0,10.0,0.0,0.35,80.0,50.0,50.0,0.0,0.0,2.0,0.904,12.0,12.0,2.75
12,2021-1424-aleksei oleinik--serghei spivac,2021,0,486,838,aleksei oleinik,Serghei Spivac,185,265,0,-80.0,1500.0,1483.7227186983473,16.277281301652692,0,-48.0,-50.0,4.25,-62.0,-63.0,-37.5,-37.5,-25.0,-5.0,0.0,-14.0,0.0,-0.35,-50.0,-50.0,0.0,-50.0,0.0,1.0,-0.30400000000000005,-6.0,-6.0,0.5000000000000001
12,2021-1425-alessio di chirico--joaquin buckley,2021,0,719,918,alessio di chirico,Joaquin Buckley,185,170,0,15.0,1500.0,1489.4982916740014,10.501708325998607,1,-36.0,-59.0,2.93,-45.0,-72.0,-72.7,0.0,-27.3,-4.0,0.0,-16.0,0.0,-0.35,-66.66666666666667,-100.0,-100.0,0.0,0.0,1.0,-0.4,-0.0,-0.0,0.0
12,2021-1426-alex caceres--kevin croom,2021,0,86,961,Alex Caceres,kevin croom,145,185,0,-40.0,1507.3110681988444,1500.0,7.311068198844396,1,49.0,62.0,-3.09,68.0,64.0,12.5,25.0,62.5,1.0,0.0,29.0,0.0,0.35,80.0,25.0,0.0,25.0,0.0,2.0,0.904,11.0,-0.0,1.5333333333333334
12,2021-1427-alex caceres--seungwoo choi,2021,0,86,796,Alex Caceres,seungwoo choi,145,185,0,-40.0,1536.2165558583965,1500.0,36.21655585839653,1,49.0,62.0,-3.09,68.0,64.0,12.5,25.0,62.5,1.0,0.0,29.0,0.0,0.35,80.0,25.0,0.0,25.0,0.0,2.0,0.904,11.0,-0.0,1.5333333333333334
12,2021-1428-alex morono--david zawada,2021,0,371,660,Alex Morono,david zawada,170,185,0,-15.0,1496.2459754671788,1500.0,-3.7540245328211768,1,40.0,56.0,-4.78,24.0,47.0,15.4,15.4,69.2,1.0,0.0,22.0,0.0,0.35,60.0,33.333333333333336,33.333333333333336,0.0,0.0,-1.0,0.30400000000000005,8.0,8.0,1.1333333333333333
12,2021-1429-alex morono--donald cerrone,2021,0,93,371,donald cerrone,Alex Morono,185,170,0,15.0,1500.0,1514.871149006607,-14.871149006607084,0,-40.0,-56.0,4.78,-24.0,-47.0,-15.4,-15.4,-69.2,-1.0,0.0,-22.0,0.0,-0.35,-60.0,-33.333333333333336,-33.333333333333336,0.0,0.0,1.0,-0.30400000000000005,-8.0,-8.0,-1.1333333333333333
12,2021-1430-alex morono--mickey gall,2021,0,371,403,Alex Morono,Mickey Gall,170,170,1,0.0,1534.1626136293792,1473.550060496355,60.61255313302422,1,-9.0,7.0,-0.0600000000000005,-8.0,10.0,15.4,-67.89999999999999,52.5,1.0,0.0,9.0,0.0,0.0,20.0,-16.666666666666664,33.333333333333336,-50.0,0.0,1.0,0.16960000000000003,8.0,8.0,1.5777777777777777
12,2021-1431-alex oliveira--niko price,2021,0,300,393,alex oliveira,Niko Price,185,170,0,15.0,1500.0,1470.2243390028675,29.77566099713249,0,-43.0,-48.0,5.55,-28.0,-50.0,-50.0,-25.0,-25.0,0.0,0.0,-17.0,0.0,-0.35,-60.0,-100.0,-66.66666666666667,-33.333333333333336,0.0,1.0,-0.30400000000000005,-7.0,-7.0,0.0
12,2021-1432-alex oliveira--randy brown,2021,0,300,394,alex oliveira,Randy Brown,185,170,0,15.0,1500.0,1478.628807215846,21.37119278415389,0,-47.0,-54.0,3.26,-39.0,-73.0,-28.6,-21.4,-50.0,0.0,0.0,-20.0,0.0,-0.35,-40.0,-100.0,-50.0,-50.0,0.0,1.0,-0.336,-9.0,-9.0,7.401486830834377e-17
12,2021-1433-alex pereira--andreas michailidis,2021,0,857,962,andreas michailidis,Alex Pereira,185,205,0,-20.0,1500.0,1500.0,0.0,0,-62.0,-53.0,3.5,-50.0,-78.0,-77.8,0.0,-22.2,-6.0,-5.0,-11.0,0.0,0.0,0.0,0.0,0.0,0.0,0.0,0.0,0.0,-0.0,-0.0,0.0
12,2021-1434-alexander hernandez--mike breeden,2021,0,602,963,Alexander Hernandez,mike breeden,155,185,0,-30.0,1516.1122160576624,1500.0,16.11221605766241,1,40.0,58.0,-4.6,36.0,73.0,44.4,0.0,55.6,3.0,0.0,16.0,0.0,0.35,60.0,66.66666666666667,66.66666666666667,0.0,0.0,-1.0,0.30400000000000005,6.800000000000001,6.75,2.0
12,2021-1435-alexander hernandez--thiago moises,2021,0,602,629,Alexander Hernandez,Thiago Moises,155,155,1,0.0,1520.9307373916276,1494.212386744946,26.718350646681756,0,-2.0,5.0,-0.5199999999999996,1.0,21.0,22.100000000000005,-33.3,11.200000000000003,3.0,0.0,0.0,0.0,0.0,-20.0,16.66666666666667,41.66666666666667,-25.0,0.0,-4.0,-0.6576,6.800000000000001,6.75,2.8333333333333335
12,2021-1436-alexander volkanovski--brian ortega,2021,1,311,375,Brian Ortega,Alexander Volkanovski,145,145,1,0.0,1647.8165115101715,1812.2555853770716,-164.43907386690012,0,-19.0,-9.0,-3.02,-9.0,-16.0,1.7999999999999972,50.0,-51.8,-3.0,-7.0,-4.0,0.0,0.0,-20.0,55.0,5.0,50.0,-1.0,-3.0,-0.09599999999999997,-1.9500000000000002,-0.75,2.8
12,2021-1437-alexander volkov--alistair overeem,2021,0,377,605,Alexander Volkov,alistair overeem,265,185,0,80.0,1608.8954566529887,1500.0,108.89545665298874,1,57.0,54.0,-2.99,66.0,72.0,50.0,8.3,41.7,12.0,0.0,17.0,0.0,0.35,60.0,66.66666666666667,66.66666666666667,0.0,0.0,-1.0,0.3744,12.2,15.0,1.4166666666666667
12,2021-1438-alexander volkov--ciryl gane,2021,0,377,761,Alexander Volkov,Ciryl Gane,265,265,1,0.0,1680.0752040448579,1573.753140597254,106.3220634476038,0,-4.0,-7.0,-0.7600000000000002,41.0,29.0,10.0,-11.7,1.7000000000000028,5.0,-1.0,5.0,0.0,0.0,-40.0,-8.333333333333329,41.66666666666667,-50.0,0.0,-5.0,-0.6255999999999999,-0.7999999999999998,2.0,-2.583333333333333
12,2021-1439-alexander volkov--marcin tybura,2021,0,377,467,Alexander Volkov,Marcin Tybura,265,265,1,0.0,1651.0952561169856,1540.6371894092142,110.45806670777142,1,9.0,-1.0,0.33999999999999986,33.0,-3.0,14.200000000000003,1.200000000000001,-15.399999999999999,4.0,0.0,-6.0,0.0,0.0,-20.0,41.66666666666667,41.66666666666667,0.0,0.0,-5.0,-0.5999999999999999,0.7999999999999998,8.0,-0.8499999999999999
12,2021-1440-alexandre pantoja--brandon royval,2021,0,498,865,Alexandre Pantoja,Brandon Royval,125,125,1,0.0,1575.56188213606,1574.1593674216185,1.402514714441395,1,9.0,6.0,0.35000000000000053,-28.0,24.0,0.0,0.0,0.0,4.0,5.0,6.0,0.0,0.0,-26.66666666666667,0.0,100.0,-100.0,0.0,-3.0,-0.5616,-3.2666666666666666,-0.4666666666666668,-0.1333333333333333
12,2021-1441-alexandre pantoja--manel kape,2021,0,498,964,Alexandre Pantoja,Manel Kape,125,125,1,0.0,1646.665053395181,1500.0,146.66505339518108,1,-5.0,-8.0,0.16999999999999993,17.0,-12.0,-52.5,42.9,9.600000000000001,7.0,5.0,8.0,0.0,0.35,40.0,100.0,100.0,0.0,0.0,-1.0,0.2784,10.4,13.2,-0.1333333333333333
12,2021-1442-aljamain sterling--petr yan,2021,1,212,667,Aljamain Sterling,Petr Yan,145,135,0,10.0,1705.179561875045,1681.2568156080056,23.92274626703943,1,-2.0,1.0,1.9299999999999997,-18.0,-41.0,-24.599999999999998,23.5,-4.800000000000004,4.0,2.0,7.0,0.0,0.0,0.0,-20.0,-60.0,40.0,-1.0,0.0,0.0,2.3999999999999995,1.0999999999999996,-0.5333333333333334
12,2021-1443-allan nascimento--tagir ulanbekov,2021,0,610,869,Allan Nascimento,Tagir Ulanbekov,125,125,1,0.0,1492.08984375,1508.93125,-16.84140625000009,0,11.0,-2.0,1.4,-14.0,-32.0,0.0,0.0,0.0,-5.0,0.0,-2.0,0.0,-0.14999999999999997,-100.0,0.0,0.0,0.0,0.0,-2.0,-1.0,-0.0,-0.0,-2.666666666666667
12,2021-1444-alonzo menifield--ed herman,2021,0,434,504,ed herman,Alonzo Menifield,185,205,0,-20.0,1500.0,1476.2937792370672,23.706220762932844,0,-53.0,-50.0,3.76,-31.0,-78.0,-50.0,-16.7,-33.3,-4.0,0.0,-18.0,0.0,-0.35,-60.0,-100.0,-100.0,0.0,0.0,2.0,-0.16000000000000003,-0.0,-0.0,1.6666666666666667
12,2021-1445-alonzo menifield--fabio cherant,2021,0,504,965,Alonzo Menifield,fabio cherant,205,185,0,20.0,1495.185140733161,1500.0,-4.814859266838994,1,53.0,50.0,-3.76,31.0,78.0,50.0,16.7,33.3,4.0,0.0,18.0,0.0,0.35,60.0,100.0,100.0,0.0,0.0,-2.0,0.16000000000000003,-0.0,-0.0,-1.6666666666666667
12,2021-1446-alonzo menifield--william knight,2021,0,504,877,Alonzo Menifield,william knight,205,185,0,20.0,1500.0770294294957,1500.0,0.07702942949572389,0,53.0,50.0,-3.76,31.0,78.0,50.0,16.7,33.3,4.0,0.0,18.0,0.0,0.35,60.0,100.0,100.0,0.0,0.0,-2.0,0.16000000000000003,-0.0,-0.0,-1.6666666666666667
12,2021-1447-amir albazi--zhalgas zhumagulov,2021,0,853,966,Amir Albazi,zhalgas zhumagulov,125,185,0,-60.0,1503.65625,1500.0,3.65625,1,34.0,61.0,-3.71,32.0,50.0,20.0,40.0,40.0,4.0,0.0,6.0,0.0,0.35,100.0,100.0,0.0,100.0,0.0,1.0,1.0,-0.0,-0.0,0.0
12,2021-1448-anderson dos santos--miles johns,2021,0,766,967,Miles Johns,anderson dos santos,135,185,0,-50.0,1494.7573095866805,1500.0,-5.242690413319451,1,44.0,66.0,-2.99,26.0,83.0,28.6,0.0,71.4,0.0,0.0,11.0,0.0,0.35,75.0,33.333333333333336,33.333333333333336,0.0,0.0,-1.0,0.4,-0.0,-0.0,0.5
12,2021-1449-andre ewell--charles jourdain,2021,0,613,757,andre ewell,Charles Jourdain,185,135,0,50.0,1500.0,1471.2755250842092,28.72447491579078,0,-48.0,-56.0,4.27,-21.0,-47.0,-28.500000000000007,-42.9,-28.6,0.0,0.0,-15.0,0.0,-0.35,-33.333333333333336,-100.0,-100.0,0.0,0.0,2.0,-0.16000000000000003,-0.0,-0.0,1.6666666666666667
12,2021-1450-andre ewell--chris gutierrez,2021,0,613,646,andre ewell,Chris Gutierrez,185,135,0,50.0,1500.0,1514.8384252683659,-14.838425268365881,0,-58.0,-63.0,2.65,-25.0,-70.0,-30.0,0.0,-70.0,-2.0,0.0,-14.0,0.0,-0.35,-75.0,-33.333333333333336,-33.333333333333336,0.0,0.0,-3.0,-0.9359999999999999,-0.0,-0.0,-2.3333333333333335
12,2021-1451-andre muniz--eryk anders,2021,0,554,614,Eryk Anders,Andre Muniz,185,185,1,0.0,1449.08902866438,1526.7725989202818,-77.68357025590171,0,-1.0,-1.0,-1.7599999999999998,-25.0,45.0,55.6,-50.0,-5.600000000000001,-1.0,0.0,7.0,0.0,0.0,-60.0,0.0,50.0,-50.0,0.0,-6.0,-0.8655999999999999,7.0,7.0,-2.966666666666667
12,2021-1452-andre muniz--jacare souza,2021,0,570,614,jacare souza,Andre Muniz,185,185,1,0.0,1500.0,1545.200399629969,-45.20039962996907,0,-49.0,-51.0,2.33,-49.0,-35.0,0.0,-50.0,-50.0,-1.0,0.0,-11.0,0.0,-0.35,-100.0,-50.0,0.0,-50.0,0.0,-4.0,-1.0,-0.0,-0.0,-1.5
12,2021-1453-andre petroski--hu yaozong,2021,0,968,969,Andre Petroski,hu yaozong,185,185,1,0.0,1500.0,1500.0,0.0,1,49.0,52.0,-2.75,51.0,86.0,12.5,25.0,62.5,0.0,0.0,11.0,0.0,0.0,0.0,0.0,0.0,0.0,0.0,0.0,0.0,-0.0,-0.0,0.0
12,2021-1454-andre petroski--micheal gillmore,2021,0,968,970,Andre Petroski,micheal gillmore,185,185,1,0.0,1504.875,1500.0,4.875,1,49.0,52.0,-2.75,51.0,86.0,12.5,25.0,62.5,0.0,0.0,11.0,0.0,0.0,0.0,0.0,0.0,0.0,0.0,0.0,0.0,-0.0,-0.0,0.0
12,2021-1455-andrei arlovski--tom aspinall,2021,0,507,843,andrei arlovski,Tom Aspinall,185,265,0,-80.0,1500.0,1507.2996752852591,-7.299675285259127,0,-67.0,-65.0,2.89,-100.0,-100.0,-75.0,-25.0,0.0,-5.0,-2.0,-9.0,0.0,-0.35,-100.0,-100.0,-100.0,0.0,0.0,-2.0,-1.0,-0.0,-0.0,0.0
12,2021-1456-ange loosa--jack della maddalena,2021,0,971,972,Jack Della Maddalena,ange loosa,170,185,0,-15.0,1500.0,1500.0,0.0,1,52.0,64.0,-4.53,11.0,69.0,44.49999999999999,11.1,44.4,3.0,1.0,9.0,0.0,0.0,0.0,0.0,0.0,0.0,0.0,0.0,0.0,-0.0,-0.0,0.0
12,2021-1457-anthony hernandez--rodolfo vieira,2021,0,731,833,Anthony Hernandez,Rodolfo Vieira,185,185,1,0.0,1472.5406887370948,1505.968423419727,-33.42773468263226,1,7.0,-2.0,1.5900000000000003,25.0,-32.0,22.2,-27.699999999999996,5.5,4.0,0.0,2.0,0.0,0.0,-66.66666666666666,0.0,0.0,0.0,0.0,-4.0,-0.84,-0.0,-0.0,0.0
12,2021-1458-anthony smith--jimmy crute,2021,0,618,640,anthony smith,Jimmy Crute,185,205,0,-20.0,1500.0,1506.5160648218073,-6.5160648218072765,1,-52.0,-42.0,3.68,-52.0,-58.0,-50.0,-50.0,0.0,0.0,0.0,-12.0,0.0,-0.35,-80.0,-100.0,-75.0,-25.0,0.0,-3.0,-0.9616,-5.0,-5.0,0.0
12,2021-1459-anthony smith--ryan spann,2021,0,582,618,Ryan Spann,anthony smith,205,185,0,20.0,1506.4332563344738,1500.0,6.433256334473754,0,39.0,43.0,-4.14,34.0,52.0,30.0,50.0,20.0,3.0,0.0,17.0,0.0,0.35,80.0,75.0,25.0,50.0,0.0,1.0,0.76,9.0,9.0,1.6666666666666667
12,2021-1460-antonio arroyo--joaquin buckley,2021,0,728,918,antonio arroyo,Joaquin Buckley,185,170,0,15.0,1500.0,1465.3074273977702,34.6925726022298,0,-36.0,-59.0,2.93,-45.0,-72.0,-72.7,0.0,-27.3,-4.0,0.0,-16.0,0.0,-0.35,-66.66666666666667,-100.0,-100.0,0.0,0.0,1.0,-0.4,-0.0,-0.0,0.0
12,2021-1461-antonio carlos junior--brad tavares,2021,0,309,386,brad tavares,antonio carlos junior,185,185,1,0.0,1507.4927256002873,1500.0,7.492725600287258,1,43.0,54.0,-3.36,26.0,81.0,12.5,0.0,87.5,6.0,0.0,27.0,0.0,0.2,60.0,33.333333333333336,33.333333333333336,0.0,0.0,-1.0,0.30400000000000005,6.0,8.25,1.0
12,2021-1462-aoriqileng--cody durden,2021,0,880,973,Cody Durden,Aoriqileng,125,135,0,-10.0,1481.71875,1500.0,-18.28125,1,-5.0,2.0,1.1100000000000003,1.0,15.0,-16.699999999999992,16.7,0.0,1.0,0.0,6.0,0.0,0.35,0.0,0.0,0.0,0.0,0.0,-1.0,0.0,-0.0,-0.0,0.0
12,2021-1463-aoriqileng--jeff molina,2021,0,973,974,Aoriqileng,jeff molina,135,185,0,-50.0,1476.8243701079098,1500.0,-23.175629892090228,0,49.0,48.0,-5.46,46.0,58.0,33.3,0.0,66.7,0.0,0.0,7.0,0.0,0.0,0.0,0.0,0.0,0.0,0.0,0.0,0.0,-0.0,-0.0,0.0
12,2021-1464-arman tsarukyan--christos giagos,2021,0,226,733,christos giagos,Arman Tsarukyan,185,155,0,30.0,1500.0,1501.460347581322,-1.460347581321912,0,-48.0,-53.0,1.84,-37.0,-75.0,-44.4,0.0,-55.6,-6.0,0.0,-11.0,0.0,-0.35,-66.66666666666667,0.0,0.0,0.0,0.0,-1.0,-0.76,-0.0,-0.0,-0.3333333333333333
12,2021-1465-arman tsarukyan--matt frevola,2021,0,586,733,Matt Frevola,Arman Tsarukyan,155,155,1,0.0,1507.1634794574124,1526.7837098427594,-19.620230385346986,0,-8.0,4.0,-1.8499999999999999,2.0,-39.0,5.600000000000001,16.7,-22.300000000000004,-5.0,0.0,1.0,0.0,-0.14999999999999997,8.333333333333329,33.333333333333336,0.0,33.333333333333336,0.0,1.0,0.14400000000000002,-0.0,-0.0,1.6666666666666667
12,2021-1466-arnold allen--sodiq yusuff,2021,0,297,705,Arnold Allen,Sodiq Yusuff,145,155,0,-10.0,1566.83517065664,1530.5059555554662,36.32921510117376,1,-8.0,8.0,1.4100000000000001,24.0,13.0,-10.400000000000002,3.8999999999999986,6.5,2.0,0.0,2.0,0.0,0.0,0.0,-20.0,-40.0,20.0,0.0,0.0,0.0,-0.0,-0.0,1.7555555555555555
12,2021-1467-augusto sakai--tai tuivasa,2021,0,593,737,Tai Tuivasa,augusto sakai,265,185,0,80.0,1487.3441716101797,1500.0,-12.655828389820272,1,46.0,44.0,-5.18,0.0,57.0,87.5,0.0,12.5,3.0,0.0,16.0,0.0,0.35,60.0,66.66666666666667,66.66666666666667,0.0,0.0,1.0,0.664,9.25,8.0,-0.6666666666666667
12,2021-1468-austin hubbard--dakota bush,2021,0,739,975,Austin Hubbard,dakota bush,155,185,0,-30.0,1456.7626655720203,1500.0,-43.237334427979704,1,42.0,55.0,-4.1,28.0,68.0,25.0,0.0,75.0,0.0,0.0,12.0,0.0,0.35,40.0,50.0,50.0,0.0,0.0,-1.0,0.2656,-0.0,-0.0,-1.0
12,2021-1469-austin hubbard--vinc pichel,2021,0,690,739,vinc pichel,Austin Hubbard,185,155,0,30.0,1500.0,1465.603080187821,34.39691981217902,1,-42.0,-55.0,4.1,-28.0,-68.0,-25.0,0.0,-75.0,0.0,0.0,-12.0,0.0,-0.35,-40.0,-50.0,-50.0,0.0,0.0,1.0,-0.2656,-0.0,-0.0,1.0
12,2021-1470-azamat murzakanov--matheus scheffel,2021,0,976,977,Azamat Murzakanov,matheus scheffel,205,185,0,20.0,1500.0,1500.0,0.0,1,57.0,61.0,-2.86,15.0,83.0,83.3,0.0,16.7,3.0,0.0,6.0,0.0,0.0,0.0,0.0,0.0,0.0,0.0,0.0,0.0,-0.0,-0.0,0.0
12,2021-1471-bartosz fabinski--gerald meerschaert,2021,0,439,855,Gerald Meerschaert,bartosz fabinski,185,185,1,0.0,1442.7947550670308,1500.0,-57.20524493296921,1,45.0,53.0,-3.49,30.0,42.0,8.3,91.7,0.0,0.0,0.0,24.0,0.0,0.35,40.0,100.0,0.0,100.0,0.0,1.0,0.6255999999999999,7.0,7.0,-1.3333333333333335
12,2021-1472-belal muhammad--demian maia,2021,0,323,366,demian maia,Belal Muhammad,185,170,0,15.0,1500.0,1521.8395502457874,-21.83955024578745,0,-43.0,-55.0,3.78,-38.0,-90.0,-13.3,-6.7,-80.0,-6.0,-1.0,-19.0,0.0,-0.35,-80.0,-25.0,0.0,-25.0,0.0,-1.0,-0.76,-0.0,-0.0,-1.3333333333333333
12,2021-1473-belal muhammad--dhiego lima,2021,0,327,366,dhiego lima,Belal Muhammad,185,170,0,15.0,1500.0,1571.5650410574801,-71.56504105748013,0,-43.0,-55.0,3.78,-38.0,-90.0,-13.3,-6.7,-80.0,-6.0,-1.0,-19.0,0.0,-0.35,-80.0,-25.0,0.0,-25.0,0.0,-1.0,-0.76,-0.0,-0.0,-1.3333333333333333
12,2021-1474-belal muhammad--stephen thompson,2021,0,131,366,Stephen Thompson,Belal Muhammad,170,170,1,0.0,1597.0706003323871,1611.5936882154729,-14.523087883085736,0,3.0,-1.0,0.7799999999999998,-3.0,-27.0,36.7,-6.7,-30.0,1.0,-1.0,3.0,0.0,0.0,-40.0,-25.0,0.0,-25.0,1.0,0.0,-0.06400000000000006,15.2,9.75,0.3999999999999999
12,2021-1475-ben rothwell--chris barnett,2021,0,863,978,ben rothwell,Chris Barnett,185,265,0,-80.0,1500.0,1500.0,0.0,1,-47.0,-39.0,6.53,0.0,-33.0,-100.0,0.0,0.0,0.0,0.0,-5.0,0.0,0.0,0.0,0.0,0.0,0.0,0.0,0.0,0.0,-0.0,-0.0,0.0
12,2021-1476-beneil dariush--diego ferreira,2021,0,219,224,Beneil Dariush,Diego Ferreira,155,155,1,0.0,1565.9229312103355,1579.5619334536993,-13.639002243363848,1,9.0,2.0,0.8500000000000001,8.0,25.0,-32.300000000000004,9.399999999999999,22.9,8.0,0.0,8.0,0.0,0.0,-20.0,40.0,10.0,30.0,0.0,-1.0,-0.025600000000000067,-3.6999999999999993,-4.0,1.7333333333333332
12,2021-1477-beneil dariush--tony ferguson,2021,0,154,219,tony ferguson,Beneil Dariush,185,155,0,30.0,1500.0,1614.9491587821597,-114.94915878215966,0,-49.0,-57.0,2.61,-38.0,-82.0,-17.699999999999996,-29.4,-52.9,-9.0,0.0,-24.0,0.0,-0.35,-80.0,-100.0,-50.0,-50.0,0.0,-4.0,-0.9743999999999999,-8.8,-7.0,-2.4
12,2021-1478-benoit saint denis--elizeu zaleski dos santos,2021,0,331,979,Elizeu Zaleski dos Santos,Benoit Saint Denis,170,155,0,15.0,1523.2767093816742,1500.0,23.27670938167421,1,-14.0,13.0,0.6300000000000003,-17.0,-3.0,-6.5,-48.0,54.5,-2.0,0.0,8.0,0.0,0.35,60.0,66.66666666666667,33.333333333333336,33.333333333333336,0.0,1.0,0.7216,6.0,6.0,0.8
12,2021-1479-bill algeo--ricardo ramos,2021,0,484,980,Ricardo Ramos,bill algeo,145,185,0,-40.0,1503.471767344852,1500.0,3.471767344851969,1,36.0,54.0,-4.06,57.0,70.0,25.0,12.5,62.5,0.0,0.0,14.0,0.0,0.35,60.0,33.333333333333336,0.0,33.333333333333336,0.0,-2.0,0.16000000000000003,8.0,8.0,1.888888888888889
12,2021-1480-billy quarantillo--gabriel benitez,2021,0,302,743,gabriel benitez,Billy Quarantillo,185,145,0,40.0,1500.0,1490.0648482581396,9.935151741860409,0,-54.0,-42.0,5.83,-24.0,-61.0,-57.1,-14.3,-28.6,0.0,0.0,-12.0,0.0,-0.35,-80.0,-75.0,-50.0,-25.0,0.0,-2.0,-0.904,-0.0,-0.0,1.0
12,2021-1481-billy quarantillo--shane burgos,2021,0,635,743,shane burgos,Billy Quarantillo,185,145,0,40.0,1500.0,1499.884531199991,0.11546880000901183,1,-54.0,-42.0,5.83,-24.0,-61.0,-57.1,-14.3,-28.6,0.0,0.0,-12.0,0.0,-0.35,-80.0,-75.0,-50.0,-25.0,0.0,-2.0,-0.904,-0.0,-0.0,1.0
12,2021-1482-brad riddell--drew dober,2021,0,32,749,Drew Dober,Brad Riddell,155,185,0,-30.0,1520.3746006693718,1500.0,20.37460066937183,0,40.0,51.0,-4.33,17.0,56.0,71.5,7.1,21.4,1.0,0.0,25.0,0.0,0.35,80.0,75.0,75.0,0.0,0.0,2.0,0.904,5.0,5.0,0.3333333333333333
12,2021-1483-brad riddell--rafael fiziev,2021,0,722,749,Rafael Fiziev,Brad Riddell,155,185,0,-30.0,1509.442315560071,1500.0,9.442315560070938,1,52.0,50.0,-4.77,72.0,90.0,42.9,0.0,57.1,3.0,0.0,11.0,0.0,0.35,75.0,33.333333333333336,33.333333333333336,0.0,0.0,2.0,0.904,-0.0,-0.0,2.0
12,2021-1484-brad tavares--omari akhmedov,2021,0,261,309,omari akhmedov,brad tavares,185,185,1,0.0,1500.0,1534.030561706658,-34.03056170665809,0,-43.0,-54.0,3.36,-26.0,-81.0,-12.5,0.0,-87.5,-6.0,0.0,-27.0,0.0,-0.2,-60.0,-33.333333333333336,-33.333333333333336,0.0,0.0,1.0,-0.30400000000000005,-6.0,-8.25,-1.0
12,2021-1485-brady hiestand--ricky turcios,2021,0,520,981,Ricky Turcios,Brady Hiestand,135,135,1,0.0,1495.21435546875,1500.0,-4.78564453125,1,-10.0,1.0,0.029999999999999805,-26.0,2.0,-33.400000000000006,-33.3,66.7,0.0,0.0,2.0,0.0,0.2,0.0,0.0,0.0,0.0,0.0,-1.0,0.0,-0.0,-0.0,0.0
12,2021-1486-brandon jenkins--rongzhu,2021,0,982,983,Rongzhu,brandon jenkins,155,185,0,-30.0,1500.0,1500.0,0.0,1,51.0,52.0,-5.44,62.0,84.0,33.3,16.7,50.0,0.0,1.0,9.0,0.0,0.0,0.0,0.0,0.0,0.0,0.0,0.0,0.0,-0.0,-0.0,0.0
12,2021-1487-brandon moreno--deiveson figueiredo,2021,1,390,539,Brandon Moreno,Deiveson Figueiredo,125,135,0,-10.0,1643.3211506743369,1766.1554765529017,-122.83432587856487,1,-10.0,11.0,0.020000000000000018,9.0,6.0,-3.5,-3.5,7.0,-1.0,0.0,-1.0,0.0,0.0,0.0,-25.0,0.0,-25.0,-2.0,0.0,0.0,-3.5999999999999996,-5.0,-1.2666666666666666
12,2021-1488-brendan allen--chris curtis,2021,0,642,713,Chris Curtis,Brendan Allen,170,185,0,-15.0,1501.740234375,1502.41031632974,-0.6700819547399988,1,-3.0,7.0,-2.2300000000000004,-41.0,26.0,49.900000000000006,-57.1,7.199999999999996,-3.0,0.0,-7.0,0.0,-0.14999999999999997,20.0,25.0,75.0,-50.0,0.0,-1.0,0.09599999999999997,-0.0,-0.0,-2.0
12,2021-1489-brendan allen--karl roberson,2021,0,581,713,karl roberson,Brendan Allen,185,185,1,0.0,1500.0,1478.0235636278896,21.976436372110356,0,-53.0,-47.0,3.96,-41.0,-56.0,-7.199999999999994,-57.1,-35.7,-5.0,0.0,-18.0,0.0,-0.35,-80.0,-75.0,-25.0,-50.0,0.0,-2.0,-0.904,-0.0,-0.0,-2.0
12,2021-1490-brendan allen--punahele soriano,2021,0,713,802,Brendan Allen,Punahele Soriano,185,170,0,15.0,1482.9755509014872,1504.016824590477,-21.041273688989804,1,0.0,-1.0,-0.08000000000000007,-15.0,19.0,-59.50000000000001,57.1,2.4000000000000057,5.0,0.0,8.0,0.0,0.14999999999999997,-20.0,25.0,-25.0,50.0,0.0,0.0,-0.09599999999999997,-0.0,-0.0,2.0
12,2021-1491-brian kelleher--ricky simon,2021,0,523,549,brian kelleher,Ricky Simon,185,135,0,50.0,1500.0,1515.91076570331,-15.910765703310062,0,-44.0,-61.0,3.72,-43.0,-75.0,-18.2,-27.3,-54.5,-3.0,0.0,-16.0,0.0,-0.35,-60.0,-33.333333333333336,0.0,-33.333333333333336,0.0,-2.0,-0.8655999999999999,-6.666666666666666,-6.666666666666666,-1.2666666666666666
12,2021-1492-bruno silva--wellington turman,2021,0,813,870,Wellington Turman,bruno silva,170,185,0,-15.0,1481.4523539318996,1500.0,-18.54764606810045,0,51.0,45.0,-4.17,20.0,42.0,0.0,33.3,66.7,0.0,0.0,9.0,0.0,0.35,33.333333333333336,0.0,0.0,0.0,0.0,-2.0,0.16000000000000003,-0.0,-0.0,1.0
12,2021-1493-bruno souza--melsik baghdasaryan,2021,0,891,984,Melsik Baghdasaryan,bruno souza,145,185,0,-40.0,1502.68125,1500.0,2.681250000000091,1,59.0,56.0,-3.14,0.0,72.0,25.0,0.0,75.0,0.0,0.0,6.0,0.0,0.35,100.0,0.0,0.0,0.0,0.0,1.0,1.0,-0.0,-0.0,0.0
12,2021-1494-bryan battle--gilbert urbina,2021,0,985,986,Bryan Battle,Gilbert Urbina,185,170,0,15.0,1500.0,1500.0,0.0,1,-56.0,-44.0,4.62,-44.0,0.0,-100.0,0.0,0.0,0.0,0.0,-4.0,0.0,0.0,0.0,0.0,0.0,0.0,0.0,0.0,0.0,-0.0,-0.0,0.0
12,2021-1495-caio borralho--jesse murray,2021,0,953,987,Caio Borralho,jesse murray,185,185,1,0.0,1511.9083333333333,1500.0,11.908333333333303,1,56.0,60.0,-2.5,48.0,76.0,22.2,11.1,66.7,2.0,0.0,10.0,0.0,0.0,0.0,0.0,0.0,0.0,0.0,0.0,0.0,-0.0,-0.0,0.0
12,2021-1496-calvin kattar--max holloway,2021,0,137,506,Max Holloway,Calvin Kattar,145,145,1,0.0,1678.2199682007367,1596.85230888831,81.36765931242667,1,11.0,5.0,1.8099999999999996,24.0,6.0,-9.300000000000004,8.7,0.6000000000000014,11.0,5.0,16.0,0.0,0.0,-40.0,-25.0,-25.0,0.0,5.0,-5.0,-0.84,1.0,5.75,-0.5666666666666667
12,2021-1497-carlos condit--max griffin,2021,0,123,410,carlos condit,Max Griffin,185,170,0,15.0,1500.0,1459.1020125083014,40.897987491698586,0,-47.0,-58.0,3.7,-40.0,-70.0,-37.5,0.0,-62.5,0.0,0.0,-18.0,0.0,-0.35,-40.0,-50.0,-50.0,0.0,0.0,1.0,-0.2784,-0.0,-0.0,0.0
12,2021-1498-carlos felipe--justin tafa,2021,0,811,873,Justin Tafa,carlos felipe,265,185,0,80.0,1492.095357107843,1500.0,-7.904642892156971,0,54.0,47.0,-5.11,0.0,53.0,100.0,0.0,0.0,0.0,0.0,9.0,0.0,0.35,50.0,100.0,100.0,0.0,0.0,1.0,0.6,-0.0,-0.0,0.0
12,2021-1499-carlos hernandez--daniel barez,2021,0,988,989,carlos hernandez,Daniel Barez,185,125,0,60.0,1500.0,1500.0,0.0,1,-49.0,-50.0,5.95,-28.0,-80.0,0.0,0.0,-100.0,0.0,0.0,-4.0,0.0,0.0,0.0,0.0,0.0,0.0,0.0,0.0,0.0,-0.0,-0.0,0.0
12,2021-1500-carlos ulberg--kennedy nzechukwu,2021,0,508,867,Kennedy Nzechukwu,Carlos Ulberg,265,205,0,60.0,1500.2180531363613,1503.65625,-3.438196863638723,1,-9.0,0.0,-0.6799999999999997,-15.0,-5.0,14.399999999999999,-1.0999999999999996,-13.299999999999997,0.0,0.0,6.0,0.0,-0.14999999999999997,-25.0,-66.66666666666666,-66.66666666666666,0.0,0.0,-2.0,-0.6,-0.0,-0.0,1.1666666666666667
12,2021-1501-carlston harris--christian aguilera,2021,0,876,990,christian aguilera,Carlston Harris,185,170,0,15.0,1500.0,1500.0,0.0,0,-43.0,-54.0,3.46,-22.0,-55.0,-25.0,-50.0,-25.0,0.0,0.0,-7.0,0.0,0.0,0.0,0.0,0.0,0.0,0.0,0.0,0.0,-0.0,-0.0,0.0
12,2021-1502-carlston harris--impa kasanganay,2021,0,919,990,impa kasanganay,Carlston Harris,185,170,0,15.0,1500.0,1504.875,-4.875,0,-43.0,-54.0,3.46,-22.0,-55.0,-25.0,-50.0,-25.0,0.0,0.0,-7.0,0.0,0.0,0.0,0.0,0.0,0.0,0.0,0.0,0.0,-0.0,-0.0,0.0
12,2021-1503-casey kenney--song yadong,2021,0,514,845,Song Yadong,casey kenney,135,185,0,-50.0,1545.457981565443,1500.0,45.457981565443106,1,43.0,55.0,-4.0,38.0,73.0,45.400000000000006,9.1,45.5,7.0,0.0,15.0,0.0,0.35,100.0,60.0,40.0,20.0,0.0,5.0,1.0,5.5,5.5,2.0
12,2021-1504-chad anheliger--muin gafurov,2021,0,991,992,Chad Anheliger,Muin Gafurov,135,135,1,0.0,1500.0,1500.0,0.0,1,1.0,1.0,-0.5499999999999998,4.0,-32.0,33.3,0.0,-33.3,0.0,0.0,1.0,0.0,0.0,0.0,0.0,0.0,0.0,0.0,0.0,0.0,-0.0,-0.0,0.0
12,2021-1505-chan sung jung--dan ige,2021,0,535,639,Dan Ige,chan sung jung,145,185,0,-40.0,1520.410306286948,1500.0,20.41030628694807,0,45.0,56.0,-3.56,25.0,56.0,41.599999999999994,16.7,41.7,6.0,0.0,21.0,0.0,0.35,80.0,25.0,0.0,25.0,0.0,2.0,0.904,11.5,11.5,-0.2666666666666667
12,2021-1506-charles jourdain--julian erosa,2021,0,352,757,Julian Erosa,Charles Jourdain,145,135,0,10.0,1466.6740644002427,1490.2335779359848,-23.5595135357421,1,0.0,-8.0,-2.0,22.0,14.0,1.499999999999993,-2.8999999999999986,1.3999999999999986,0.0,0.0,3.0,0.0,0.0,6.666666666666664,0.0,-50.0,50.0,0.0,3.0,0.47839999999999994,-0.0,-0.0,0.6666666666666667
12,2021-1507-charles jourdain--marcelo rojo,2021,0,757,993,Charles Jourdain,marcelo rojo,135,185,0,-50.0,1465.445994569683,1500.0,-34.55400543031692,1,48.0,56.0,-4.27,21.0,47.0,28.500000000000007,42.9,28.6,0.0,0.0,15.0,0.0,0.35,33.333333333333336,100.0,100.0,0.0,0.0,-2.0,0.16000000000000003,-0.0,-0.0,-1.6666666666666667
12,2021-1508-charles oliveira--dustin poirier,2021,1,63,136,Charles Oliveira,dustin poirier,155,185,0,-30.0,1703.1414738394978,1500.0,203.14147383949785,1,55.0,48.0,-3.26,39.0,56.0,17.4,69.6,13.0,13.0,2.0,34.0,0.0,0.35,100.0,80.0,40.0,40.0,0.0,5.0,1.0,12.8,10.25,1.111111111111111
12,2021-1509-charles oliveira--michael chandler,2021,1,55,63,Michael Chandler,Charles Oliveira,155,155,1,0.0,1500.2215293303288,1847.0926748957438,-346.87114556541496,0,-6.0,-5.0,-1.2599999999999998,2.0,5.0,57.6,-44.599999999999994,-13.0,-11.0,-2.0,-25.0,0.0,-0.35,0.0,20.0,10.0,10.0,0.0,-3.0,0.0,-12.8,-10.25,-1.111111111111111
12,2021-1510-charlie ontiveros--steve garcia,2021,0,784,874,Steve Garcia,charlie ontiveros,145,185,0,-40.0,1477.6091758817488,1500.0,-22.390824118251203,1,48.0,57.0,-2.2,40.0,88.0,87.5,0.0,12.5,1.0,0.0,10.0,0.0,0.35,50.0,100.0,100.0,0.0,0.0,-1.0,0.4,-0.0,-0.0,-3.0
12,2021-1511-chase hooper--steven peterson,2021,0,636,721,Chase Hooper,steven peterson,155,185,0,-30.0,1482.357811314909,1500.0,-17.642188685091014,0,49.0,39.0,-2.98,33.0,55.0,22.300000000000008,44.4,33.3,0.0,0.0,13.0,0.0,0.35,75.0,66.66666666666667,33.333333333333336,33.333333333333336,0.0,-1.0,0.4,-0.0,-0.0,-1.5
12,2021-1512-chidi njokuani--mario sousa,2021,0,994,995,Chidi Njokuani,mario sousa,170,185,0,-15.0,1500.0,1500.0,0.0,1,62.0,57.0,-2.64,0.0,73.0,66.7,0.0,33.3,0.0,0.0,10.0,0.0,0.0,0.0,0.0,0.0,0.0,0.0,0.0,0.0,-0.0,-0.0,0.0
12,2021-1513-chris barnett--gian villante,2021,0,798,978,gian villante,Chris Barnett,185,265,0,-80.0,1500.0,1475.625,24.375,0,-47.0,-39.0,6.53,0.0,-33.0,-100.0,0.0,0.0,0.0,0.0,-5.0,0.0,0.0,0.0,0.0,0.0,0.0,0.0,0.0,0.0,-0.0,-0.0,0.0
12,2021-1514-chris curtis--phil hawes,2021,0,642,920,Chris Curtis,phil hawes,170,185,0,-15.0,1506.6175849153701,1500.0,6.6175849153701165,1,50.0,54.0,-6.19,0.0,82.0,57.1,0.0,42.9,2.0,0.0,11.0,0.0,0.2,100.0,100.0,100.0,0.0,0.0,1.0,1.0,-0.0,-0.0,0.0
12,2021-1515-chris daukaus--derrick lewis,2021,0,243,996,Derrick Lewis,chris daukaus,265,185,0,80.0,1657.8504726202611,1500.0,157.85047262026114,1,50.0,40.0,-2.49,26.0,52.0,80.0,0.0,20.0,14.0,0.0,30.0,0.0,0.35,80.0,50.0,50.0,0.0,0.0,2.0,0.904,10.0,10.6,1.3333333333333335
12,2021-1516-chris duncan--viacheslav borshchev,2021,0,997,998,Viacheslav Borshchev,Chris Duncan,155,155,1,0.0,1500.0,1500.0,0.0,1,10.0,6.0,-0.20000000000000018,-42.0,-8.0,58.3,-33.3,-25.0,0.0,0.0,2.0,0.0,0.0,0.0,0.0,0.0,0.0,0.0,0.0,0.0,-0.0,-0.0,0.0
12,2021-1517-chris gruetzemacher--claudio puelles,2021,0,402,644,Claudio Puelles,chris gruetzemacher,155,185,0,-30.0,1513.9917638758093,1500.0,13.991763875809283,1,49.0,46.0,-2.78,36.0,60.0,0.0,60.0,40.0,0.0,0.0,8.0,0.0,0.2,66.66666666666667,50.0,0.0,50.0,1.0,2.0,0.84,-0.0,-0.0,5.0
12,2021-1518-chris gruetzemacher--rafa garcia,2021,0,644,999,chris gruetzemacher,Rafa Garcia,185,155,0,30.0,1500.0,1500.0,0.0,1,-43.0,-60.0,4.47,-43.0,-77.0,0.0,-20.0,-80.0,0.0,0.0,-9.0,0.0,0.0,0.0,0.0,0.0,0.0,0.0,0.0,0.0,-0.0,-0.0,0.0
12,2021-1519-chris gutierrez--felipe colares,2021,0,646,902,Chris Gutierrez,felipe colares,135,185,0,-50.0,1538.640041310287,1500.0,38.64004131028696,1,58.0,63.0,-2.65,25.0,70.0,30.0,0.0,70.0,2.0,0.0,14.0,0.0,0.35,75.0,33.333333333333336,33.333333333333336,0.0,0.0,3.0,0.9359999999999999,-0.0,-0.0,2.3333333333333335
12,2021-1520-christian rodriguez--reyes cortez jr,2021,0,1000,1001,Christian Rodriguez,reyes cortez jr,145,185,0,-40.0,1500.0,1500.0,0.0,1,50.0,56.0,-2.85,40.0,67.0,0.0,16.7,83.3,0.0,0.0,10.0,0.0,0.0,0.0,0.0,0.0,0.0,0.0,0.0,0.0,-0.0,-0.0,0.0
12,2021-1521-ciryl gane--derrick lewis,2021,1,243,761,Derrick Lewis,Ciryl Gane,265,265,1,0.0,1719.7124955591728,1669.2247129700079,50.48778258916491,0,-11.0,-21.0,-0.26000000000000023,1.0,9.0,40.0,-20.0,-20.0,7.0,-1.0,18.0,0.0,0.0,-20.0,-25.0,25.0,-50.0,0.0,-2.0,-0.09599999999999997,-3.0,-2.4000000000000004,-2.6666666666666665
12,2021-1522-ciryl gane--jairzinho rozenstruik,2021,0,761,1002,Ciryl Gane,jairzinho rozenstruik,265,185,0,80.0,1814.6896861207988,1500.0,314.6896861207988,1,61.0,61.0,-2.23,25.0,43.0,40.0,20.0,40.0,7.0,1.0,12.0,0.0,0.35,100.0,75.0,25.0,50.0,0.0,4.0,1.0,13.0,13.0,4.0
12,2021-1523-cj vergara--ode osbourne,2021,0,734,1003,Ode Osbourne,cj vergara,125,185,0,-60.0,1483.9983670986348,1500.0,-16.001632901365156,1,41.0,47.0,-3.43,30.0,66.0,50.0,16.7,33.3,0.0,0.0,13.0,0.0,0.35,50.0,100.0,0.0,100.0,0.0,-1.0,0.4,-0.0,-0.0,0.0
12,2021-1524-claudio puelles--jordan leavitt,2021,0,402,934,Claudio Puelles,Jordan Leavitt,155,155,1,0.0,1523.6436550443057,1507.2996752852591,16.343979759046533,1,-12.0,-11.0,-0.9899999999999998,6.0,30.0,-33.3,10.0,23.3,0.0,0.0,-1.0,0.0,-0.14999999999999997,-33.33333333333333,-50.0,-50.0,0.0,1.0,0.0,-0.16000000000000003,-0.0,-0.0,5.0
12,2021-1525-claudio silva--court mcgee,2021,0,67,227,Court McGee,claudio silva,170,185,0,-15.0,1427.31987788013,1500.0,-72.68012211987002,1,36.0,60.0,-3.65,24.0,70.0,0.0,27.3,72.7,0.0,1.0,24.0,0.0,0.35,20.0,0.0,0.0,0.0,0.0,-3.0,0.038400000000000004,-0.0,-0.0,-1.3333333333333335
12,2021-1526-clay guida--michael johnson,2021,0,66,81,clay guida,Michael Johnson,185,155,0,30.0,1500.0,1444.7639696944036,55.23603030559639,1,-39.0,-58.0,3.79,-38.0,-81.0,-37.5,0.0,-62.5,-3.0,0.0,-31.0,0.0,-0.35,-20.0,0.0,0.0,0.0,0.0,4.0,-0.025600000000000008,-9.2,-10.0,-0.8
12,2021-1527-cody brundage--nick maximov,2021,0,878,1004,Cody Brundage,nick maximov,185,185,1,0.0,1481.71875,1500.0,-18.28125,0,51.0,49.0,-2.72,46.0,68.0,60.0,20.0,0.0,0.0,0.0,13.0,0.0,0.35,0.0,0.0,0.0,0.0,0.0,-1.0,0.0,-0.0,-0.0,0.0
12,2021-1528-cody garbrandt--kai karafrance,2021,0,317,668,Cody Garbrandt,Kai Kara-France,135,125,0,10.0,1587.023601374899,1555.8467548082056,31.176846566693484,0,-1.0,-5.0,-0.3999999999999999,-3.0,0.0,29.200000000000003,0.0,-29.200000000000003,-4.0,1.0,3.0,0.0,0.0,-20.0,100.0,100.0,0.0,2.0,0.0,-0.10880000000000001,3.3999999999999995,4.866666666666666,0.4666666666666668
12,2021-1529-cody garbrandt--rob font,2021,0,260,317,Rob Font,Cody Garbrandt,135,135,1,0.0,1628.613859709795,1575.9874443120316,52.62641539776337,1,7.0,-2.0,-0.029999999999999805,7.0,-41.0,-16.700000000000003,8.3,8.400000000000006,6.0,-1.0,3.0,0.0,0.0,40.0,-50.0,-50.0,0.0,-2.0,2.0,0.3360000000000001,-3.6000000000000005,-0.2666666666666666,-2.5833333333333335
12,2021-1530-cody stamann--merab dvalishvili,2021,0,558,608,Merab Dvalishvili,cody stamann,135,185,0,-50.0,1588.8308349167771,1500.0,88.83083491677712,1,42.0,56.0,-2.48,35.0,82.0,7.7,7.7,84.6,9.0,3.0,15.0,0.0,0.35,80.0,0.0,0.0,0.0,0.0,4.0,0.9743999999999999,6.5,6.5,3.6666666666666665
12,2021-1531-colby covington--kamaru usman,2021,1,221,337,Colby Covington,Kamaru Usman,170,170,1,0.0,1673.1673427132746,1903.9839631634466,-230.81662045017197,0,-13.0,-1.0,-0.41999999999999993,-2.0,-21.0,0.0,10.5,-10.5,-5.0,-6.0,-2.0,0.0,0.0,-20.0,5.0,5.0,0.0,-1.0,-3.0,-0.09599999999999997,3.0,-1.0,-0.7333333333333338
12,2021-1532-collin anglin--melsik baghdasaryan,2021,0,881,891,collin anglin,Melsik Baghdasaryan,185,145,0,40.0,1500.0,1511.239706456904,-11.23970645690406,0,-59.0,-56.0,3.14,0.0,-72.0,-25.0,0.0,-75.0,0.0,0.0,-6.0,0.0,-0.35,-100.0,0.0,0.0,0.0,0.0,-1.0,-1.0,-0.0,-0.0,0.0
12,2021-1533-collin anglin--sean woodson,2021,0,816,881,Sean Woodson,collin anglin,145,185,0,-40.0,1494.2076180577217,1500.0,-5.792381942278325,1,46.0,58.0,-4.18,55.0,84.0,37.5,0.0,62.5,0.0,0.0,11.0,0.0,0.35,66.66666666666667,50.0,50.0,0.0,0.0,-1.0,0.4,-0.0,-0.0,3.3333333333333335
12,2021-1534-cory sandhagen--frankie edgar,2021,0,165,624,frankie edgar,Cory Sandhagen,185,135,0,50.0,1500.0,1641.656142557227,-141.65614255722699,0,-45.0,-56.0,3.34,-34.0,-63.0,-54.5,-9.1,-36.4,-8.0,0.0,-15.0,0.0,-0.35,-80.0,-50.0,-25.0,-25.0,0.0,1.0,-0.4,-16.5,-16.5,-1.6666666666666667
12,2021-1535-cory sandhagen--petr yan,2021,1,624,667,Cory Sandhagen,Petr Yan,135,135,1,0.0,1717.4034167939935,1676.342748844992,41.06066794900153,0,-9.0,-2.0,0.7999999999999998,-14.0,-22.0,18.1,9.1,-27.200000000000003,-1.0,-2.0,0.0,0.0,0.0,-20.0,-10.0,-35.0,25.0,-1.0,-6.0,-0.6,6.1,5.0,-0.6666666666666667
12,2021-1536-cory sandhagen--tj dillashaw,2021,0,530,624,tj dillashaw,Cory Sandhagen,185,135,0,50.0,1500.0,1698.2821495309636,-198.28214953096358,1,-45.0,-56.0,3.34,-34.0,-63.0,-54.5,-9.1,-36.4,-8.0,0.0,-15.0,0.0,-0.35,-80.0,-50.0,-25.0,-25.0,0.0,1.0,-0.4,-16.5,-16.5,-1.6666666666666667
12,2021-1537-cristian quinonez--xiao long,2021,0,1005,1006,Cristian Quinonez,Xiao Long,135,135,1,0.0,1500.0,1500.0,0.0,1,-6.0,5.0,-0.34999999999999964,12.0,5.0,16.700000000000003,0.0,-16.700000000000003,0.0,0.0,-2.0,0.0,0.0,0.0,0.0,0.0,0.0,0.0,0.0,0.0,-0.0,-0.0,0.0
12,2021-1538-cub swanson--darren elkins,2021,0,18,64,Cub Swanson,Darren Elkins,145,145,1,0.0,1527.7839922822575,1514.6709463563225,13.113045925935012,1,13.0,8.0,-0.6600000000000001,16.0,7.0,14.000000000000007,-5.800000000000001,-8.200000000000003,0.0,0.0,3.0,0.0,0.0,0.0,-50.0,50.0,-100.0,0.0,2.0,0.41759999999999997,2.999999999999999,2.333333333333333,0.8
12,2021-1539-cub swanson--giga chikadze,2021,0,18,627,Cub Swanson,Giga Chikadze,145,145,1,0.0,1532.6130155855215,1551.5182814353316,-18.90526584981012,0,9.0,-1.0,-0.52,17.0,-2.0,-2.5,10.0,-7.5,4.0,0.0,21.0,0.0,0.0,-60.0,30.0,30.0,0.0,0.0,-4.0,-0.30400000000000005,12.8,12.333333333333332,-1.616666666666667
12,2021-1540-curtis blaydes--derrick lewis,2021,0,243,405,Derrick Lewis,Curtis Blaydes,265,265,1,0.0,1712.2083501188542,1728.6452256306084,-16.436875511754124,1,0.0,-18.0,-0.4900000000000002,-22.0,21.0,22.9,0.0,-22.9,1.0,0.0,11.0,0.0,0.0,-20.0,10.0,10.0,0.0,0.0,-3.0,-0.09599999999999997,-3.0,-2.4000000000000004,-0.9166666666666665
12,2021-1541-curtis blaydes--jairzinho rozenstruik,2021,0,405,1002,Curtis Blaydes,jairzinho rozenstruik,265,185,0,80.0,1720.1188482291423,1500.0,220.11884822914226,1,50.0,58.0,-2.0,48.0,31.0,57.1,0.0,42.9,13.0,0.0,19.0,0.0,0.35,100.0,40.0,40.0,0.0,0.0,5.0,1.0,13.0,13.0,2.25
12,2021-1542-da woon jung--kennedy nzechukwu,2021,0,508,1007,Kennedy Nzechukwu,da woon jung,265,185,0,80.0,1505.1051134025602,1500.0,5.105113402560164,0,46.0,51.0,-4.89,45.0,80.0,70.0,10.0,20.0,0.0,0.0,16.0,0.0,0.2,75.0,33.333333333333336,33.333333333333336,0.0,0.0,-1.0,0.4,-0.0,-0.0,1.1666666666666667
12,2021-1543-dalcha lungiambula--marcandre barriault,2021,0,730,771,Marc-Andre Barriault,dalcha lungiambula,185,185,1,0.0,1464.2846518300776,1500.0,-35.715348169922436,1,47.0,50.0,-5.63,28.0,68.0,50.0,16.7,33.3,0.0,0.0,15.0,0.0,0.2,0.0,0.0,0.0,0.0,0.0,-3.0,0.0,-0.0,-0.0,-1.2222222222222223
12,2021-1544-damir hadzovic--yancy medeiros,2021,0,269,419,yancy medeiros,Damir Hadzovic,185,155,0,30.0,1500.0,1467.152061329923,32.84793867007693,0,-47.0,-59.0,3.74,-54.0,-34.0,-50.0,0.0,-50.0,0.0,0.0,-10.0,0.0,-0.35,-40.0,-50.0,-50.0,0.0,0.0,1.0,-0.2656,-13.0,-13.0,1.5555555555555554
12,2021-1545-dan hooker--islam makhachev,2021,0,235,295,Dan Hooker,Islam Makhachev,155,170,0,-15.0,1569.5158438288704,1556.9641622958272,12.551681533043165,0,-10.0,-10.0,-3.17,-19.0,-12.0,31.2,-35.7,4.5000000000000036,-1.0,-5.0,5.0,0.0,0.14999999999999997,-20.0,10.0,30.0,-20.0,0.0,-4.0,-0.24,8.0,7.5,-3.35
12,2021-1546-dan hooker--michael chandler,2021,0,55,235,Michael Chandler,Dan Hooker,155,155,1,0.0,1494.356464651915,1559.8183665734853,-65.46190192157019,1,1.0,-8.0,0.20000000000000018,7.0,-17.0,25.0,10.7,-35.7,-5.0,0.0,-13.0,0.0,-0.35,20.0,50.0,0.0,50.0,0.0,1.0,0.24,-13.0,-12.5,0.6
12,2021-1547-dan hooker--nasrat haqparast,2021,0,235,588,Dan Hooker,Nasrat Haqparast,155,155,1,0.0,1548.5211895408058,1510.9763736636787,37.54481587712712,1,3.0,-12.0,1.29,14.0,-6.0,30.0,14.3,-44.3,7.0,0.0,8.0,0.0,0.0,0.0,25.0,25.0,0.0,0.0,2.0,0.36,13.0,12.5,-2.1
12,2021-1548-dan ige--gavin tucker,2021,0,535,562,Dan Ige,Gavin Tucker,145,185,0,-40.0,1502.3021998836682,1500.0,2.3021998836682087,1,45.0,56.0,-3.56,25.0,56.0,41.599999999999994,16.7,41.7,6.0,0.0,21.0,0.0,0.35,80.0,25.0,0.0,25.0,0.0,2.0,0.904,11.5,11.5,-0.2666666666666667
12,2021-1549-dan ige--josh emmett,2021,0,461,535,Josh Emmett,Dan Ige,145,145,1,0.0,1590.7849440505304,1554.8649829613519,35.919961089178514,1,-10.0,4.0,-0.8999999999999999,12.0,-10.0,-1.5999999999999943,-16.7,18.299999999999997,1.0,0.0,-6.0,0.0,0.0,-20.0,41.66666666666667,66.66666666666667,-25.0,0.0,1.0,0.03199999999999992,-0.09999999999999964,-1.5,1.4666666666666668
12,2021-1550-daniel rodriguez--kevin lee,2021,0,205,776,kevin lee,Daniel Rodriguez,185,170,0,15.0,1500.0,1505.2306294692235,-5.230629469223459,0,-49.0,-57.0,5.4,-50.0,-64.0,-27.3,-9.1,-63.6,-3.0,0.0,-15.0,0.0,-0.35,-80.0,-50.0,-25.0,-25.0,0.0,-3.0,-0.9616,-0.0,-0.0,-0.4444444444444444
12,2021-1551-daniel rodriguez--mike perry,2021,0,494,776,mike perry,Daniel Rodriguez,185,170,0,15.0,1500.0,1539.4164864723382,-39.41648647233819,0,-49.0,-57.0,5.4,-50.0,-64.0,-27.3,-9.1,-63.6,-3.0,0.0,-15.0,0.0,-0.35,-80.0,-50.0,-25.0,-25.0,0.0,-3.0,-0.9616,-0.0,-0.0,-0.4444444444444444
12,2021-1552-daniel rodriguez--preston parsons,2021,0,776,1008,Daniel Rodriguez,Preston Parsons,170,170,1,0.0,1562.560537552078,1500.0,62.5605375520779,1,-2.0,3.0,-2.1500000000000004,14.0,-7.0,27.3,9.1,-36.4,3.0,0.0,9.0,0.0,0.35,80.0,50.0,25.0,25.0,0.0,3.0,0.9616,-0.0,-0.0,0.4444444444444444
12,2021-1553-daniel zellhuber--lucas almeida,2021,0,1009,1010,Daniel Zellhuber,Lucas Almeida,155,145,0,10.0,1500.0,1500.0,0.0,1,0.0,12.0,-0.8700000000000001,25.0,41.0,-50.0,25.0,25.0,0.0,0.0,1.0,0.0,0.0,0.0,0.0,0.0,0.0,0.0,0.0,0.0,-0.0,-0.0,0.0
12,2021-1554-danilo marques--kennedy nzechukwu,2021,0,508,1011,Kennedy Nzechukwu,danilo marques,265,185,0,80.0,1480.640580126737,1500.0,-19.35941987326305,1,46.0,51.0,-4.89,45.0,80.0,70.0,10.0,20.0,0.0,0.0,16.0,0.0,0.2,75.0,33.333333333333336,33.333333333333336,0.0,0.0,-1.0,0.4,-0.0,-0.0,1.1666666666666667
12,2021-1555-danny chavez--jared gordon,2021,0,567,1012,Jared Gordon,danny chavez,155,185,0,-30.0,1498.7132758943412,1500.0,-1.2867241056587773,1,55.0,56.0,-3.91,32.0,62.0,33.3,0.0,66.7,0.0,0.0,15.0,0.0,0.35,40.0,0.0,0.0,0.0,0.0,2.0,0.84,7.0,7.0,3.111111111111111
12,2021-1556-darren elkins--darrick minner,2021,0,64,889,Darren Elkins,darrick minner,145,185,0,-40.0,1490.5258298400024,1500.0,-9.474170159997584,1,38.0,51.0,-3.34,34.0,56.0,20.999999999999993,15.8,63.2,7.0,0.0,30.0,0.0,0.35,40.0,100.0,0.0,100.0,0.0,-1.0,0.2784,9.8,10.0,-0.33333333333333337
12,2021-1557-darren stewart--dustin jacoby,2021,0,96,656,Dustin Jacoby,darren stewart,205,185,0,20.0,1503.769090418009,1500.0,3.769090418009,1,47.0,57.0,-4.02,25.0,62.0,60.0,0.0,40.0,2.0,0.0,17.0,0.0,0.35,50.0,50.0,50.0,0.0,0.0,2.0,0.84,-0.0,-0.0,-1.5
12,2021-1558-darren stewart--eryk anders,2021,0,554,656,Eryk Anders,darren stewart,185,185,1,0.0,1426.054277777271,1500.0,-73.94572222272905,1,48.0,50.0,-4.09,24.0,80.0,55.6,0.0,44.4,0.0,0.0,18.0,0.0,0.35,40.0,50.0,50.0,0.0,0.0,-2.0,0.13440000000000002,7.0,7.0,-1.4666666666666668
12,2021-1559-davey grant--jonathan martinez,2021,0,168,617,Davey Grant,Jonathan Martinez,135,135,1,0.0,1475.211694660013,1499.510866278118,-24.299171618104992,1,-5.0,-1.0,0.34999999999999964,5.0,-5.0,-2.5,12.5,-10.0,-1.0,0.0,-1.0,0.0,0.0,-20.0,-16.666666666666664,-16.666666666666664,0.0,0.0,3.0,0.47839999999999994,-0.0,-0.0,2.0833333333333335
12,2021-1560-davey grant--marlon vera,2021,0,168,280,Davey Grant,Marlon Vera,135,135,1,0.0,1480.1717936687412,1495.767939308338,-15.596145639596898,0,-5.0,5.0,1.63,1.0,-9.0,-9.099999999999994,-14.2,23.3,-6.0,0.0,-10.0,0.0,0.0,0.0,-66.66666666666666,-33.333333333333336,-33.333333333333336,0.0,3.0,0.5743999999999999,-10.0,-8.333333333333334,4.633333333333333
12,2021-1561-david onama--mason jones,2021,0,1013,1014,Mason Jones,David Onama,155,145,0,10.0,1500.0,1500.0,0.0,1,-9.0,-2.0,0.2600000000000007,25.0,29.0,0.0,-16.7,16.700000000000003,-1.0,0.0,-3.0,0.0,0.0,0.0,0.0,0.0,0.0,0.0,0.0,0.0,-0.0,-0.0,0.0
12,2021-1562-derek brunson--kevin holland,2021,0,426,691,derek brunson,Kevin Holland,185,170,0,15.0,1500.0,1552.5618848678234,-52.56188486782344,1,-50.0,-50.0,3.22,-38.0,-55.0,-31.299999999999994,-37.5,-31.2,-4.0,0.0,-27.0,0.0,-0.35,-100.0,-80.0,-60.0,-20.0,0.0,-5.0,-1.0,-7.0,-0.0,-0.8666666666666666
12,2021-1563-devin clark--ion cutelaba,2021,0,449,544,Ion Cutelaba,devin clark,205,185,0,20.0,1479.4589570706305,1500.0,-20.541042929369496,1,43.0,47.0,-3.34,49.0,75.0,50.0,12.5,37.5,1.0,0.0,19.0,0.0,0.35,40.0,100.0,100.0,0.0,0.0,-3.0,0.06400000000000002,7.666666666666666,7.666666666666666,1.0
12,2021-1564-devonte smith--jamie mullarkey,2021,0,663,750,devonte smith,Jamie Mullarkey,185,155,0,30.0,1500.0,1465.0072291307276,34.99277086927236,0,-46.0,-53.0,4.53,-34.0,-78.0,-40.0,0.0,-60.0,0.0,0.0,-11.0,0.0,-0.35,0.0,0.0,0.0,0.0,0.0,2.0,0.0,-0.0,-0.0,2.166666666666667
12,2021-1565-diego ferreira--gregor gillespie,2021,0,224,1015,Diego Ferreira,gregor gillespie,155,185,0,-30.0,1561.666675162439,1500.0,61.666675162439105,0,40.0,55.0,-3.46,30.0,57.0,50.0,20.0,30.0,1.0,0.0,16.0,0.0,0.35,100.0,60.0,40.0,20.0,0.0,5.0,1.0,12.5,11.0,0.6666666666666667
12,2021-1566-diego ferreira--mateusz gamrot,2021,0,224,915,Diego Ferreira,Mateusz Gamrot,155,155,1,0.0,1540.510668278158,1484.0625,56.44816827815794,0,-11.0,-4.0,-0.41999999999999993,-6.0,-33.0,12.5,7.5,-20.0,-5.0,0.0,5.0,0.0,0.0,100.0,60.0,40.0,20.0,0.0,6.0,1.0,12.5,11.0,1.6666666666666667
12,2021-1567-diego lopes--joanderson brito,2021,0,1016,1017,Joanderson Brito,Diego Lopes,145,145,1,0.0,1500.0,1500.0,0.0,1,3.0,-4.0,2.2699999999999996,28.0,-11.0,10.0,13.299999999999997,-23.3,-3.0,0.0,1.0,0.0,0.0,0.0,0.0,0.0,0.0,0.0,0.0,0.0,-0.0,-0.0,0.0
12,2021-1568-dominick cruz--pedro munhoz,2021,0,281,407,Pedro Munhoz,dominick cruz,135,185,0,-50.0,1564.796400434809,1500.0,64.7964004348089,0,41.0,55.0,-6.29,16.0,82.0,30.0,30.0,40.0,8.0,0.0,20.0,0.0,0.35,40.0,50.0,50.0,0.0,0.0,-1.0,0.2656,10.6,13.0,-0.4
12,2021-1569-dominick reyes--jiri prochazka,2021,0,546,927,Dominick Reyes,Jiri Prochazka,205,205,1,0.0,1583.4437985563732,1551.89382392555,31.54997463082327,0,-1.0,7.0,2.16,-32.0,14.0,-13.299999999999997,-8.9,22.2,2.0,-1.0,6.0,0.0,0.0,-40.0,-33.33333333333333,-33.33333333333333,0.0,2.0,-3.0,-0.84,1.0,1.333333333333333,0.7777777777777777
12,2021-1570-douglas silva de andrade--gaetano pirrello,2021,0,250,1018,Douglas Silva de Andrade,gaetano pirrello,135,185,0,-50.0,1505.2793180662604,1500.0,5.27931806626043,1,38.0,57.0,-3.93,42.0,72.0,28.6,14.3,57.1,0.0,0.0,13.0,0.0,0.2,60.0,33.333333333333336,33.333333333333336,0.0,0.0,2.0,0.8655999999999999,5.5,5.5,1.4166666666666667
12,2021-1571-douglas silva de andrade--lerone murphy,2021,0,250,942,Douglas Silva de Andrade,Lerone Murphy,135,145,0,-10.0,1510.135800464697,1503.733728758944,6.402071705753087,0,-15.0,-4.0,-1.4200000000000004,-12.0,21.0,-4.699999999999996,14.3,-9.600000000000001,-4.0,0.0,3.0,0.0,-0.14999999999999997,-40.0,-66.66666666666666,-66.66666666666666,0.0,0.0,1.0,-0.13440000000000007,5.5,5.5,1.4166666666666667
12,2021-1572-drako rodriguez--vince morales,2021,0,666,958,Vince Morales,drako rodriguez,135,185,0,-50.0,1454.7168311571238,1500.0,-45.283168842876194,1,37.0,53.0,-4.0,40.0,58.0,33.3,0.0,66.7,0.0,0.0,12.0,0.0,0.35,20.0,0.0,0.0,0.0,0.0,-1.0,0.24,-0.0,-0.0,-1.0
12,2021-1573-drew dober--islam makhachev,2021,0,32,295,Drew Dober,Islam Makhachev,155,170,0,-15.0,1501.1028888848614,1658.2957724571713,-157.19288357230994,0,-18.0,-10.0,-2.7800000000000002,-36.0,-34.0,52.7,-42.9,-9.8,-7.0,-5.0,8.0,0.0,0.14999999999999997,-20.0,35.0,55.0,-20.0,0.0,-3.0,-0.09599999999999997,-0.0,-0.0,-2.4166666666666665
12,2021-1574-dricus du plessis--trevin giles,2021,0,797,896,trevin giles,Dricus Du Plessis,185,185,1,0.0,1500.0,1503.65625,-3.65625,0,-48.0,-52.0,4.33,-51.0,-34.0,-44.50000000000001,-22.2,-33.3,-6.0,-3.0,-10.0,0.0,-0.35,-100.0,-100.0,-100.0,0.0,0.0,-1.0,-1.0,-0.0,-0.0,0.0
12,2021-1575-dusko todorovic--gregory rodrigues,2021,0,789,913,Dusko Todorovic,Gregory Rodrigues,185,185,1,0.0,1505.351843768218,1481.71875,23.633093768218032,0,6.0,-3.0,0.5099999999999998,-21.0,-48.0,0.0,0.0,0.0,0.0,0.0,-2.0,0.0,0.0,100.0,50.0,50.0,0.0,0.0,3.0,1.0,-0.0,-0.0,0.0
12,2021-1576-dusko todorovic--maki pitolo,2021,0,789,1019,Dusko Todorovic,maki pitolo,185,185,1,0.0,1475.308583268871,1500.0,-24.69141673112904,1,57.0,47.0,-4.53,17.0,42.0,75.0,0.0,25.0,0.0,0.0,10.0,0.0,0.35,100.0,50.0,50.0,0.0,0.0,2.0,1.0,-0.0,-0.0,0.0
12,2021-1577-dusko todorovic--punahele soriano,2021,0,789,802,Dusko Todorovic,Punahele Soriano,185,170,0,15.0,1480.2700513955635,1474.0284308977568,6.241620497806707,0,4.0,-1.0,-0.6500000000000004,-39.0,5.0,8.299999999999997,0.0,-8.299999999999997,0.0,0.0,0.0,0.0,0.14999999999999997,0.0,0.0,0.0,0.0,0.0,0.0,0.0,-0.0,-0.0,0.0
12,2021-1578-dustin jacoby--john allan,2021,0,96,933,Dustin Jacoby,john allan,205,185,0,20.0,1513.492648689257,1500.0,13.492648689257067,1,47.0,57.0,-4.02,25.0,62.0,60.0,0.0,40.0,2.0,0.0,17.0,0.0,0.35,50.0,50.0,50.0,0.0,0.0,2.0,0.84,-0.0,-0.0,-1.5
12,2021-1579-dustin jacoby--maxim grishin,2021,0,96,945,Dustin Jacoby,maxim grishin,205,185,0,20.0,1532.3660425602477,1500.0,32.366042560247706,1,47.0,57.0,-4.02,25.0,62.0,60.0,0.0,40.0,2.0,0.0,17.0,0.0,0.35,50.0,50.0,50.0,0.0,0.0,2.0,0.84,-0.0,-0.0,-1.5
12,2021-1580-dustin stoltzfus--gerald meerschaert,2021,0,439,898,Gerald Meerschaert,Dustin Stoltzfus,185,185,1,0.0,1447.8686282847207,1477.184707414726,-29.31607913000539,1,0.0,6.0,-0.3500000000000001,-11.0,-4.0,-41.7,66.7,-25.0,0.0,0.0,14.0,0.0,0.0,-10.0,0.0,-100.0,100.0,0.0,0.0,0.025599999999999956,7.0,7.0,2.0
12,2021-1581-dustin stoltzfus--rodolfo vieira,2021,0,833,898,Rodolfo Vieira,Dustin Stoltzfus,185,185,1,0.0,1481.0089293683554,1452.2967429942887,28.712186374066732,1,10.0,4.0,-0.98,-18.0,54.0,-50.0,58.3,-8.3,0.0,0.0,-1.0,0.0,0.0,50.0,0.0,-100.0,100.0,0.0,1.0,0.4,-0.0,-0.0,3.3333333333333335
12,2021-1582-dylan potter--lukasz brzeski,2021,0,1020,1021,Lukasz Brzeski,dylan potter,265,185,0,80.0,1500.0,1500.0,0.0,1,50.0,54.0,-3.65,33.0,35.0,0.0,50.0,50.0,0.0,0.0,8.0,0.0,0.0,0.0,0.0,0.0,0.0,0.0,0.0,0.0,-0.0,-0.0,0.0
12,2021-1583-eddie wineland--john castaneda,2021,0,47,527,eddie wineland,John Castaneda,185,135,0,50.0,1500.0,1477.546091149637,22.45390885036295,0,-50.0,-53.0,4.94,-37.0,-73.0,-20.0,-20.0,-60.0,0.0,0.0,-9.0,0.0,-0.35,-50.0,0.0,0.0,0.0,0.0,1.0,-0.4,-0.0,-0.0,1.0
12,2021-1584-edivan santos--rizvan kuniev,2021,0,1022,1023,Rizvan Kuniev,edivan santos,265,185,0,80.0,1500.0,1500.0,0.0,1,58.0,45.0,-2.45,75.0,90.0,100.0,0.0,0.0,0.0,0.0,3.0,0.0,0.0,0.0,0.0,0.0,0.0,0.0,0.0,0.0,-0.0,-0.0,0.0
12,2021-1585-edmen shahbazyan--jack hermansson,2021,0,398,619,Jack Hermansson,Edmen Shahbazyan,185,185,1,0.0,1549.649029851074,1532.011076249949,17.63795360112499,1,-3.0,9.0,-0.08000000000000007,-8.0,14.0,-39.5,16.200000000000003,23.3,4.0,0.0,4.0,0.0,0.0,-20.0,-33.33333333333333,-75.0,41.66666666666667,0.0,2.0,0.3343999999999999,-1.5,-0.5,-0.7777777777777778
12,2021-1586-edmen shahbazyan--nassourdine imavov,2021,0,619,935,Edmen Shahbazyan,Nassourdine Imavov,185,185,1,0.0,1513.464987228901,1508.93125,4.533737228900918,0,-6.0,-10.0,-0.4500000000000002,5.0,-15.0,22.300000000000004,11.1,-33.400000000000006,-6.0,0.0,3.0,0.0,0.0,-20.0,100.0,75.0,25.0,0.0,-2.0,-0.6,10.5,10.5,-0.6666666666666667
12,2021-1587-edson barboza--giga chikadze,2021,0,72,627,Edson Barboza,Giga Chikadze,155,145,0,10.0,1500.76995345988,1585.1795219262008,-84.4095684663207,0,2.0,-5.0,-1.1199999999999997,17.0,8.0,12.5,0.0,-12.5,8.0,0.0,19.0,0.0,0.0,-80.0,-20.0,-20.0,0.0,0.0,-6.0,-0.76,10.6,9.4,-2.95
12,2021-1588-edson barboza--shane burgos,2021,0,72,635,Edson Barboza,shane burgos,155,185,0,-30.0,1486.1647414687432,1500.0,-13.83525853125684,1,44.0,55.0,-4.6,50.0,73.0,50.0,0.0,50.0,11.0,0.0,31.0,0.0,0.35,20.0,0.0,0.0,0.0,0.0,-1.0,0.24,10.6,9.4,-0.8666666666666666
12,2021-1589-erick gonzalez--jim miller,2021,0,30,1024,Jim Miller,erick gonzalez,155,185,0,-30.0,1444.6892843324376,1500.0,-55.31071566756236,1,42.0,56.0,-3.44,45.0,48.0,22.299999999999994,48.1,29.6,2.0,0.0,45.0,0.0,0.35,60.0,100.0,0.0,100.0,0.0,-1.0,0.30400000000000005,9.8,-0.0,-1.6666666666666667
12,2021-1590-fares ziam--luigi vendramini,2021,0,670,788,luigi vendramini,Fares Ziam,185,155,0,30.0,1500.0,1491.3435844624705,8.656415537529483,0,-51.0,-64.0,1.62,-40.0,-70.0,-14.3,0.0,-85.7,0.0,0.0,-9.0,0.0,-0.35,-50.0,0.0,0.0,0.0,0.0,-1.0,-0.6,-0.0,-0.0,0.6666666666666667
12,2021-1591-francisco trinaldo--muslim salikhov,2021,0,256,489,francisco trinaldo,Muslim Salikhov,185,170,0,15.0,1500.0,1524.0228154731958,-24.022815473195806,0,-49.0,-62.0,2.92,-32.0,-72.0,-55.6,0.0,-44.4,0.0,0.0,-13.0,0.0,-0.35,-80.0,-50.0,-50.0,0.0,0.0,-4.0,-0.9743999999999999,-0.0,-0.0,-2.3333333333333335
12,2021-1592-frankie edgar--marlon vera,2021,0,165,280,frankie edgar,Marlon Vera,185,135,0,50.0,1500.0,1517.9084879763814,-17.908487976381366,0,-49.0,-50.0,5.37,-39.0,-72.0,-46.599999999999994,-26.7,-26.7,-6.0,0.0,-24.0,0.0,-0.35,-60.0,-100.0,-66.66666666666667,-33.333333333333336,0.0,1.0,-0.30400000000000005,-10.0,-8.333333333333334,2.1333333333333333
12,2021-1593-gabe green--phil rowe,2021,0,819,887,Phil Rowe,Gabe Green,170,155,0,15.0,1502.3203125,1475.470332549613,26.849979950387024,0,4.0,6.0,1.8100000000000005,-14.0,6.0,66.6,-33.3,-33.3,0.0,0.0,2.0,0.0,-0.14999999999999997,100.0,100.0,100.0,0.0,0.0,2.0,1.0,-0.0,-0.0,3.0
12,2021-1594-gaetano pirrello--ricky simon,2021,0,549,1018,Ricky Simon,gaetano pirrello,135,185,0,-50.0,1534.27325433609,1500.0,34.273254336090076,1,44.0,61.0,-3.72,43.0,75.0,18.2,27.3,54.5,3.0,0.0,16.0,0.0,0.35,60.0,33.333333333333336,0.0,33.333333333333336,0.0,2.0,0.8655999999999999,6.666666666666666,6.666666666666666,1.2666666666666666
12,2021-1595-geoff neal--neil magny,2021,0,187,525,Neil Magny,Geoff Neal,170,170,1,0.0,1601.2877868750384,1521.9827761813829,79.3050106936555,1,-5.0,-6.0,3.0100000000000002,-6.0,-32.0,-36.300000000000004,-2.4000000000000004,38.7,9.0,0.0,21.0,0.0,0.0,0.0,-50.0,-25.0,-25.0,0.0,5.0,0.5743999999999999,-3.3000000000000007,-1.166666666666666,3.666666666666667
12,2021-1596-geoff neal--santiago ponzinibbio,2021,0,203,525,Santiago Ponzinibbio,Geoff Neal,170,170,1,0.0,1571.7508077313119,1504.186322137554,67.56448559375781,0,-10.0,4.0,0.8000000000000007,-18.0,-16.0,-8.400000000000006,-11.1,19.500000000000004,-1.0,0.0,6.0,0.0,-0.14999999999999997,20.0,-15.0,10.0,-25.0,0.0,6.0,0.6,0.8333333333333339,0.8333333333333339,2.666666666666667
12,2021-1597-gerald meerschaert--makhmud muradov,2021,0,439,1025,Gerald Meerschaert,makhmud muradov,185,185,1,0.0,1452.8462211688081,1500.0,-47.15377883119186,1,45.0,53.0,-3.49,30.0,42.0,8.3,91.7,0.0,0.0,0.0,24.0,0.0,0.35,40.0,100.0,0.0,100.0,0.0,1.0,0.6255999999999999,7.0,7.0,-1.3333333333333335
12,2021-1598-gilbert burns--kamaru usman,2021,1,216,337,Gilbert Burns,Kamaru Usman,170,170,1,0.0,1671.3562823683321,2024.1602597335861,-352.803977365254,0,-3.0,-3.0,-0.9700000000000002,-7.0,-36.0,-5.0,27.099999999999998,-22.099999999999994,-6.0,-7.0,5.0,0.0,0.0,0.0,20.0,0.0,20.0,-3.0,0.0,0.0,5.4,2.0,-2.733333333333334
12,2021-1599-gilbert burns--stephen thompson,2021,0,131,216,Stephen Thompson,Gilbert Burns,170,170,1,0.0,1564.36024167942,1669.7806859751795,-105.42044429575958,0,-2.0,2.0,0.6400000000000001,-2.0,10.0,30.0,-33.3,3.299999999999997,2.0,0.0,-2.0,0.0,0.0,-60.0,-40.0,-20.0,-20.0,1.0,-4.0,-0.30400000000000005,-1.7999999999999998,-7.25,0.33333333333333326
12,2021-1600-glover teixeira--jan blachowicz,2021,1,265,566,Jan Blachowicz,glover teixeira,205,185,0,20.0,1734.2388186969179,1500.0,234.23881869691786,0,49.0,52.0,-3.03,48.0,69.0,41.599999999999994,16.7,41.7,7.0,2.0,21.0,0.0,0.35,80.0,75.0,75.0,0.0,1.0,2.0,0.904,10.2,16.25,0.8
12,2021-1601-grant dawson--leonardo santos,2021,0,480,1026,Grant Dawson,leonardo santos,155,185,0,-30.0,1548.0976398507587,1500.0,48.097639850758696,1,52.0,44.0,-2.11,40.0,57.0,16.59999999999999,41.7,41.7,1.0,0.0,14.0,0.0,0.35,100.0,60.0,0.0,60.0,0.0,5.0,1.0,-0.0,-0.0,3.0
12,2021-1602-greg hardy--tai tuivasa,2021,0,593,622,Tai Tuivasa,greg hardy,265,185,0,80.0,1527.6830470417594,1500.0,27.683047041759437,1,46.0,44.0,-5.18,0.0,57.0,87.5,0.0,12.5,3.0,0.0,16.0,0.0,0.35,60.0,66.66666666666667,66.66666666666667,0.0,0.0,1.0,0.664,9.25,8.0,-0.6666666666666667
12,2021-1603-gregory rodrigues--junyong park,2021,0,732,913,JunYong Park,Gregory Rodrigues,185,185,1,0.0,1516.3281632275566,1497.2192079557985,19.108955271758077,0,-1.0,3.0,1.4500000000000002,4.0,-33.0,-75.0,33.3,41.7,0.0,0.0,0.0,0.0,0.0,66.66666666666667,0.0,0.0,0.0,0.0,2.0,0.76,-0.0,-0.0,3.3333333333333335
12,2021-1604-hakeem dawodu--movsar evloev,2021,0,793,1027,Movsar Evloev,hakeem dawodu,145,185,0,-40.0,1528.5008285892145,1500.0,28.500828589214507,1,48.0,60.0,-2.66,48.0,61.0,0.0,0.0,100.0,5.0,0.0,9.0,0.0,0.35,100.0,0.0,0.0,0.0,0.0,3.0,1.0,-0.0,-0.0,2.111111111111111
12,2021-1605-harry hunsucker--justin tafa,2021,0,811,1028,Justin Tafa,harry hunsucker,265,185,0,80.0,1470.9662030228528,1500.0,-29.033796977147176,1,54.0,47.0,-5.11,0.0,53.0,100.0,0.0,0.0,0.0,0.0,9.0,0.0,0.35,50.0,100.0,100.0,0.0,0.0,1.0,0.6,-0.0,-0.0,0.0
12,2021-1606-harry hunsucker--tai tuivasa,2021,0,593,1028,Tai Tuivasa,harry hunsucker,265,185,0,80.0,1537.239241353651,1500.0,37.239241353651096,1,46.0,44.0,-5.18,0.0,57.0,87.5,0.0,12.5,3.0,0.0,16.0,0.0,0.35,60.0,66.66666666666667,66.66666666666667,0.0,0.0,1.0,0.664,9.25,8.0,-0.6666666666666667
12,2021-1607-ian heinisch--kelvin gastelum,2021,0,163,906,Kelvin Gastelum,ian heinisch,185,185,1,0.0,1512.7563077041157,1500.0,12.75630770411567,1,42.0,57.0,-3.49,34.0,58.0,23.1,15.4,61.5,9.0,1.0,23.0,0.0,0.35,20.0,0.0,0.0,0.0,1.0,-3.0,0.038400000000000004,11.0,13.5,-0.5333333333333334
12,2021-1608-ian heinisch--nassourdine imavov,2021,0,906,935,ian heinisch,Nassourdine Imavov,185,185,1,0.0,1500.0,1549.036652488262,-49.03665248826201,0,-54.0,-58.0,3.17,-32.0,-81.0,-44.4,0.0,-55.6,-7.0,0.0,-11.0,0.0,-0.35,-100.0,0.0,0.0,0.0,0.0,-1.0,-1.0,-0.0,-0.0,-1.6666666666666667
12,2021-1609-ian machado garry--jordan williams,2021,0,912,1029,jordan williams,Ian Machado Garry,185,170,0,15.0,1500.0,1500.0,0.0,0,-54.0,-51.0,2.77,-33.0,-73.0,-33.3,0.0,-66.7,-5.0,0.0,-10.0,0.0,0.0,0.0,0.0,0.0,0.0,0.0,0.0,0.0,-0.0,-0.0,0.0
12,2021-1610-ignacio bahamondes--john makdessi,2021,0,459,900,john makdessi,Ignacio Bahamondes,185,155,0,30.0,1500.0,1503.65625,-3.65625,1,-45.0,-56.0,4.33,0.0,-75.0,-57.1,-28.6,-14.3,-1.0,0.0,-10.0,0.0,-0.35,-100.0,-100.0,-100.0,0.0,0.0,-1.0,-1.0,-0.0,-0.0,0.0
12,2021-1611-ignacio bahamondes--roosevelt roberts,2021,0,900,926,Ignacio Bahamondes,roosevelt roberts,155,185,0,-30.0,1479.00824317151,1500.0,-20.991756828489997,1,45.0,56.0,-4.33,0.0,75.0,57.1,28.6,14.3,1.0,0.0,10.0,0.0,0.35,100.0,100.0,100.0,0.0,0.0,1.0,1.0,-0.0,-0.0,0.0
12,2021-1612-ike villanueva--marcin prachnio,2021,0,700,1030,Marcin Prachnio,ike villanueva,205,185,0,20.0,1450.3649208715801,1500.0,-49.635079128419875,1,54.0,54.0,-3.15,20.0,53.0,25.0,0.0,75.0,0.0,0.0,11.0,0.0,0.35,0.0,0.0,0.0,0.0,0.0,-3.0,0.0,-0.0,-0.0,0.0
12,2021-1613-ilia topuria--ryan hall,2021,0,306,884,Ryan Hall,Ilia Topuria,185,155,0,30.0,1500.0,1510.1508660537777,-10.15086605377769,0,-48.0,-64.0,3.83,-61.0,-93.0,-66.7,-11.1,-22.2,-5.0,-3.0,-9.0,0.0,-0.35,-100.0,-50.0,-50.0,0.0,0.0,-2.0,-1.0,-0.0,-0.0,-1.0
12,2021-1614-islam makhachev--thiago moises,2021,0,295,629,Islam Makhachev,Thiago Moises,170,155,0,15.0,1707.109529798014,1517.0336955179605,190.0758342800534,1,16.0,8.0,2.5300000000000002,18.0,38.0,-3.499999999999993,16.700000000000003,-13.2,8.0,5.0,1.0,0.0,-0.14999999999999997,20.0,-10.0,-5.0,-5.0,0.0,2.0,0.03839999999999999,5.0,5.0,3.5833333333333335
12,2021-1615-israel adesanya--jan blachowicz,2021,1,265,630,Jan Blachowicz,Israel Adesanya,205,185,0,20.0,1728.6475208038355,1907.7601305343826,-179.1126097305471,1,1.0,-3.0,0.17000000000000037,37.0,-7.0,3.0999999999999943,16.7,-19.799999999999997,-2.0,-6.0,3.0,0.0,0.0,-20.0,35.0,35.0,0.0,-3.0,-3.0,-0.09599999999999997,-2.6000000000000005,2.25,-1.4666666666666666
12,2021-1616-israel adesanya--marvin vettori,2021,1,368,630,Marvin Vettori,Israel Adesanya,185,185,1,0.0,1589.484969271557,1885.6536525409194,-296.1686832693624,0,-3.0,1.0,-1.3199999999999994,34.0,-11.0,-38.5,22.2,16.299999999999997,-5.0,-8.0,-1.0,0.0,0.0,-20.0,-15.0,-40.0,25.0,-4.0,-1.0,-0.025600000000000067,3.2,2.0,-0.13333333333333286
12,2021-1617-jacob rosales--victor martinez,2021,0,1031,1032,Victor Martinez,jacob rosales,155,185,0,-30.0,1500.0,1500.0,0.0,1,51.0,53.0,-7.66,33.0,80.0,0.0,0.0,100.0,0.0,0.0,3.0,0.0,0.0,0.0,0.0,0.0,0.0,0.0,0.0,0.0,-0.0,-0.0,0.0
12,2021-1618-jai herbert--khama worthy,2021,0,903,941,Jai Herbert,khama worthy,155,185,0,-30.0,1481.71875,1500.0,-18.28125,1,40.0,53.0,-3.26,21.0,66.0,33.3,0.0,66.7,0.0,0.0,9.0,0.0,0.35,0.0,0.0,0.0,0.0,0.0,-1.0,0.0,-0.0,-0.0,0.0
12,2021-1619-jai herbert--renato moicano,2021,0,291,903,Renato Moicano,Jai Herbert,155,155,1,0.0,1569.9141239834094,1486.6578186655274,83.25630531788192,1,8.0,6.0,-0.31000000000000005,20.0,-4.0,-16.599999999999998,50.0,-33.400000000000006,7.0,0.0,10.0,0.0,0.0,40.0,50.0,0.0,50.0,0.0,2.0,0.6255999999999999,13.4,11.5,1.4444444444444446
12,2021-1620-jailton almeida--nasrudin nasrudinov,2021,0,1033,1034,Jailton Almeida,nasrudin nasrudinov,205,185,0,20.0,1500.0,1500.0,0.0,1,65.0,41.0,-0.89,60.0,60.0,33.3,55.6,11.1,5.0,0.0,10.0,0.0,0.0,0.0,0.0,0.0,0.0,0.0,0.0,0.0,-0.0,-0.0,0.0
12,2021-1621-jake hadley--mitch raposo,2021,0,1035,1036,jake hadley,Mitch Raposo,185,125,0,60.0,1500.0,1500.0,0.0,1,-33.0,-55.0,3.2,-37.0,-50.0,-100.0,0.0,0.0,0.0,0.0,-3.0,0.0,0.0,0.0,0.0,0.0,0.0,0.0,0.0,0.0,-0.0,-0.0,0.0
12,2021-1622-jake matthews--sean brady,2021,0,239,769,Jake Matthews,Sean Brady,170,170,1,0.0,1538.9538232767998,1524.5071235529592,14.446699723840538,0,-12.0,1.0,0.31000000000000005,-12.0,-19.0,13.3,-10.0,-3.299999999999997,-4.0,0.0,13.0,0.0,0.0,0.0,-13.333333333333336,0.0,-13.333333333333336,0.0,2.0,0.0,-0.0,-0.0,-0.3666666666666669
12,2021-1623-jalin turner--uros medic,2021,0,687,950,jalin turner,Uros Medic,185,170,0,15.0,1500.0,1508.5184249170622,-8.518424917062248,1,-60.0,-56.0,3.5,-50.0,-55.0,-100.0,0.0,0.0,0.0,0.0,-9.0,0.0,-0.35,-100.0,-100.0,-100.0,0.0,0.0,-1.0,-1.0,-0.0,-0.0,0.0
12,2021-1624-jamahal hill--jimmy crute,2021,0,640,723,Jimmy Crute,Jamahal Hill,205,205,1,0.0,1495.670815212145,1523.2396963886868,-27.56888117654171,0,1.0,-2.0,0.3500000000000001,52.0,-15.0,-21.400000000000006,50.0,-28.6,-5.0,-1.0,1.0,0.0,0.0,-20.0,33.33333333333333,8.333333333333329,25.0,0.0,0.0,-0.03839999999999999,-0.0,-0.0,-1.0
12,2021-1625-jamahal hill--paul craig,2021,0,446,723,Paul Craig,Jamahal Hill,205,205,1,0.0,1498.5779475804784,1559.5562592298625,-60.97831164938407,1,-6.0,-1.0,0.9900000000000002,18.0,-38.0,-38.10000000000001,66.7,-28.6,-1.0,-1.0,9.0,0.0,0.0,-20.0,33.33333333333333,-41.66666666666667,75.0,0.0,0.0,-0.03839999999999999,1.0,1.0,-1.0
12,2021-1626-jamall emmers--pat sabatini,2021,0,688,1037,Jamall Emmers,Pat Sabatini,145,145,1,0.0,1489.7586073808407,1500.0,-10.241392619159342,0,-13.0,7.0,-2.8500000000000005,-8.0,30.0,50.0,-42.9,-7.100000000000001,0.0,0.0,0.0,0.0,0.35,33.333333333333336,0.0,0.0,0.0,0.0,-1.0,0.24,-0.0,-0.0,1.0
12,2021-1627-jamie mullarkey--khama worthy,2021,0,750,941,Jamie Mullarkey,khama worthy,155,185,0,-30.0,1470.0045649511771,1500.0,-29.995435048822856,1,46.0,53.0,-4.53,34.0,78.0,40.0,0.0,60.0,0.0,0.0,11.0,0.0,0.35,0.0,0.0,0.0,0.0,0.0,-2.0,0.0,-0.0,-0.0,-2.166666666666667
12,2021-1628-jared cannonier--kelvin gastelum,2021,0,163,346,Kelvin Gastelum,Jared Cannonier,185,185,1,0.0,1531.6397850416693,1543.523756140245,-11.883971098575785,0,-7.0,1.0,0.8599999999999994,-6.0,-6.0,-40.5,15.4,25.1,1.0,1.0,3.0,0.0,0.0,-40.0,-100.0,-100.0,0.0,1.0,-2.0,-0.32320000000000004,-0.1999999999999993,0.25,0.7166666666666666
12,2021-1629-jared gooden--randy brown,2021,0,394,1038,Randy Brown,jared gooden,170,185,0,-15.0,1483.5786796303485,1500.0,-16.42132036965154,1,47.0,54.0,-3.26,39.0,73.0,28.6,21.4,50.0,0.0,0.0,20.0,0.0,0.35,40.0,100.0,50.0,50.0,0.0,-1.0,0.336,9.0,9.0,-7.401486830834377e-17
12,2021-1630-jared gordon--joe solecki,2021,0,567,858,Jared Gordon,joe solecki,155,185,0,-30.0,1517.5473643140626,1500.0,17.547364314062634,1,55.0,56.0,-3.91,32.0,62.0,33.3,0.0,66.7,0.0,0.0,15.0,0.0,0.35,40.0,0.0,0.0,0.0,0.0,2.0,0.84,7.0,7.0,3.111111111111111
12,2021-1631-jared vanderaa--justin tafa,2021,0,811,1039,Justin Tafa,jared vanderaa,265,185,0,80.0,1475.9428126546545,1500.0,-24.057187345345483,0,54.0,47.0,-5.11,0.0,53.0,100.0,0.0,0.0,0.0,0.0,9.0,0.0,0.35,50.0,100.0,100.0,0.0,0.0,1.0,0.6,-0.0,-0.0,0.0
12,2021-1632-jared vanderaa--serghei spivac,2021,0,838,1039,Serghei Spivac,jared vanderaa,265,185,0,80.0,1499.6317622694235,1500.0,-0.3682377305765385,1,48.0,50.0,-4.25,62.0,63.0,37.5,37.5,25.0,5.0,0.0,14.0,0.0,0.35,50.0,50.0,0.0,50.0,0.0,-1.0,0.30400000000000005,6.0,6.0,-0.5000000000000001
12,2021-1633-javid basharat--oron kahlon,2021,0,1040,1041,Javid Basharat,oron kahlon,135,185,0,-50.0,1500.0,1500.0,0.0,1,53.0,61.0,-2.96,40.0,83.0,0.0,25.0,75.0,0.0,0.0,6.0,0.0,0.0,0.0,0.0,0.0,0.0,0.0,0.0,0.0,-0.0,-0.0,0.0
12,2021-1634-jeremiah wells--warlley alves,2021,0,320,1042,warlley alves,Jeremiah Wells,185,170,0,15.0,1500.0,1500.0,0.0,0,-43.0,-48.0,1.31,-44.0,-80.0,-50.0,-25.0,-25.0,0.0,0.0,-6.0,0.0,0.0,0.0,0.0,0.0,0.0,0.0,0.0,0.0,-0.0,-0.0,0.0
12,2021-1635-jeremy stephens--mateusz gamrot,2021,0,21,915,Jeremy Stephens,Mateusz Gamrot,155,155,1,0.0,1512.6894391793257,1518.5472537001012,-5.8578145207754915,0,-11.0,-1.0,-0.10000000000000009,2.0,-28.0,15.799999999999997,-12.5,-3.299999999999997,0.0,0.0,23.0,0.0,0.0,40.0,100.0,100.0,0.0,0.0,-2.0,0.06400000000000002,11.8,10.8,1.4666666666666666
12,2021-1636-jerome rivera--ode osbourne,2021,0,734,924,Ode Osbourne,jerome rivera,125,185,0,-60.0,1492.6720307581757,1500.0,-7.3279692418243485,1,41.0,47.0,-3.43,30.0,66.0,50.0,16.7,33.3,0.0,0.0,13.0,0.0,0.35,50.0,100.0,0.0,100.0,0.0,-1.0,0.4,-0.0,-0.0,0.0
12,2021-1637-jesse strader--montel jackson,2021,0,631,1043,Montel Jackson,jesse strader,135,185,0,-50.0,1504.493002539727,1500.0,4.493002539727058,1,53.0,62.0,-1.39,62.0,68.0,40.0,10.0,50.0,1.0,0.0,12.0,0.0,0.35,60.0,33.333333333333336,33.333333333333336,0.0,0.0,1.0,0.7343999999999999,-0.0,-0.0,0.9999999999999999
12,2021-1638-jim miller--joe solecki,2021,0,30,858,Jim Miller,joe solecki,155,185,0,-30.0,1449.7566830952335,1500.0,-50.243316904766516,0,42.0,56.0,-3.44,45.0,48.0,22.299999999999994,48.1,29.6,2.0,0.0,45.0,0.0,0.35,60.0,100.0,0.0,100.0,0.0,-1.0,0.30400000000000005,9.8,-0.0,-1.6666666666666667
12,2021-1639-jimmie rivera--pedro munhoz,2021,0,281,347,Pedro Munhoz,jimmie rivera,135,185,0,-50.0,1548.5603114599817,1500.0,48.560311459981676,1,41.0,55.0,-6.29,16.0,82.0,30.0,30.0,40.0,8.0,0.0,20.0,0.0,0.35,40.0,50.0,50.0,0.0,0.0,-1.0,0.2656,10.6,13.0,-0.4
12,2021-1640-joaquim silva--ricky glenn,2021,0,348,561,Joaquim Silva,ricky glenn,155,185,0,-30.0,1491.3685242804358,1500.0,-8.63147571956415,0,43.0,53.0,-4.53,50.0,69.0,50.0,0.0,50.0,0.0,0.0,11.0,0.0,0.2,60.0,66.66666666666667,66.66666666666667,0.0,0.0,-2.0,0.16000000000000003,-0.0,-0.0,0.7777777777777778
12,2021-1641-joel alvarez--thiago moises,2021,0,629,773,Thiago Moises,Joel Alvarez,155,155,1,0.0,1504.4745816332984,1496.5211928569674,7.953388776330939,0,-11.0,3.0,-0.7600000000000002,35.0,12.0,-34.80000000000001,-9.600000000000001,44.4,-1.0,0.0,7.0,0.0,0.0,5.0,-50.0,-8.333333333333336,-41.66666666666667,0.0,1.0,0.057599999999999985,-0.0,-0.0,2.1666666666666665
12,2021-1642-johnny walker--thiago santos,2021,0,564,682,thiago santos,Johnny Walker,185,205,0,-20.0,1500.0,1518.5661818377257,-18.566181837725708,1,-55.0,-45.0,3.09,-60.0,-57.0,-66.7,-11.1,-22.2,-6.0,0.0,-15.0,0.0,-0.35,-60.0,-100.0,-100.0,0.0,0.0,1.0,-0.3744,-8.75,-8.75,0.8333333333333334
12,2021-1643-jonathan martinez--zviad lazishvili,2021,0,617,1044,Jonathan Martinez,zviad lazishvili,135,185,0,-50.0,1474.710371234478,1500.0,-25.28962876552191,1,49.0,56.0,-4.09,35.0,68.0,40.0,0.0,60.0,1.0,0.0,15.0,0.0,0.35,80.0,50.0,50.0,0.0,0.0,-1.0,0.4,-0.0,-0.0,0.4166666666666667
12,2021-1644-jordan espinosa--tim elliott,2021,0,140,807,Tim Elliott,jordan espinosa,125,185,0,-60.0,1475.063608478103,1500.0,-24.936391521896894,1,44.0,57.0,-2.65,47.0,59.0,0.0,30.0,70.0,9.0,0.0,21.0,0.0,0.35,40.0,0.0,0.0,0.0,0.0,-2.0,0.12160000000000003,12.4,9.8,-0.5333333333333334
12,2021-1645-jordan leavitt--matt sayles,2021,0,752,934,matt sayles,Jordan Leavitt,185,155,0,30.0,1500.0,1484.6934970577142,15.30650294228576,0,-61.0,-57.0,1.79,-30.0,-30.0,-33.3,-50.0,-16.7,0.0,0.0,-9.0,0.0,-0.35,-100.0,-100.0,-50.0,-50.0,0.0,-2.0,-1.0,-0.0,-0.0,0.0
12,2021-1646-jordan williams--mickey gall,2021,0,403,912,Mickey Gall,jordan williams,170,185,0,-15.0,1442.0945073058858,1500.0,-57.90549269411417,1,49.0,49.0,-4.72,32.0,37.0,0.0,83.3,16.7,0.0,0.0,13.0,0.0,0.35,40.0,50.0,0.0,50.0,0.0,-2.0,0.13440000000000002,-0.0,-0.0,-0.4444444444444444
12,2021-1647-jorge masvidal--kamaru usman,2021,1,189,337,jorge masvidal,Kamaru Usman,185,170,0,15.0,1500.0,2173.8419170830853,-673.8419170830853,0,-51.0,-55.0,2.67,-44.0,-89.0,-25.0,-6.2,-68.8,-11.0,-7.0,-19.0,0.0,-0.35,-100.0,-20.0,-20.0,0.0,-3.0,-5.0,-1.0,-11.6,-15.0,-4.133333333333334
12,2021-1648-jose alday--saimon oliveira,2021,0,1047,1048,Saimon Oliveira,jose alday,135,185,0,-50.0,1500.0,1500.0,0.0,1,40.0,46.0,-4.13,25.0,38.0,0.0,0.0,100.0,0.0,0.0,4.0,0.0,0.0,0.0,0.0,0.0,0.0,0.0,0.0,0.0,-0.0,-0.0,0.0
12,2021-1649-jose aldo--pedro munhoz,2021,0,44,281,jose aldo,Pedro Munhoz,185,135,0,50.0,1500.0,1597.091564012564,-97.09156401256405,1,-41.0,-55.0,6.29,-16.0,-82.0,-30.0,-30.0,-40.0,-8.0,0.0,-20.0,0.0,-0.35,-40.0,-50.0,-50.0,0.0,0.0,1.0,-0.2656,-10.6,-13.0,0.4
12,2021-1650-jose aldo--rob font,2021,0,44,260,jose aldo,Rob Font,185,135,0,50.0,1500.0,1715.759316278725,-215.759316278725,1,-46.0,-57.0,3.67,-34.0,-42.0,-50.0,-8.3,-41.7,-9.0,0.0,-19.0,0.0,-0.35,-80.0,-50.0,-50.0,0.0,0.0,-3.0,-0.9616,-9.6,-14.4,0.24999999999999994
12,2021-1651-josh culibao--shayilan nuerdanbieke,2021,0,1049,1050,josh culibao,Shayilan Nuerdanbieke,185,145,0,40.0,1500.0,1500.0,0.0,1,-45.0,-50.0,2.64,-35.0,-28.0,-33.3,0.0,-66.7,0.0,0.0,-6.0,0.0,0.0,0.0,0.0,0.0,0.0,0.0,0.0,0.0,-0.0,-0.0,0.0
12,2021-1652-jp buys--montel jackson,2021,0,631,1051,Montel Jackson,jp buys,135,185,0,-50.0,1509.3522426640998,1500.0,9.352242664099776,1,53.0,62.0,-1.39,62.0,68.0,40.0,10.0,50.0,1.0,0.0,12.0,0.0,0.35,60.0,33.333333333333336,33.333333333333336,0.0,0.0,1.0,0.7343999999999999,-0.0,-0.0,0.9999999999999999
12,2021-1653-julian erosa--nate landwehr,2021,0,352,888,Julian Erosa,Nate Landwehr,145,145,1,0.0,1471.6315810735032,1493.3522212511723,-21.72064017766911,1,3.0,-4.0,-0.4399999999999995,2.0,-10.0,10.0,0.0,-10.0,0.0,0.0,8.0,0.0,0.0,-10.0,100.0,50.0,50.0,0.0,2.0,0.23839999999999995,-0.0,-0.0,-3.3333333333333335
12,2021-1654-julian erosa--seungwoo choi,2021,0,352,796,Julian Erosa,seungwoo choi,145,185,0,-40.0,1481.533768112342,1500.0,-18.46623188765807,0,48.0,48.0,-6.27,43.0,61.0,30.0,40.0,30.0,0.0,0.0,18.0,0.0,0.35,40.0,100.0,50.0,50.0,0.0,1.0,0.6384,-0.0,-0.0,-1.0
12,2021-1655-julio arce--song yadong,2021,0,514,652,Song Yadong,julio arce,135,185,0,-50.0,1569.241759999024,1500.0,69.241759999024,1,43.0,55.0,-4.0,38.0,73.0,45.400000000000006,9.1,45.5,7.0,0.0,15.0,0.0,0.35,100.0,60.0,40.0,20.0,0.0,5.0,1.0,5.5,5.5,2.0
12,2021-1656-junyong park--tafon nchukwi,2021,0,732,1052,JunYong Park,tafon nchukwi,185,185,1,0.0,1491.6183445521401,1500.0,-8.381655447859885,1,50.0,53.0,-3.59,42.0,57.0,0.0,33.3,66.7,0.0,0.0,12.0,0.0,0.35,66.66666666666667,0.0,0.0,0.0,0.0,1.0,0.76,-0.0,-0.0,3.3333333333333335
12,2021-1657-justin gaethje--michael chandler,2021,0,55,552,Michael Chandler,Justin Gaethje,155,155,1,0.0,1568.8449480544848,1689.1199069062639,-120.27495885177905,0,-9.0,-8.0,2.66,27.0,-7.0,8.299999999999997,25.0,-33.3,-7.0,-1.0,-5.0,0.0,-0.35,40.0,0.0,-50.0,50.0,-2.0,1.0,0.26560000000000006,-14.0,-16.0,0.0
12,2021-1658-kai karafrance--rogerio bontorin,2021,0,668,1053,Kai Kara-France,rogerio bontorin,125,185,0,-60.0,1621.6364911055573,1500.0,121.6364911055573,1,40.0,64.0,-3.24,30.0,83.0,37.5,0.0,62.5,7.0,0.0,13.0,0.0,0.35,60.0,0.0,0.0,0.0,0.0,1.0,0.7343999999999999,9.8,9.8,1.8666666666666667
12,2021-1659-kazula vargas--rongzhu,2021,0,982,1054,Rongzhu,kazula vargas,155,185,0,-30.0,1504.875,1500.0,4.875,0,51.0,52.0,-5.44,62.0,84.0,33.3,16.7,50.0,0.0,1.0,9.0,0.0,0.0,0.0,0.0,0.0,0.0,0.0,0.0,0.0,-0.0,-0.0,0.0
12,2021-1660-kelvin gastelum--robert whittaker,2021,0,121,163,Robert Whittaker,Kelvin Gastelum,185,185,1,0.0,1679.2543473679823,1521.4164972342755,157.83785013370675,1,1.0,2.0,0.13000000000000034,4.0,24.0,12.199999999999996,-15.4,3.200000000000003,3.0,1.0,1.0,0.0,0.0,60.0,25.0,25.0,0.0,0.0,5.0,0.8656,-0.1999999999999993,4.25,1.8000000000000003
12,2021-1661-kevin holland--marvin vettori,2021,0,368,691,Marvin Vettori,Kevin Holland,185,170,0,15.0,1567.6296261180019,1526.1556210123968,41.4740051056051,1,-5.0,6.0,-1.2999999999999994,7.0,10.0,-31.299999999999994,-15.3,46.599999999999994,0.0,0.0,-10.0,0.0,0.0,-20.0,-55.0,-60.0,5.0,0.0,-1.0,-0.025600000000000067,9.0,16.0,1.266666666666667
12,2021-1662-khalil rountree jr--marcin prachnio,2021,0,384,700,Khalil Rountree Jr.,Marcin Prachnio,205,205,1,0.0,1487.2769791161322,1455.412858096265,31.864121019867298,0,-14.0,-5.0,-1.0900000000000003,-20.0,5.0,45.0,0.0,-45.0,4.0,0.0,5.0,0.0,-0.14999999999999997,60.0,66.66666666666667,66.66666666666667,0.0,0.0,4.0,0.7216,-0.0,-0.0,-0.3333333333333335
12,2021-1663-khalil rountree jr--modestas bukauskas,2021,0,384,856,Khalil Rountree Jr.,Modestas Bukauskas,205,205,1,0.0,1463.878964890377,1485.2963594090606,-21.41739451868375,1,-3.0,-2.0,-0.31000000000000005,-66.0,-22.0,27.199999999999996,-14.3,-12.899999999999999,4.0,0.0,5.0,0.0,-0.14999999999999997,10.0,-33.33333333333333,-33.33333333333333,0.0,0.0,0.0,0.12160000000000004,-0.0,-0.0,-0.3333333333333335
12,2021-1664-khamzat chimaev--li jingliang,2021,0,241,907,Li Jingliang,Khamzat Chimaev,170,185,0,-15.0,1506.9591896944617,1514.249710150178,-7.2905204557164325,0,-18.0,13.0,-1.6300000000000003,-14.0,-25.0,50.39999999999999,-44.4,-5.9999999999999964,-3.0,-1.0,9.0,0.0,0.0,-40.0,-33.33333333333333,0.0,-33.333333333333336,0.0,-4.0,-0.696,6.0,6.0,0.7333333333333334
12,2021-1665-khaos williams--matthew semelsberger,2021,0,839,1055,Khaos Williams,matthew semelsberger,170,185,0,-15.0,1489.5432469446114,1500.0,-10.456753055388617,1,39.0,40.0,-5.39,0.0,51.0,66.7,0.0,33.3,0.0,0.0,10.0,0.0,0.35,66.66666666666667,100.0,100.0,0.0,0.0,2.0,0.84,-0.0,-0.0,-1.0
12,2021-1666-khaos williams--miguel baeza,2021,0,839,1056,Khaos Williams,miguel baeza,170,185,0,-15.0,1501.5411543753976,1500.0,1.541154375397582,1,39.0,40.0,-5.39,0.0,51.0,66.7,0.0,33.3,0.0,0.0,10.0,0.0,0.35,66.66666666666667,100.0,100.0,0.0,0.0,2.0,0.84,-0.0,-0.0,-1.0
12,2021-1667-king green--rafael fiziev,2021,0,46,722,King Green,Rafael Fiziev,155,155,1,0.0,1504.4046118926,1547.2090261866078,-42.804414294007756,0,0.0,12.0,1.0499999999999994,-33.0,-16.0,-25.200000000000003,23.5,1.6999999999999957,0.0,0.0,21.0,0.0,0.0,-15.0,-33.333333333333336,-33.333333333333336,0.0,0.0,1.0,0.03199999999999992,11.666666666666666,-0.0,-0.9333333333333331
12,2021-1668-kolton englund--manuel torres,2021,0,1057,1058,Manuel Torres,kolton englund,155,185,0,-30.0,1500.0,1500.0,0.0,1,60.0,52.0,-4.2,66.0,88.0,80.0,20.0,0.0,0.0,0.0,6.0,0.0,0.0,0.0,0.0,0.0,0.0,0.0,0.0,0.0,-0.0,-0.0,0.0
12,2021-1669-kris moutinho--sean omalley,2021,0,501,1059,Sean O'Malley,Kris Moutinho,135,135,1,0.0,1519.2783494764465,1500.0,19.278349476446465,1,30.0,31.0,11.2,42.0,61.0,-36.4,0.0,36.4,2.0,2.0,11.0,0.0,0.35,80.0,75.0,75.0,0.0,0.0,2.0,0.904,6.0,6.0,1.3333333333333335
12,2021-1670-krzysztof jotko--sean strickland,2021,0,276,815,Sean Strickland,krzysztof jotko,185,185,1,0.0,1512.6754305764064,1500.0,12.67543057640637,1,42.0,60.0,-4.57,64.0,76.0,25.0,6.2,68.8,6.0,1.0,23.0,0.0,0.35,60.0,66.66666666666667,66.66666666666667,0.0,0.0,2.0,0.8784,9.0,9.0,-0.19999999999999996
12,2021-1671-kyle daukaus--phil hawes,2021,0,866,920,kyle daukaus,phil hawes,185,185,1,0.0,1496.3668775512524,1500.0,-3.6331224487475993,0,53.0,42.0,-2.93,25.0,82.0,25.0,25.0,50.0,0.0,0.0,8.0,0.0,0.35,66.66666666666667,0.0,0.0,0.0,0.0,-1.0,0.4,-0.0,-0.0,0.4444444444444445
12,2021-1672-kyler phillips--raulian paiva,2021,0,571,609,Kyler Phillips,raulian paiva,135,185,0,-50.0,1521.4903537368946,1500.0,21.490353736894576,0,42.0,60.0,-3.83,45.0,75.0,28.6,14.3,57.1,2.0,0.0,10.0,0.0,0.35,100.0,66.66666666666667,66.66666666666667,0.0,0.0,3.0,1.0,-0.0,-0.0,3.0
12,2021-1673-kyler phillips--song yadong,2021,0,514,571,Song Yadong,Kyler Phillips,135,135,1,0.0,1606.3239687102252,1505.9891196419562,100.33484906826902,0,1.0,-5.0,-0.16999999999999993,-7.0,-2.0,16.800000000000004,-5.200000000000001,-11.600000000000001,5.0,0.0,5.0,0.0,0.0,0.0,-6.666666666666671,-26.66666666666667,20.0,0.0,2.0,0.0,5.5,5.5,-1.0
12,2021-1674-kyung ho kang--rani yahya,2021,0,17,696,Rani Yahya,kyung ho kang,135,185,0,-50.0,1488.0818093458558,1500.0,-11.918190654144155,1,38.0,50.0,-2.08,30.0,29.0,0.0,64.7,35.3,0.0,0.0,27.0,0.0,0.2,60.0,100.0,0.0,100.0,0.0,-1.0,0.36160000000000003,5.5,5.5,-0.4666666666666666
12,2021-1675-laureano staropoli--roman dolidze,2021,0,818,932,laureano staropoli,Roman Dolidze,185,185,1,0.0,1500.0,1512.3132868870828,-12.313286887082768,0,-41.0,-48.0,3.72,-39.0,-26.0,-55.6,0.0,-44.4,-4.0,0.0,-13.0,0.0,-0.35,-100.0,-50.0,-50.0,0.0,0.0,-2.0,-1.0,-0.0,-0.0,-1.6666666666666667
12,2021-1676-leon edwards--nate diaz,2021,0,143,228,nate diaz,Leon Edwards,185,170,0,15.0,1500.0,1629.7449656485833,-129.74496564858327,0,-54.0,-53.0,2.42,-36.0,-63.0,-21.499999999999993,-7.1,-71.4,-8.0,-3.0,-18.0,0.0,-0.2,-100.0,-20.0,-20.0,0.0,0.0,-5.0,-1.0,-8.6,-9.25,-1.6
12,2021-1677-lerone murphy--makwan amirkhani,2021,0,510,942,makwan amirkhani,Lerone Murphy,185,145,0,40.0,1500.0,1515.6969135378376,-15.696913537837645,0,-53.0,-61.0,2.51,-54.0,-51.0,-33.3,0.0,-66.7,-4.0,0.0,-10.0,0.0,-0.35,-100.0,-100.0,-100.0,0.0,0.0,-1.0,-1.0,-0.0,-0.0,0.0
12,2021-1678-li jingliang--santiago ponzinibbio,2021,0,203,241,Santiago Ponzinibbio,Li Jingliang,170,170,1,0.0,1550.5123284711751,1490.3325734395942,60.17975503158095,0,-1.0,5.0,-0.7299999999999995,-14.0,11.0,-14.400000000000006,0.0,14.400000000000002,1.0,0.0,2.0,0.0,-0.14999999999999997,40.0,-6.666666666666671,-6.666666666666671,0.0,0.0,6.0,0.696,5.333333333333334,5.333333333333334,0.6000000000000001
12,2021-1679-louis smolka--vince morales,2021,0,391,666,louis smolka,Vince Morales,185,135,0,50.0,1500.0,1467.0110016372355,32.988998362764505,0,-37.0,-53.0,4.0,-40.0,-58.0,-33.3,0.0,-66.7,0.0,0.0,-12.0,0.0,-0.35,-20.0,0.0,0.0,0.0,0.0,1.0,-0.24,-0.0,-0.0,1.0
12,2021-1680-ludovit klein--michael trizano,2021,0,799,943,michael trizano,Ludovit Klein,185,155,0,30.0,1500.0,1503.65625,-3.65625,1,-52.0,-52.0,3.34,-51.0,-76.0,-28.6,0.0,-71.4,0.0,0.0,-11.0,0.0,-0.35,-100.0,-100.0,-100.0,0.0,0.0,-1.0,-1.0,-0.0,-0.0,0.0
12,2021-1681-ludovit klein--nate landwehr,2021,0,888,943,Nate Landwehr,Ludovit Klein,145,155,0,-10.0,1468.5967536540757,1477.378968143864,-8.78221448978843,1,-7.0,0.0,-2.49,-10.0,-5.0,-8.600000000000001,40.0,-31.400000000000006,0.0,0.0,-1.0,0.0,0.0,-50.0,-100.0,-100.0,0.0,0.0,-2.0,-0.6,-0.0,-0.0,2.3333333333333335
12,2021-1682-luigi vendramini--paddy pimblett,2021,0,670,1060,luigi vendramini,Paddy Pimblett,185,155,0,30.0,1500.0,1500.0,0.0,0,-53.0,-42.0,3.14,-28.0,-50.0,-28.500000000000007,-42.9,-28.6,-2.0,0.0,-7.0,0.0,0.0,0.0,0.0,0.0,0.0,0.0,0.0,0.0,-0.0,-0.0,0.0
12,2021-1683-magomed ankalaev--nikita krylov,2021,0,201,699,Nikita Krylov,Magomed Ankalaev,205,205,1,0.0,1539.2060418807805,1536.7235804731347,2.4824614076458147,0,2.0,-13.0,-0.1200000000000001,16.0,-34.0,-13.70000000000001,45.5,-31.8,0.0,-1.0,6.0,0.0,0.0,-20.0,-8.333333333333329,-75.0,66.66666666666667,0.0,-2.0,-0.10880000000000001,0.1999999999999993,1.1999999999999993,-2.0
12,2021-1684-magomed ankalaev--volkan oezdemir,2021,0,576,699,Volkan Oezdemir,Magomed Ankalaev,205,205,1,0.0,1571.2699543348947,1591.8719132149672,-20.601958880072516,0,-4.0,-2.0,-1.7599999999999998,7.0,-7.0,0.0,12.5,-12.5,1.0,-1.0,1.0,0.0,0.0,-40.0,-25.0,-25.0,0.0,1.0,-6.0,-0.8399999999999999,4.2,2.5,-2.0
12,2021-1685-manel kape--matheus nicolau,2021,0,964,1061,Manel Kape,matheus nicolau,125,185,0,-60.0,1486.1520386368038,1500.0,-13.847961363196191,0,55.0,57.0,-4.05,30.0,81.0,66.7,0.0,33.3,4.0,0.0,9.0,0.0,0.0,0.0,0.0,0.0,0.0,0.0,0.0,0.0,-0.0,-0.0,0.0
12,2021-1686-manel kape--ode osbourne,2021,0,734,964,Ode Osbourne,Manel Kape,125,125,1,0.0,1497.5727323235674,1465.1136702757183,32.4590620478491,0,-14.0,-10.0,0.6199999999999997,0.0,-15.0,-16.700000000000003,16.7,0.0,-4.0,0.0,4.0,0.0,0.35,50.0,100.0,0.0,100.0,0.0,-1.0,0.4,-0.0,-0.0,0.0
12,2021-1687-manel kape--zhalgas zhumagulov,2021,0,964,966,Manel Kape,zhalgas zhumagulov,125,185,0,-60.0,1470.1022015025878,1500.0,-29.897798497412168,1,55.0,57.0,-4.05,30.0,81.0,66.7,0.0,33.3,4.0,0.0,9.0,0.0,0.0,0.0,0.0,0.0,0.0,0.0,0.0,0.0,-0.0,-0.0,0.0
12,2021-1688-marcin tybura--walt harris,2021,0,288,467,walt harris,Marcin Tybura,185,265,0,-80.0,1500.0,1523.3619456850465,-23.36194568504652,0,-48.0,-55.0,3.33,-33.0,-75.0,-35.8,-7.1,-57.1,-8.0,0.0,-23.0,0.0,-0.35,-80.0,-25.0,-25.0,0.0,0.0,-4.0,-0.9743999999999999,-11.4,-7.0,-2.2666666666666666
12,2021-1689-mario bautista--trevin jones,2021,0,768,1062,Mario Bautista,trevin jones,135,185,0,-50.0,1500.8816611062894,1500.0,0.8816611062893571,0,49.0,55.0,-4.45,33.0,67.0,10.0,30.0,60.0,3.0,0.0,12.0,0.0,0.35,66.66666666666667,50.0,50.0,0.0,0.0,1.0,0.76,-0.0,-0.0,2.3333333333333335
12,2021-1690-marlon moraes--merab dvalishvili,2021,0,503,558,marlon moraes,Merab Dvalishvili,185,135,0,50.0,1500.0,1628.8157070764125,-128.81570707641254,0,-42.0,-56.0,2.48,-35.0,-82.0,-7.7,-7.7,-84.6,-9.0,-3.0,-15.0,0.0,-0.35,-80.0,0.0,0.0,0.0,0.0,-4.0,-0.9743999999999999,-6.5,-6.5,-3.6666666666666665
12,2021-1691-marvin vettori--paulo costa,2021,0,368,559,Marvin Vettori,Paulo Costa,185,185,1,0.0,1629.3454304919169,1566.195139749377,63.15029074253994,1,-13.0,7.0,1.6800000000000006,-5.0,-15.0,-57.1,22.2,34.9,0.0,0.0,6.0,0.0,0.0,0.0,-50.0,-75.0,25.0,-1.0,5.0,0.5743999999999999,1.5,1.5,1.1333333333333337
12,2021-1692-mason jones--mike davis,2021,0,706,1013,Mike Davis,Mason Jones,155,155,1,0.0,1484.5948724306863,1508.575,-23.98012756931371,1,12.0,4.0,-0.7600000000000007,-11.0,-21.0,6.700000000000003,20.0,-26.700000000000003,0.0,0.0,3.0,0.0,0.2,33.333333333333336,100.0,100.0,0.0,0.0,-1.0,0.24,-0.0,-0.0,0.0
12,2021-1693-mateusz gamrot--scott holtzman,2021,0,433,915,scott holtzman,Mateusz Gamrot,185,155,0,30.0,1500.0,1523.4017073446132,-23.401707344613214,0,-51.0,-59.0,3.04,-36.0,-90.0,-37.5,-12.5,-50.0,-6.0,0.0,-11.0,0.0,-0.35,0.0,0.0,0.0,0.0,0.0,1.0,0.0,-0.0,-0.0,1.0
12,2021-1694-matheus nicolau--tim elliott,2021,0,140,1061,Tim Elliott,matheus nicolau,125,185,0,-60.0,1518.4707874946375,1500.0,18.470787494637534,0,44.0,57.0,-2.65,47.0,59.0,0.0,30.0,70.0,9.0,0.0,21.0,0.0,0.35,40.0,0.0,0.0,0.0,0.0,-2.0,0.12160000000000003,12.4,9.8,-0.5333333333333334
12,2021-1695-matt frevola--terrance mckinney,2021,0,586,837,Matt Frevola,Terrance McKinney,155,155,1,0.0,1473.108950539384,1488.5626476470036,-15.453697107619519,0,-16.0,10.0,-1.1099999999999999,-1.0,-41.0,-7.100000000000001,-26.2,33.3,1.0,0.0,0.0,0.0,0.0,75.0,33.333333333333336,0.0,33.333333333333336,0.0,3.0,0.904,-0.0,-0.0,2.0
12,2021-1696-matt schnell--tyson nam,2021,0,469,937,Matt Schnell,tyson nam,125,185,0,-60.0,1526.1437203829887,1500.0,26.143720382988704,1,40.0,55.0,-4.17,40.0,43.0,0.0,42.9,57.1,4.0,0.0,14.0,0.0,0.2,60.0,66.66666666666667,0.0,66.66666666666667,0.0,2.0,0.8784,10.666666666666666,10.666666666666666,1.6666666666666667
12,2021-1697-max griffin--song kenan,2021,0,410,517,Max Griffin,Song Kenan,170,170,1,0.0,1471.359180115976,1502.0782117370554,-30.719031621079466,1,1.0,7.0,2.12,10.0,-3.0,-12.5,0.0,12.5,0.0,0.0,7.0,0.0,0.0,-40.0,-25.0,-25.0,0.0,0.0,-4.0,-0.6832,-0.0,-0.0,1.0
12,2021-1698-max holloway--yair rodriguez,2021,0,137,273,Max Holloway,Yair Rodriguez,145,145,1,0.0,1761.971973681805,1569.1659391626415,192.8060345191634,1,2.0,7.0,-0.9600000000000004,24.0,24.0,11.399999999999999,-0.40000000000000036,-11.0,8.0,3.0,16.0,0.0,0.14999999999999997,-40.0,-25.0,-25.0,0.0,5.0,-5.0,-0.84,1.0,5.25,-1.4666666666666666
12,2021-1699-michael chiesa--neil magny,2021,0,114,187,Michael Chiesa,Neil Magny,170,170,1,0.0,1591.0027137862774,1647.6225732246946,-56.61985943841728,1,-6.0,6.0,0.7400000000000002,8.0,12.0,-30.4,48.400000000000006,-18.0,-8.0,1.0,-14.0,0.0,0.0,-20.0,8.333333333333336,-25.0,33.333333333333336,0.0,-2.0,-0.09599999999999997,2.200000000000001,1.416666666666666,0.583333333333333
12,2021-1700-michael chiesa--sean brady,2021,0,114,769,Michael Chiesa,Sean Brady,170,170,1,0.0,1654.2164693787306,1539.2840663221762,114.93240305655445,0,-15.0,-2.0,1.21,-7.0,-19.0,0.0,7.100000000000001,-7.100000000000001,1.0,1.0,12.0,0.0,0.0,-40.0,0.0,0.0,0.0,0.0,-1.0,-0.12160000000000004,9.4,10.75,0.7499999999999996
12,2021-1701-michael chiesa--vicente luque,2021,0,114,339,Michael Chiesa,Vicente Luque,170,170,1,0.0,1632.769508250181,1568.9565407220982,63.81296752808271,0,-11.0,5.0,3.52,-4.0,6.0,-50.0,19.6,30.4,-3.0,1.0,-2.0,0.0,0.0,-40.0,-46.666666666666664,-80.0,33.333333333333336,0.0,-3.0,-0.12160000000000004,2.0,4.25,4.0
12,2021-1702-michael morales--nikolay veretennikov,2021,0,1063,1064,Michael Morales,Nikolay Veretennikov,170,170,1,0.0,1500.0,1500.0,0.0,1,-6.0,7.0,0.1200000000000001,23.0,27.0,57.1,0.0,-57.1,2.0,0.0,3.0,0.0,0.0,0.0,0.0,0.0,0.0,0.0,0.0,0.0,-0.0,-0.0,0.0
12,2021-1703-michal oleksiejczuk--modestas bukauskas,2021,0,795,856,Michal Oleksiejczuk,Modestas Bukauskas,185,205,0,-20.0,1474.7270937857404,1460.5461900589723,14.180903726768065,1,8.0,8.0,-0.48,-23.0,-28.0,46.1,-14.3,-31.799999999999997,0.0,0.0,5.0,0.0,0.0,0.0,0.0,0.0,0.0,0.0,-2.0,-0.26399999999999996,-0.0,-0.0,0.0
12,2021-1704-michal oleksiejczuk--shamil gamzatov,2021,0,795,1065,Michal Oleksiejczuk,shamil gamzatov,185,185,1,0.0,1482.8929576635128,1500.0,-17.10704233648721,1,51.0,59.0,-4.41,43.0,52.0,88.9,0.0,11.1,0.0,0.0,16.0,0.0,0.35,50.0,100.0,100.0,0.0,0.0,-1.0,0.336,-0.0,-0.0,0.0
12,2021-1705-michel pereira--niko price,2021,0,393,779,Niko Price,Michel Pereira,170,185,0,-15.0,1478.982612562131,1480.9247466943118,-1.942134132180854,0,-9.0,-3.0,-1.2000000000000002,-24.0,-26.0,27.700000000000006,-8.299999999999997,-19.4,-1.0,0.0,3.0,0.0,0.0,0.0,33.33333333333333,33.333333333333336,0.0,0.0,0.0,-0.07039999999999996,7.0,7.0,0.33333333333333337
12,2021-1706-michel prazeres--shavkat rakhmonov,2021,0,442,848,michel prazeres,Shavkat Rakhmonov,185,170,0,15.0,1500.0,1503.65625,-3.65625,0,-60.0,-51.0,2.17,-25.0,-85.0,-14.3,-71.4,-14.3,-4.0,0.0,-7.0,0.0,-0.35,-100.0,-100.0,0.0,-100.0,0.0,-1.0,-1.0,-0.0,-0.0,0.0
12,2021-1707-miguel baeza--santiago ponzinibbio,2021,0,203,1056,Santiago Ponzinibbio,miguel baeza,170,185,0,-15.0,1525.092253019514,1500.0,25.09225301951392,1,41.0,61.0,-4.68,27.0,71.0,58.3,0.0,41.7,3.0,0.0,20.0,0.0,0.2,100.0,60.0,60.0,0.0,0.0,5.0,1.0,11.333333333333334,11.333333333333334,1.3333333333333335
12,2021-1708-mike malott--shimon smotritsky,2021,0,1066,1067,Mike Malott,shimon smotritsky,170,185,0,-15.0,1500.0,1500.0,0.0,1,47.0,54.0,-2.96,56.0,16.0,33.3,50.0,16.7,0.0,0.0,7.0,0.0,0.0,0.0,0.0,0.0,0.0,0.0,0.0,0.0,-0.0,-0.0,0.0
12,2021-1709-misha cirkunov--ryan spann,2021,0,451,582,misha cirkunov,Ryan Spann,185,205,0,-20.0,1500.0,1495.5886497056385,4.411350294361455,0,-39.0,-43.0,4.14,-34.0,-52.0,-30.0,-50.0,-20.0,-3.0,0.0,-17.0,0.0,-0.35,-80.0,-75.0,-25.0,-50.0,0.0,-1.0,-0.76,-9.0,-9.0,-1.6666666666666667
12,2021-1710-movsar evloev--nik lentz,2021,0,313,793,nik lentz,Movsar Evloev,185,145,0,40.0,1500.0,1555.8054470757088,-55.8054470757088,0,-48.0,-60.0,2.66,-48.0,-61.0,0.0,0.0,-100.0,-5.0,0.0,-9.0,0.0,-0.35,-100.0,0.0,0.0,0.0,0.0,-3.0,-1.0,-0.0,-0.0,-2.111111111111111
12,2021-1711-nasrat haqparast--rafa garcia,2021,0,588,999,Nasrat Haqparast,Rafa Garcia,155,155,1,0.0,1485.3654820048532,1477.125,8.24048200485322,1,2.0,3.0,-1.54,-23.0,7.0,20.0,-20.0,0.0,0.0,0.0,5.0,0.0,0.35,80.0,25.0,25.0,0.0,0.0,-1.0,0.4,-0.0,-0.0,1.5
12,2021-1712-nassourdine imavov--phil hawes,2021,0,920,935,phil hawes,Nassourdine Imavov,185,185,1,0.0,1500.0,1558.4448928821616,-58.44489288216164,1,-54.0,-58.0,3.17,-32.0,-81.0,-44.4,0.0,-55.6,-7.0,0.0,-11.0,0.0,-0.35,-100.0,0.0,0.0,0.0,0.0,-1.0,-1.0,-0.0,-0.0,-1.6666666666666667
12,2021-1713-natan levy--rafa garcia,2021,0,999,1068,Rafa Garcia,natan levy,155,185,0,-30.0,1451.0720399357665,1500.0,-48.9279600642335,1,43.0,60.0,-4.47,43.0,77.0,0.0,20.0,80.0,0.0,0.0,9.0,0.0,0.0,0.0,0.0,0.0,0.0,0.0,0.0,0.0,-0.0,-0.0,0.0
12,2021-1714-nicolas dalby--tim means,2021,0,119,330,Tim Means,Nicolas Dalby,170,170,1,0.0,1475.2901307798031,1501.573560301983,-26.28342952217986,1,6.0,8.0,0.040000000000000036,13.0,6.0,25.7,13.3,-39.0,0.0,0.0,16.0,0.0,0.0,0.0,33.333333333333336,0.0,33.333333333333336,0.0,-3.0,-0.5039999999999999,15.0,-0.0,1.1333333333333333
12,2021-1715-orion cosce--phil rowe,2021,0,819,1069,Phil Rowe,orion cosce,170,185,0,-15.0,1475.6066368020358,1500.0,-24.393363197964163,1,49.0,53.0,-4.38,36.0,56.0,100.0,0.0,0.0,0.0,0.0,8.0,0.0,0.2,100.0,100.0,100.0,0.0,0.0,1.0,1.0,-0.0,-0.0,0.0
12,2021-1716-pat sabatini--tristan connelly,2021,0,827,1037,tristan connelly,Pat Sabatini,185,145,0,40.0,1500.0,1504.839085188973,-4.839085188973058,0,-62.0,-49.0,1.22,-48.0,-50.0,0.0,-42.9,-57.1,0.0,0.0,-9.0,0.0,0.0,0.0,0.0,0.0,0.0,0.0,0.0,0.0,-0.0,-0.0,0.0
12,2021-1717-pat sabatini--tucker lutz,2021,0,1037,1070,Pat Sabatini,tucker lutz,145,185,0,-40.0,1516.7059563665084,1500.0,16.705956366508417,1,62.0,49.0,-1.22,48.0,50.0,0.0,42.9,57.1,0.0,0.0,9.0,0.0,0.0,0.0,0.0,0.0,0.0,0.0,0.0,0.0,-0.0,-0.0,0.0
12,2021-1718-ramiz brahimaj--sasha palatnikov,2021,0,948,1071,Ramiz Brahimaj,sasha palatnikov,170,185,0,-15.0,1480.9421848824834,1500.0,-19.05781511751661,1,45.0,43.0,-3.81,41.0,47.0,25.0,75.0,0.0,0.0,0.0,7.0,0.0,0.35,0.0,0.0,0.0,0.0,0.0,-1.0,0.0,-0.0,-0.0,0.0
12,2021-1719-rani yahya--ray rodriguez,2021,0,17,1072,Rani Yahya,ray rodriguez,135,185,0,-50.0,1496.7303182362377,1500.0,-3.2696817637622644,1,38.0,50.0,-2.08,30.0,29.0,0.0,64.7,35.3,0.0,0.0,27.0,0.0,0.2,60.0,100.0,0.0,100.0,0.0,-1.0,0.36160000000000003,5.5,5.5,-0.4666666666666666
12,2021-1720-raoni barcelos--timur valiev,2021,0,645,1073,Raoni Barcelos,timur valiev,135,185,0,-50.0,1539.4158275655286,1500.0,39.415827565528616,0,52.0,60.0,-4.4,33.0,85.0,22.2,22.2,55.6,0.0,0.0,13.0,0.0,0.35,100.0,60.0,40.0,20.0,0.0,5.0,1.0,-0.0,-0.0,2.3333333333333335
12,2021-1721-raphael assuncao--ricky simon,2021,0,290,549,raphael assuncao,Ricky Simon,185,135,0,50.0,1500.0,1543.783580769728,-43.783580769727905,0,-44.0,-61.0,3.72,-43.0,-75.0,-18.2,-27.3,-54.5,-3.0,0.0,-16.0,0.0,-0.35,-60.0,-33.333333333333336,0.0,-33.333333333333336,0.0,-2.0,-0.8655999999999999,-6.666666666666666,-6.666666666666666,-1.2666666666666666
12,2021-1722-raulian paiva--sean omalley,2021,0,501,609,Sean O'Malley,raulian paiva,135,185,0,-50.0,1524.085793342616,1500.0,24.085793342615943,1,61.0,60.0,-3.48,42.0,61.0,63.6,0.0,36.4,2.0,2.0,14.0,0.0,0.35,80.0,75.0,75.0,0.0,0.0,2.0,0.904,6.0,6.0,1.3333333333333335
12,2021-1723-ricardo ramos--zubaira tukhugov,2021,0,249,484,zubaira tukhugov,Ricardo Ramos,185,145,0,40.0,1500.0,1518.6753595009718,-18.67535950097181,1,-36.0,-54.0,4.06,-57.0,-70.0,-25.0,-12.5,-62.5,0.0,0.0,-14.0,0.0,-0.35,-60.0,-33.333333333333336,0.0,-33.333333333333336,0.0,2.0,-0.16000000000000003,-8.0,-8.0,-1.888888888888889
12,2021-1724-roman dolidze--trevin giles,2021,0,797,932,trevin giles,Roman Dolidze,185,185,1,0.0,1500.0,1534.2671173064266,-34.2671173064266,1,-41.0,-48.0,3.72,-39.0,-26.0,-55.6,0.0,-44.4,-4.0,0.0,-13.0,0.0,-0.35,-100.0,-50.0,-50.0,0.0,0.0,-2.0,-1.0,-0.0,-0.0,-1.6666666666666667
12,2021-1725-sam alvey--wellington turman,2021,0,701,813,sam alvey,Wellington Turman,185,170,0,15.0,1500.0,1457.4023565385019,42.59764346149814,0,-51.0,-45.0,4.17,-20.0,-42.0,0.0,-33.3,-66.7,0.0,0.0,-9.0,0.0,-0.35,-33.333333333333336,0.0,0.0,0.0,0.0,2.0,-0.16000000000000003,-0.0,-0.0,-1.0
12,2021-1726-sean omalley--thomas almeida,2021,0,408,501,thomas almeida,Sean O'Malley,185,135,0,50.0,1500.0,1528.8764392142364,-28.87643921423637,0,-61.0,-60.0,3.48,-42.0,-61.0,-63.6,0.0,-36.4,-2.0,-2.0,-14.0,0.0,-0.35,-80.0,-75.0,-75.0,0.0,0.0,-2.0,-0.904,-6.0,-6.0,-1.3333333333333335
12,2021-1727-sean soriano--shayilan nuerdanbieke,2021,0,1050,1074,Shayilan Nuerdanbieke,sean soriano,145,185,0,-40.0,1477.125,1500.0,-22.875,1,45.0,50.0,-2.64,35.0,28.0,33.3,0.0,66.7,0.0,0.0,6.0,0.0,0.0,0.0,0.0,0.0,0.0,0.0,0.0,0.0,-0.0,-0.0,0.0
12,2021-1728-sean strickland--uriah hall,2021,0,191,276,uriah hall,Sean Strickland,185,185,1,0.0,1500.0,1541.9477758803966,-41.94777588039665,0,-42.0,-60.0,4.57,-64.0,-76.0,-25.0,-6.2,-68.8,-6.0,-1.0,-23.0,0.0,-0.35,-60.0,-66.66666666666667,-66.66666666666667,0.0,0.0,-2.0,-0.8784,-9.0,-9.0,0.19999999999999996
12,2021-1729-sean woodson--youssef zalal,2021,0,816,861,Sean Woodson,Youssef Zalal,145,145,1,0.0,1499.1029349504088,1519.4411955443893,-20.33826059398052,1,-4.0,-8.0,-2.38,25.0,25.0,37.5,-42.9,5.399999999999999,-1.0,0.0,0.0,0.0,0.0,-8.333333333333329,50.0,50.0,0.0,0.0,-4.0,-0.5359999999999999,-0.0,-0.0,1.666666666666667
12,2021-1730-sergey morozov--umar nurmagomedov,2021,0,1075,1076,Umar Nurmagomedov,sergey morozov,135,185,0,-50.0,1500.0,1500.0,0.0,1,57.0,60.0,-2.15,39.0,78.0,16.7,33.3,50.0,3.0,0.0,7.0,0.0,0.0,0.0,0.0,0.0,0.0,0.0,0.0,0.0,-0.0,-0.0,0.0
12,2021-1731-serghei spivac--tom aspinall,2021,0,838,843,Serghei Spivac,Tom Aspinall,265,265,1,0.0,1504.5080539896294,1516.9984705681366,-12.490416578507165,0,-19.0,-15.0,-1.3599999999999999,-38.0,-37.0,-37.5,12.5,25.0,0.0,-2.0,5.0,0.0,0.0,-50.0,-50.0,-100.0,50.0,0.0,-3.0,-0.696,6.0,6.0,-0.5000000000000001
12,2021-1732-seungwoo choi--youssef zalal,2021,0,796,861,seungwoo choi,Youssef Zalal,185,145,0,40.0,1500.0,1497.8805659856928,2.119434014307217,1,-50.0,-66.0,1.8,-30.0,-59.0,0.0,-42.9,-57.1,-1.0,0.0,-11.0,0.0,-0.35,-75.0,0.0,0.0,0.0,0.0,-3.0,-0.9359999999999999,-0.0,-0.0,-1.6666666666666665
12,2021-1733-steven nguyen--theo rlayang,2021,0,712,1077,Steven Nguyen,theo rlayang,145,185,0,-40.0,1488.3984375,1500.0,-11.6015625,1,42.0,60.0,-7.1,100.0,88.0,66.7,0.0,33.3,0.0,0.0,5.0,0.0,0.2,0.0,0.0,0.0,0.0,0.0,-1.0,0.0,-0.0,-0.0,0.0
12,2021-1734-sumudaerji--zarrukh adashev,2021,0,697,1078,Sumudaerji,zarrukh adashev,125,185,0,-60.0,1508.979895370903,1500.0,8.979895370903023,1,52.0,60.0,-2.39,11.0,71.0,20.0,0.0,80.0,0.0,0.0,9.0,0.0,0.35,66.66666666666667,50.0,50.0,0.0,0.0,2.0,0.84,-0.0,-0.0,4.333333333333333
12,2021-1735-tyron woodley--vicente luque,2021,0,339,356,Vicente Luque,tyron woodley,170,185,0,-15.0,1654.5754288941557,1500.0,154.57542889415572,1,51.0,52.0,-5.25,51.0,61.0,50.0,37.5,12.5,8.0,0.0,23.0,0.0,0.35,100.0,80.0,80.0,0.0,0.0,5.0,1.0,7.4,6.5,-1.0833333333333335
12,2022-1736-abdul razak alhassan--joaquin buckley,2022,0,597,918,abdul razak alhassan,Joaquin Buckley,185,170,0,15.0,1500.0,1477.7277905171245,22.272209482875496,0,-36.0,-59.0,2.93,-45.0,-72.0,-72.7,0.0,-27.3,-4.0,0.0,-16.0,0.0,-0.35,-60.0,-100.0,-100.0,0.0,0.0,1.0,-0.30400000000000005,-0.0,-0.0,0.0
12,2022-1737-abus magomedov--dustin stoltzfus,2022,0,898,1079,Dustin Stoltzfus,Abus Magomedov,185,185,1,0.0,1431.9946095306254,1500.0,-68.00539046937456,0,-3.0,-9.0,0.54,-16.0,-54.0,25.0,0.0,-25.0,-1.0,0.0,4.0,0.0,0.35,25.0,100.0,100.0,0.0,0.0,-2.0,0.096,-0.0,-0.0,-3.3333333333333335
12,2022-1738-adam fugitt--michael morales,2022,0,1063,1080,Michael Morales,Adam Fugitt,170,170,1,0.0,1508.93125,1500.0,8.931250000000091,1,3.0,2.0,1.23,16.0,39.0,7.100000000000001,0.0,-7.100000000000001,2.0,0.0,2.0,0.0,0.35,100.0,0.0,0.0,0.0,0.0,1.0,1.0,-0.0,-0.0,1.6666666666666667
12,2022-1739-adrian yanez--tony kelley,2022,0,840,1081,Adrian Yanez,tony kelley,135,185,0,-50.0,1541.5764212654758,1500.0,41.5764212654758,1,41.0,54.0,-5.75,0.0,81.0,85.7,0.0,14.3,0.0,0.0,10.0,0.0,0.35,100.0,80.0,80.0,0.0,0.0,5.0,1.0,-0.0,-0.0,1.6666666666666667
12,2022-1740-ahmad hassanzada--nazim sadykhov,2022,0,1082,1083,Nazim Sadykhov,ahmad hassanzada,155,185,0,-30.0,1500.0,1500.0,0.0,1,50.0,50.0,-5.89,55.0,75.0,80.0,20.0,0.0,0.0,0.0,6.0,0.0,0.0,0.0,0.0,0.0,0.0,0.0,0.0,0.0,-0.0,-0.0,0.0
12,2022-1741-aiemann zahabi--ricky turcios,2022,0,482,520,Aiemann Zahabi,Ricky Turcios,135,135,1,0.0,1492.7685256313348,1502.619572207709,-9.851046576374301,1,6.0,17.0,-0.4099999999999997,-6.0,39.0,28.6,0.0,-28.599999999999994,1.0,0.0,3.0,0.0,0.0,0.0,50.0,50.0,0.0,0.0,0.0,0.09599999999999997,-0.0,-0.0,-0.16666666666666663
12,2022-1742-aj dobson--jacob malkoun,2022,0,921,1084,Jacob Malkoun,aj dobson,185,185,1,0.0,1500.4034010326418,1500.0,0.4034010326417956,1,56.0,52.0,-2.48,42.0,20.0,25.0,0.0,75.0,0.0,0.0,7.0,0.0,0.35,50.0,0.0,0.0,0.0,0.0,1.0,0.6,-0.0,-0.0,3.0
12,2022-1743-alan patrick--michael johnson,2022,0,81,598,Michael Johnson,alan patrick,155,185,0,-30.0,1403.9816747244329,1500.0,-96.01832527556712,1,39.0,58.0,-3.79,38.0,81.0,37.5,0.0,62.5,3.0,0.0,31.0,0.0,0.35,0.0,0.0,0.0,0.0,0.0,-5.0,0.0,9.2,10.0,0.4000000000000001
12,2022-1744-alatengheili--chad anheliger,2022,0,715,991,Alatengheili,Chad Anheliger,135,135,1,0.0,1492.3344108908066,1506.1875,-13.853089109193434,1,-14.0,4.0,-2.3600000000000003,13.0,37.0,-13.299999999999997,0.0,13.299999999999997,1.0,0.0,3.0,0.0,0.0,-33.33333333333333,0.0,0.0,0.0,0.0,-2.0,-0.6,7.0,7.0,-1.3333333333333333
12,2022-1745-alatengheili--kevin croom,2022,0,715,961,Alatengheili,kevin croom,135,185,0,-50.0,1511.6499498195046,1500.0,11.649949819504627,1,32.0,57.0,-5.12,43.0,75.0,20.0,0.0,80.0,1.0,0.0,9.0,0.0,0.35,66.66666666666667,0.0,0.0,0.0,0.0,-1.0,0.4,7.0,7.0,-0.3333333333333333
12,2022-1746-albert duraev--joaquin buckley,2022,0,918,959,Joaquin Buckley,albert duraev,170,185,0,-15.0,1486.6178274982738,1500.0,-13.382172501726245,1,36.0,59.0,-2.93,45.0,72.0,72.7,0.0,27.3,4.0,0.0,16.0,0.0,0.35,60.0,100.0,100.0,0.0,0.0,-1.0,0.30400000000000005,-0.0,-0.0,0.0
12,2022-1747-alejandro perez--jonathan martinez,2022,0,617,717,Jonathan Martinez,alejandro perez,135,185,0,-50.0,1490.1262670858077,1500.0,-9.87373291419226,1,49.0,56.0,-4.09,35.0,68.0,40.0,0.0,60.0,1.0,0.0,15.0,0.0,0.35,60.0,33.333333333333336,33.333333333333336,0.0,0.0,-1.0,0.30400000000000005,-0.0,-0.0,0.6666666666666667
12,2022-1748-aleksandar rakic--jan blachowicz,2022,0,265,485,Jan Blachowicz,Aleksandar Rakic,205,205,1,0.0,1818.938719790444,1623.564116188992,195.374603601452,1,-1.0,1.0,-0.11999999999999966,25.0,-16.0,8.299999999999997,16.7,-25.0,4.0,2.0,11.0,0.0,0.0,-20.0,41.66666666666667,41.66666666666667,0.0,3.0,-2.0,-0.22720000000000007,-3.3000000000000007,3.25,-1.2000000000000002
12,2022-1749-alen amedovski--joe pyfer,2022,0,899,1085,Joe Pyfer,alen amedovski,185,185,1,0.0,1486.2890625,1500.0,-13.7109375,1,43.0,54.0,-3.2,42.0,60.0,66.6,16.7,16.7,0.0,0.0,8.0,0.0,0.35,0.0,0.0,0.0,0.0,0.0,-1.0,0.0,-0.0,-0.0,0.0
12,2022-1750-alessandro costa--amir albazi,2022,0,853,1086,Amir Albazi,Alessandro Costa,125,125,1,0.0,1514.5049106647389,1500.0,14.504910664738873,1,-13.0,4.0,-0.20999999999999996,20.0,-40.0,-46.7,40.0,6.700000000000003,4.0,0.0,1.0,0.0,0.35,100.0,50.0,0.0,50.0,0.0,2.0,1.0,5.0,5.0,1.0
12,2022-1751-alessandro costa--juan andres luna,2022,0,1086,1087,Alessandro Costa,juan andres luna,125,185,0,-60.0,1484.970921764574,1500.0,-15.029078235425914,1,47.0,57.0,-3.5,12.0,90.0,66.7,0.0,33.3,0.0,0.0,5.0,0.0,0.0,0.0,0.0,0.0,0.0,0.0,0.0,0.0,-0.0,-0.0,0.0
12,2022-1752-alessio di chirico--roman kopylov,2022,0,719,812,alessio di chirico,Roman Kopylov,185,185,1,0.0,1500.0,1469.327469680804,30.672530319196085,0,-50.0,-53.0,5.08,-42.0,-87.0,-83.3,0.0,-16.7,0.0,0.0,-10.0,0.0,-0.35,0.0,0.0,0.0,0.0,0.0,2.0,0.0,-0.0,-0.0,2.3333333333333335
12,2022-1753-alex caceres--julian erosa,2022,0,86,352,Alex Caceres,Julian Erosa,145,145,1,0.0,1541.4076652099855,1468.111760116143,73.29590509384252,1,1.0,14.0,3.1799999999999997,25.0,3.0,-17.5,-15.0,32.5,1.0,0.0,11.0,0.0,0.0,20.0,-50.0,-33.333333333333336,-16.66666666666667,0.0,3.0,0.24,11.0,-0.0,2.666666666666667
12,2022-1754-alex caceres--sodiq yusuff,2022,0,86,705,Alex Caceres,Sodiq Yusuff,145,155,0,-10.0,1568.0709551213818,1510.9079211735025,57.163033947879285,0,0.0,9.0,1.2000000000000002,45.0,2.0,-16.1,10.7,5.399999999999999,-1.0,0.0,18.0,0.0,0.0,0.0,25.0,-25.0,50.0,0.0,5.0,0.5743999999999999,1.0,-10.0,1.3333333333333335
12,2022-1755-alex morono--matthew semelsberger,2022,0,371,1055,Alex Morono,matthew semelsberger,170,185,0,-15.0,1544.0826622560608,1500.0,44.08266225606076,1,40.0,56.0,-4.78,24.0,47.0,15.4,15.4,69.2,1.0,0.0,22.0,0.0,0.35,80.0,25.0,25.0,0.0,0.0,3.0,0.9616,6.5,5.0,1.9333333333333331
12,2022-1756-alex morono--santiago ponzinibbio,2022,0,203,371,Santiago Ponzinibbio,Alex Morono,170,170,1,0.0,1525.1345229076937,1568.132481604518,-42.9979586968243,1,1.0,5.0,0.10000000000000053,3.0,24.0,42.9,-15.4,-27.5,2.0,0.0,-2.0,0.0,0.0,-20.0,8.333333333333336,8.333333333333336,0.0,0.0,-4.0,-0.6576,4.0,5.0,-1.333333333333333
12,2022-1757-alex oliveira--kevin holland,2022,0,300,691,alex oliveira,Kevin Holland,185,170,0,15.0,1500.0,1492.0242995155302,7.975700484469826,0,-50.0,-50.0,3.22,-38.0,-55.0,-31.299999999999994,-37.5,-31.2,-4.0,0.0,-27.0,0.0,-0.35,-60.0,-66.66666666666667,-66.66666666666667,0.0,0.0,2.0,-0.16000000000000003,-11.333333333333334,-13.5,1.1333333333333333
12,2022-1758-alex pereira--bruno silva,2022,0,870,962,bruno silva,Alex Pereira,185,205,0,-20.0,1500.0,1503.65625,-3.65625,0,-62.0,-53.0,3.5,-50.0,-78.0,-77.8,0.0,-22.2,-6.0,-5.0,-11.0,0.0,-0.35,-100.0,-100.0,-100.0,0.0,0.0,-1.0,-1.0,-0.0,-0.0,0.0
12,2022-1759-alex pereira--israel adesanya,2022,1,630,962,Israel Adesanya,Alex Pereira,185,205,0,-20.0,1856.6265138196945,1522.73093621309,333.89557760660455,0,-14.0,2.0,0.2999999999999998,-39.0,-2.0,-39.3,0.0,39.3,3.0,3.0,7.0,0.0,0.0,-20.0,-75.0,-75.0,0.0,4.0,-2.0,-0.6,12.8,14.25,1.4666666666666668
12,2022-1760-alex pereira--sean strickland,2022,0,276,962,Sean Strickland,Alex Pereira,185,205,0,-20.0,1587.445823932735,1813.1087415124223,-225.66291757968725,0,-20.0,7.0,-1.0700000000000003,14.0,-2.0,-52.8,6.2,46.599999999999994,0.0,-4.0,12.0,0.0,0.0,-20.0,-75.0,-75.0,0.0,0.0,3.0,-0.025600000000000067,8.666666666666666,8.5,1.6
12,2022-1761-alex perez--alexandre pantoja,2022,0,491,498,Alex Perez,Alexandre Pantoja,125,125,1,0.0,1597.7361337378538,1653.7666201608472,-56.03048642299336,0,-4.0,9.0,0.6799999999999997,-1.0,8.0,23.299999999999994,-5.399999999999999,-17.9,-7.0,-5.0,-4.0,0.0,0.0,20.0,-16.66666666666667,-8.333333333333336,-8.333333333333336,1.0,0.0,0.025600000000000067,3.3499999999999996,-2.133333333333333,3.0
12,2022-1762-alexander gustafsson--nikita krylov,2022,0,201,374,Nikita Krylov,alexander gustafsson,205,185,0,20.0,1516.4385551645491,1500.0,16.438555164549143,1,54.0,44.0,-2.58,38.0,53.0,36.29999999999999,45.5,18.2,7.0,0.0,20.0,0.0,0.35,40.0,50.0,0.0,50.0,0.0,-1.0,0.336,9.2,10.8,-0.11111111111111109
12,2022-1763-alexander hernandez--billy quarantillo,2022,0,602,743,Alexander Hernandez,Billy Quarantillo,155,145,0,10.0,1493.1166780157146,1485.018296798637,8.098381217077531,0,-14.0,16.0,1.2300000000000004,12.0,12.0,-12.700000000000003,-14.3,27.0,3.0,0.0,4.0,0.0,0.0,-20.0,33.33333333333333,33.33333333333333,0.0,0.0,-2.0,-0.45599999999999996,0.8000000000000007,-0.0,1.5555555555555556
12,2022-1764-alexander hernandez--renato moicano,2022,0,291,602,Renato Moicano,Alexander Hernandez,155,155,1,0.0,1555.8769038435007,1464.8278161800167,91.04908766348399,1,8.0,1.0,1.0299999999999998,5.0,-11.0,-27.7,50.0,-22.300000000000004,4.0,0.0,3.0,0.0,0.0,0.0,0.0,-100.0,100.0,0.0,3.0,0.5616,6.6,7.0,0.8888888888888891
12,2022-1765-alexander volkanovski--chan sung jung,2022,1,375,639,Alexander Volkanovski,chan sung jung,145,185,0,-40.0,1828.015154870128,1500.0,328.0151548701281,1,56.0,58.0,-3.36,34.0,70.0,35.7,0.0,64.3,9.0,7.0,17.0,0.0,0.35,100.0,20.0,20.0,0.0,3.0,5.0,1.0,16.2,18.666666666666668,2.5333333333333337
12,2022-1766-alexander volkanovski--max holloway,2022,1,137,375,Max Holloway,Alexander Volkanovski,145,145,1,0.0,1745.0572998179844,1971.1748081015294,-226.11750828354502,0,-8.0,1.0,-1.3800000000000003,19.0,13.0,12.099999999999994,8.7,-20.799999999999997,6.0,-2.0,14.0,0.0,0.0,-40.0,-20.0,-20.0,0.0,0.0,-3.0,-0.13440000000000007,-3.8,-2.666666666666667,-0.9333333333333336
12,2022-1767-alexander volkov--jairzinho rozenstruik,2022,0,377,1002,Alexander Volkov,jairzinho rozenstruik,265,185,0,80.0,1651.0990182957844,1500.0,151.0990182957844,1,57.0,54.0,-2.99,66.0,72.0,50.0,8.3,41.7,12.0,0.0,17.0,0.0,0.35,60.0,66.66666666666667,66.66666666666667,0.0,0.0,1.0,0.7216,12.2,14.2,0.4000000000000001
12,2022-1768-alexander volkov--tom aspinall,2022,0,377,843,Alexander Volkov,Tom Aspinall,265,265,1,0.0,1711.6902846024036,1535.213953511885,176.47633109051867,0,-10.0,-11.0,-0.10000000000000009,-34.0,-28.0,-25.0,-16.7,41.7,7.0,-2.0,8.0,0.0,0.0,-40.0,-33.33333333333333,-8.333333333333329,-25.0,0.0,-3.0,-0.2784,6.2,8.2,0.4000000000000001
12,2022-1769-alexandr romanov--marcin tybura,2022,0,467,1088,Marcin Tybura,alexandr romanov,265,185,0,80.0,1560.6600181858935,1500.0,60.66001818589348,1,48.0,55.0,-3.33,33.0,75.0,35.8,7.1,57.1,8.0,0.0,23.0,0.0,0.35,80.0,25.0,25.0,0.0,0.0,1.0,0.76,11.4,13.5,1.5333333333333334
12,2022-1770-aliaskhab khizriev--denis tiuliulin,2022,0,851,1089,Aliaskhab Khizriev,denis tiuliulin,185,185,1,0.0,1502.7421875,1500.0,2.7421875,1,64.0,61.0,-4.38,60.0,100.0,0.0,100.0,0.0,0.0,0.0,2.0,0.0,0.35,100.0,100.0,0.0,100.0,0.0,1.0,1.0,-0.0,-0.0,0.0
12,2022-1771-aljamain sterling--petr yan,2022,1,212,667,Aljamain Sterling,Petr Yan,145,135,0,10.0,1777.7191538342265,1708.4243007387597,69.2948530954668,1,-2.0,1.0,1.9299999999999997,-18.0,-41.0,-24.599999999999998,23.5,-4.800000000000004,4.0,2.0,7.0,0.0,0.0,20.0,-5.0,-25.0,20.0,-2.0,6.0,0.6,2.3999999999999995,-1.5499999999999998,-0.7
12,2022-1772-aljamain sterling--tj dillashaw,2022,1,212,530,Aljamain Sterling,tj dillashaw,145,185,0,-40.0,1896.567796336424,1500.0,396.56779633642395,1,52.0,59.0,-2.21,30.0,44.0,11.8,23.5,58.8,13.0,4.0,22.0,0.0,0.35,100.0,20.0,0.0,20.0,1.0,5.0,1.0,12.8,13.25,1.8
12,2022-1773-allan begosso--farid basharat,2022,0,1090,1091,Farid Basharat,allan begosso,135,185,0,-50.0,1500.0,1500.0,0.0,1,55.0,59.0,-2.57,44.0,80.0,0.0,20.0,80.0,0.0,0.0,5.0,0.0,0.0,0.0,0.0,0.0,0.0,0.0,0.0,0.0,-0.0,-0.0,0.0
12,2022-1774-allan nascimento--jake hadley,2022,0,610,1035,Allan Nascimento,jake hadley,125,185,0,-60.0,1479.7676589001255,1500.0,-20.232341099874475,1,60.0,50.0,-1.96,24.0,30.0,0.0,33.3,66.7,0.0,0.0,5.0,0.0,0.35,0.0,0.0,0.0,0.0,0.0,-2.0,0.0,5.0,5.0,-1.0
12,2022-1775-alonzo menifield--askar mozharov,2022,0,504,1092,Alonzo Menifield,askar mozharov,205,185,0,20.0,1482.9005711504378,1500.0,-17.099428849562173,1,53.0,50.0,-3.76,31.0,78.0,50.0,16.7,33.3,4.0,0.0,18.0,0.0,0.35,40.0,50.0,0.0,50.0,0.0,2.0,0.84,-0.0,-0.0,0.11111111111111109
12,2022-1776-alonzo menifield--misha cirkunov,2022,0,451,504,misha cirkunov,Alonzo Menifield,185,205,0,-20.0,1500.0,1488.5947254817984,11.405274518201622,0,-53.0,-50.0,3.76,-31.0,-78.0,-50.0,-16.7,-33.3,-4.0,0.0,-18.0,0.0,-0.35,-40.0,-50.0,0.0,-50.0,0.0,-2.0,-0.84,-0.0,-0.0,-0.11111111111111109
12,2022-1777-amir albazi--francisco figueiredo,2022,0,853,1093,Amir Albazi,francisco figueiredo,125,185,0,-60.0,1586.867139205679,1500.0,86.867139205679,1,34.0,61.0,-3.71,32.0,50.0,20.0,40.0,40.0,4.0,0.0,6.0,0.0,0.35,100.0,50.0,0.0,50.0,0.0,2.0,1.0,5.0,5.0,1.0
12,2022-1778-amiran gogoladze--darrius flowers,2022,0,1094,1095,Darrius Flowers,amiran gogoladze,155,185,0,-30.0,1500.0,1500.0,0.0,1,49.0,44.0,-5.49,28.0,63.0,0.0,100.0,0.0,0.0,0.0,4.0,0.0,0.0,0.0,0.0,0.0,0.0,0.0,0.0,0.0,-0.0,-0.0,0.0
12,2022-1779-andre fialho--jake matthews,2022,0,239,1096,Jake Matthews,andre fialho,170,185,0,-15.0,1510.7441889960787,1500.0,10.74418899607872,1,43.0,60.0,-2.63,42.0,67.0,13.3,40.0,46.7,0.0,0.0,22.0,0.0,0.35,80.0,0.0,0.0,0.0,0.0,-1.0,0.4,-0.0,-0.0,1.8
12,2022-1780-andre fialho--michel pereira,2022,0,779,1096,Michel Pereira,andre fialho,185,185,1,0.0,1494.793325636516,1500.0,-5.206674363483899,1,52.0,51.0,-4.35,52.0,76.0,22.299999999999994,33.3,44.4,1.0,0.0,14.0,0.0,0.35,80.0,50.0,25.0,25.0,0.0,1.0,0.76,-0.0,-0.0,0.11111111111111109
12,2022-1781-andre fialho--muslim salikhov,2022,0,489,1096,Muslim Salikhov,andre fialho,170,185,0,-15.0,1539.6128602151082,1500.0,39.612860215108185,1,49.0,62.0,-2.92,32.0,72.0,55.6,0.0,44.4,0.0,0.0,13.0,0.0,0.35,100.0,40.0,40.0,0.0,0.0,5.0,1.0,-0.0,-0.0,2.555555555555556
12,2022-1782-andre fili--bill algeo,2022,0,159,980,Andre Fili,bill algeo,145,185,0,-40.0,1479.5699775568423,1500.0,-20.430022443157668,1,37.0,51.0,-4.23,45.0,71.0,30.8,0.0,69.2,2.0,0.0,24.0,0.0,0.35,60.0,33.333333333333336,33.333333333333336,0.0,0.0,-1.0,0.30400000000000005,7.0,5.0,0.06666666666666665
12,2022-1783-andre fili--joanderson brito,2022,0,159,1016,Andre Fili,Joanderson Brito,145,145,1,0.0,1488.448459606189,1506.43125,-17.982790393811,0,-13.0,9.0,-1.7400000000000002,-23.0,15.0,-19.2,-33.3,52.5,2.0,0.0,15.0,0.0,0.0,-40.0,33.333333333333336,33.333333333333336,0.0,0.0,-2.0,-0.696,7.0,5.0,-0.9333333333333333
12,2022-1784-andre muniz--uriah hall,2022,0,191,614,uriah hall,Andre Muniz,185,185,1,0.0,1500.0,1551.5902967767402,-51.59029677674016,0,-49.0,-51.0,2.33,-49.0,-35.0,0.0,-50.0,-50.0,-1.0,0.0,-11.0,0.0,-0.35,-100.0,-80.0,0.0,-80.0,0.0,-5.0,-1.0,-0.0,-0.0,-1.5
12,2022-1785-andre petroski--nick maximov,2022,0,968,1004,Andre Petroski,nick maximov,185,185,1,0.0,1507.2996752852591,1500.0,7.299675285259127,1,49.0,52.0,-2.75,51.0,86.0,12.5,25.0,62.5,0.0,0.0,11.0,0.0,0.35,100.0,100.0,50.0,50.0,0.0,2.0,1.0,-0.0,-0.0,0.0
12,2022-1786-andre petroski--wellington turman,2022,0,813,968,Wellington Turman,Andre Petroski,170,185,0,-15.0,1474.4279787286246,1518.4905929193483,-44.06261419072371,0,2.0,-7.0,-1.42,-31.0,-44.0,-12.5,8.299999999999997,4.200000000000003,0.0,0.0,-2.0,0.0,0.0,-60.0,-100.0,-50.0,-50.0,0.0,-3.0,-0.7343999999999999,-0.0,-0.0,1.0
12,2022-1787-andreas michailidis--rinat fakhretdinov,2022,0,857,1097,andreas michailidis,Rinat Fakhretdinov,185,170,0,15.0,1500.0,1500.0,0.0,0,-52.0,-54.0,3.61,-34.0,-91.0,-16.600000000000005,-16.7,-66.7,0.0,0.0,-7.0,0.0,0.0,0.0,0.0,0.0,0.0,0.0,0.0,0.0,-0.0,-0.0,0.0
12,2022-1788-anshul jubli--kyeungpyo kim,2022,0,1098,1099,Anshul Jubli,kyeungpyo kim,155,185,0,-30.0,1500.0,1500.0,0.0,1,46.0,50.0,-5.72,18.0,63.0,50.0,0.0,50.0,0.0,1.0,4.0,0.0,0.0,0.0,0.0,0.0,0.0,0.0,0.0,0.0,-0.0,-0.0,0.0
12,2022-1789-anthony hernandez--josh fremd,2022,0,731,1100,Anthony Hernandez,josh fremd,185,185,1,0.0,1483.1494406605268,1500.0,-16.850559339473193,1,62.0,49.0,-2.53,48.0,68.0,22.2,55.6,22.2,4.0,0.0,11.0,0.0,0.35,50.0,100.0,0.0,100.0,0.0,1.0,0.664,-0.0,-0.0,0.0
12,2022-1790-anthony hernandez--marcandre barriault,2022,0,730,731,Marc-Andre Barriault,Anthony Hernandez,185,185,1,0.0,1482.3734602944064,1499.132430540584,-16.75897024617757,0,-15.0,1.0,-3.1,-20.0,0.0,27.8,-38.900000000000006,11.099999999999998,-4.0,0.0,4.0,0.0,0.0,-10.0,-50.0,50.0,-100.0,0.0,1.0,0.17599999999999993,-0.0,-0.0,-0.5
12,2022-1791-anthony smith--magomed ankalaev,2022,0,618,699,anthony smith,Magomed Ankalaev,185,205,0,-20.0,1500.0,1617.1476070489182,-117.14760704891819,0,-52.0,-57.0,2.46,-22.0,-87.0,-50.0,0.0,-50.0,-7.0,-1.0,-14.0,0.0,-0.35,-100.0,-40.0,-40.0,0.0,0.0,-5.0,-1.0,-11.0,-11.0,-1.888888888888889
12,2022-1792-anton turkalj--jailton almeida,2022,0,1033,1101,Jailton Almeida,anton turkalj,205,185,0,20.0,1503.65625,1500.0,3.65625,1,65.0,41.0,-0.89,60.0,60.0,33.3,55.6,11.1,5.0,0.0,10.0,0.0,0.35,100.0,100.0,0.0,100.0,0.0,1.0,1.0,-0.0,-0.0,0.0
12,2022-1793-anvar boynazarov--erik silva,2022,0,1102,1103,Erik Silva,anvar boynazarov,145,185,0,-40.0,1500.0,1500.0,0.0,1,70.0,40.0,-1.57,80.0,62.0,100.0,0.0,0.0,0.0,0.0,3.0,0.0,0.0,0.0,0.0,0.0,0.0,0.0,0.0,0.0,-0.0,-0.0,0.0
12,2022-1794-aoriqileng--cameron else,2022,0,872,973,cameron else,Aoriqileng,185,135,0,50.0,1500.0,1464.5185195543756,35.481480445624356,0,-49.0,-48.0,5.46,-46.0,-58.0,-33.3,0.0,-66.7,0.0,0.0,-7.0,0.0,-0.35,0.0,0.0,0.0,0.0,0.0,2.0,0.0,-0.0,-0.0,1.1666666666666665
12,2022-1795-aoriqileng--jay perrin,2022,0,973,1104,Aoriqileng,jay perrin,135,185,0,-50.0,1470.286634120396,1500.0,-29.713365879603998,1,49.0,48.0,-5.46,46.0,58.0,33.3,0.0,66.7,0.0,0.0,7.0,0.0,0.35,0.0,0.0,0.0,0.0,0.0,-2.0,0.0,-0.0,-0.0,-1.1666666666666665
12,2022-1796-arman tsarukyan--damir ismagulov,2022,0,733,772,Arman Tsarukyan,damir ismagulov,155,185,0,-30.0,1540.3418058839197,1500.0,40.34180588391973,1,48.0,53.0,-1.84,37.0,75.0,44.4,0.0,55.6,6.0,0.0,11.0,0.0,0.35,80.0,25.0,25.0,0.0,0.0,3.0,0.9616,6.0,6.0,1.0833333333333335
12,2022-1797-arman tsarukyan--joel alvarez,2022,0,733,773,Arman Tsarukyan,Joel Alvarez,155,155,1,0.0,1594.1651061257394,1515.7767485623785,78.38835756336084,1,-5.0,3.0,1.4799999999999998,37.0,35.0,-12.700000000000003,-42.9,55.6,5.0,0.0,2.0,0.0,0.0,0.0,-75.0,-25.0,-50.0,0.0,0.0,0.0,1.0,1.0,4.083333333333334
12,2022-1798-arman tsarukyan--mateusz gamrot,2022,0,733,915,Arman Tsarukyan,Mateusz Gamrot,155,155,1,0.0,1645.1698899206904,1524.740832056936,120.42905786375445,0,-3.0,-6.0,1.2,1.0,-15.0,6.899999999999999,-12.5,5.600000000000001,0.0,0.0,0.0,0.0,0.0,5.0,-75.0,-41.66666666666667,-33.333333333333336,0.0,0.0,0.025600000000000067,-2.0,-2.0,2.0833333333333335
12,2022-1799-armen petrosyan--caio borralho,2022,0,953,1105,Caio Borralho,armen petrosyan,185,185,1,0.0,1512.5561828265556,1500.0,12.556182826555641,1,56.0,60.0,-2.5,48.0,76.0,22.2,11.1,66.7,2.0,0.0,10.0,0.0,0.35,100.0,50.0,50.0,0.0,0.0,2.0,1.0,-0.0,-0.0,1.6666666666666667
12,2022-1800-armen petrosyan--gregory rodrigues,2022,0,913,1105,Gregory Rodrigues,armen petrosyan,185,185,1,0.0,1501.6208787681614,1500.0,1.6208787681614467,0,51.0,50.0,-5.04,38.0,90.0,75.0,0.0,25.0,0.0,0.0,12.0,0.0,0.35,66.66666666666667,50.0,50.0,0.0,0.0,2.0,0.84,-0.0,-0.0,2.3333333333333335
12,2022-1801-arnold allen--calvin kattar,2022,0,297,506,Arnold Allen,Calvin Kattar,145,145,1,0.0,1590.8607818013058,1544.193442719831,46.66733908147489,1,4.0,7.0,3.67,18.0,-2.0,-38.900000000000006,18.2,20.700000000000003,0.0,0.0,-2.0,0.0,0.0,40.0,-46.66666666666667,-66.66666666666667,20.0,0.0,6.0,0.6255999999999999,-2.4000000000000004,-4.4,3.2
12,2022-1802-arnold allen--dan hooker,2022,0,235,297,Dan Hooker,Arnold Allen,155,145,0,10.0,1579.863643377136,1714.8298800708676,-134.96623669373162,0,7.0,-10.0,-1.8399999999999999,-13.0,3.0,31.8,-3.8999999999999986,-27.9,3.0,0.0,9.0,0.0,0.0,-60.0,-20.0,0.0,-20.0,0.0,-6.0,-0.7216,4.0,5.4,-1.4
12,2022-1803-askar askarov--kai karafrance,2022,0,668,850,Kai Kara-France,askar askarov,125,185,0,-60.0,1634.760498467427,1500.0,134.76049846742694,1,40.0,64.0,-3.24,30.0,83.0,37.5,0.0,62.5,7.0,0.0,13.0,0.0,0.35,80.0,50.0,50.0,0.0,0.0,3.0,0.9616,9.8,10.6,1.8666666666666667
12,2022-1804-augusto sakai--serghei spivac,2022,0,737,838,augusto sakai,Serghei Spivac,185,265,0,-80.0,1500.0,1489.1980046385252,10.801995361474837,0,-48.0,-50.0,4.25,-62.0,-63.0,-37.5,-37.5,-25.0,-5.0,0.0,-14.0,0.0,-0.35,-60.0,-33.333333333333336,-33.333333333333336,0.0,0.0,-2.0,-0.8655999999999999,-6.0,-6.0,7.401486830834377e-17
12,2022-1805-austen lane--richard jacobi,2022,0,623,1106,Austen Lane,richard jacobi,265,185,0,80.0,1493.47412109375,1500.0,-6.52587890625,1,50.0,40.0,-2.23,28.0,33.0,50.0,0.0,50.0,0.0,0.0,7.0,0.0,0.2,0.0,0.0,0.0,0.0,0.0,-1.0,0.0,-0.0,-0.0,0.0
12,2022-1806-azamat murzakanov--devin clark,2022,0,544,976,devin clark,Azamat Murzakanov,185,205,0,-20.0,1500.0,1503.65625,-3.65625,0,-57.0,-61.0,2.86,-15.0,-83.0,-83.3,0.0,-16.7,-3.0,0.0,-6.0,0.0,-0.35,-100.0,-100.0,-100.0,0.0,0.0,-1.0,-1.0,-0.0,-0.0,0.0
12,2022-1807-azamat murzakanov--tafon nchukwi,2022,0,976,1052,Azamat Murzakanov,tafon nchukwi,205,185,0,20.0,1509.2664518273793,1500.0,9.266451827379342,1,57.0,61.0,-2.86,15.0,83.0,83.3,0.0,16.7,3.0,0.0,6.0,0.0,0.35,100.0,100.0,100.0,0.0,0.0,1.0,1.0,-0.0,-0.0,0.0
12,2022-1808-batgerel danaa--chris gutierrez,2022,0,646,716,Chris Gutierrez,batgerel danaa,135,185,0,-50.0,1546.9677719707552,1500.0,46.967771970755166,1,58.0,63.0,-2.65,25.0,70.0,30.0,0.0,70.0,2.0,0.0,14.0,0.0,0.35,100.0,20.0,20.0,0.0,0.0,5.0,1.0,-0.0,-0.0,2.4166666666666665
12,2022-1809-belal muhammad--sean brady,2022,0,366,769,Belal Muhammad,Sean Brady,170,170,1,0.0,1649.6565872694257,1584.4685872901784,65.18799997924725,1,-12.0,-4.0,-0.8399999999999999,-16.0,4.0,13.3,-43.3,30.0,2.0,1.0,10.0,0.0,0.0,-20.0,-40.0,0.0,-40.0,0.0,-1.0,-0.025600000000000067,-3.0,-3.0,-0.2444444444444447
12,2022-1810-belal muhammad--vicente luque,2022,0,339,366,Vicente Luque,Belal Muhammad,170,170,1,0.0,1665.7031387871916,1735.48384953584,-69.78071074864829,0,8.0,-3.0,-1.4700000000000002,13.0,-29.0,36.7,30.8,-67.5,2.0,-1.0,4.0,0.0,0.0,20.0,100.0,60.0,40.0,0.0,1.0,0.025600000000000067,-3.5999999999999996,-0.0,-2.6166666666666667
12,2022-1811-beneil dariush--mateusz gamrot,2022,0,219,915,Beneil Dariush,Mateusz Gamrot,155,155,1,0.0,1647.882255962236,1575.7392623711341,72.14299359110191,1,-2.0,-2.0,0.43000000000000016,2.0,-8.0,-19.800000000000004,16.9,2.8999999999999986,3.0,0.0,13.0,0.0,0.0,25.0,-40.0,-26.66666666666667,-13.333333333333336,0.0,2.0,0.06400000000000006,0.8000000000000007,2.333333333333334,3.4
12,2022-1812-benito lopez--mario bautista,2022,0,742,768,benito lopez,Mario Bautista,185,135,0,50.0,1500.0,1482.368398116951,17.631601883048916,0,-49.0,-55.0,4.45,-33.0,-67.0,-10.0,-30.0,-60.0,-3.0,0.0,-12.0,0.0,-0.35,-50.0,-50.0,-50.0,0.0,0.0,1.0,-0.30400000000000005,-0.0,-0.0,-2.3333333333333335
12,2022-1813-benoit saint denis--gabriel miranda,2022,0,979,1107,Benoit Saint Denis,gabriel miranda,155,185,0,-30.0,1475.7560992720805,1500.0,-24.24390072791948,1,55.0,42.0,-4.19,37.0,70.0,42.9,57.1,0.0,3.0,0.0,10.0,0.0,0.35,0.0,0.0,0.0,0.0,0.0,-1.0,0.0,-0.0,-0.0,-3.0
12,2022-1814-benoit saint denis--niklas stolze,2022,0,979,1108,Benoit Saint Denis,niklas stolze,155,185,0,-30.0,1481.4790678145855,1500.0,-18.520932185414495,1,55.0,42.0,-4.19,37.0,70.0,42.9,57.1,0.0,3.0,0.0,10.0,0.0,0.35,0.0,0.0,0.0,0.0,0.0,-1.0,0.0,-0.0,-0.0,-3.0
12,2022-1815-bill algeo--joanderson brito,2022,0,980,1016,bill algeo,Joanderson Brito,185,145,0,40.0,1500.0,1511.9835293515202,-11.983529351520247,1,-50.0,-42.0,2.49,-68.0,-56.0,-50.0,-33.3,-16.7,0.0,0.0,-9.0,0.0,-0.35,-100.0,0.0,0.0,0.0,0.0,-1.0,-1.0,-0.0,-0.0,-1.0
12,2022-1816-billy ray goff--shimon smotritsky,2022,0,1067,1109,shimon smotritsky,Billy Ray Goff,185,170,0,15.0,1500.0,1500.0,0.0,0,-46.0,-59.0,5.02,-16.0,-66.0,-100.0,0.0,0.0,0.0,0.0,-4.0,0.0,0.0,0.0,0.0,0.0,0.0,0.0,0.0,0.0,-0.0,-0.0,0.0
12,2022-1817-blood diamond--jeremiah wells,2022,0,1042,1110,Jeremiah Wells,blood diamond,170,185,0,-15.0,1503.65625,1500.0,3.65625,1,43.0,48.0,-1.31,44.0,80.0,50.0,25.0,25.0,0.0,0.0,6.0,0.0,0.35,100.0,100.0,100.0,0.0,0.0,1.0,1.0,-0.0,-0.0,0.0
12,2022-1818-bo nickal--donovan beard,2022,0,1111,1112,Bo Nickal,donovan beard,185,185,1,0.0,1500.0,1500.0,0.0,1,59.0,58.0,-2.11,53.0,100.0,16.59999999999999,66.7,16.7,0.0,0.0,7.0,0.0,0.0,0.0,0.0,0.0,0.0,0.0,0.0,0.0,-0.0,-0.0,0.0
12,2022-1819-bo nickal--zachary borrego,2022,0,1111,1113,Bo Nickal,zachary borrego,185,185,1,0.0,1505.625,1500.0,5.625,1,59.0,58.0,-2.11,53.0,100.0,16.59999999999999,66.7,16.7,0.0,0.0,7.0,0.0,0.0,0.0,0.0,0.0,0.0,0.0,0.0,0.0,-0.0,-0.0,0.0
12,2022-1820-brad riddell--renato moicano,2022,0,291,749,Renato Moicano,Brad Riddell,155,185,0,-30.0,1561.1415921814612,1500.0,61.14159218146119,1,48.0,59.0,-3.57,41.0,62.0,16.7,50.0,33.3,7.0,0.0,19.0,0.0,0.35,40.0,100.0,0.0,100.0,0.0,2.0,0.84,13.4,13.0,1.4444444444444446
12,2022-1821-brad tavares--dricus du plessis,2022,0,309,896,brad tavares,Dricus Du Plessis,185,185,1,0.0,1542.4982055604564,1506.3888186877966,36.1093868726598,0,-5.0,2.0,0.9700000000000002,-25.0,47.0,-32.00000000000001,-22.2,54.2,0.0,-3.0,17.0,0.0,0.0,-40.0,-66.66666666666666,-66.66666666666666,0.0,0.0,0.0,-0.12160000000000004,6.0,7.800000000000001,0.7333333333333334
12,2022-1822-brady hiestand--fernie garcia,2022,0,981,1114,Brady Hiestand,fernie garcia,135,185,0,-50.0,1484.0076219235618,1500.0,-15.992378076438172,1,50.0,51.0,-3.75,46.0,42.0,33.400000000000006,33.3,33.3,0.0,0.0,4.0,0.0,0.35,0.0,0.0,0.0,0.0,0.0,-1.0,0.0,-0.0,-0.0,-1.0
12,2022-1823-brandon jenkins--drakkar klose,2022,0,538,983,Drakkar Klose,brandon jenkins,155,185,0,-30.0,1504.3494298560668,1500.0,4.349429856066763,1,55.0,49.0,-3.65,26.0,69.0,20.0,0.0,80.0,0.0,0.0,13.0,0.0,0.35,80.0,0.0,0.0,0.0,0.0,-1.0,0.4,-0.0,-0.0,1.8
12,2022-1824-brandon lewis--daniel marcos,2022,0,1115,1116,Daniel Marcos,brandon lewis,135,185,0,-50.0,1500.0,1500.0,0.0,1,53.0,61.0,-3.88,46.0,84.0,20.0,0.0,80.0,0.0,0.0,6.0,0.0,0.0,0.0,0.0,0.0,0.0,0.0,0.0,0.0,-0.0,-0.0,0.0
12,2022-1825-brandon moreno--deiveson figueiredo,2022,1,390,539,Brandon Moreno,Deiveson Figueiredo,125,135,0,-10.0,1790.2712859646479,1695.6500183747698,94.62126758987802,0,-10.0,11.0,0.020000000000000018,9.0,6.0,-3.5,-3.5,7.0,-1.0,0.0,-1.0,0.0,0.0,20.0,-50.0,-8.333333333333336,-41.66666666666667,-2.0,5.0,0.5999999999999999,-3.5999999999999996,-4.95,-1.2666666666666666
12,2022-1826-brandon moreno--kai karafrance,2022,1,390,668,Brandon Moreno,Kai Kara-France,125,125,1,0.0,1780.5399237155632,1720.9162283161968,59.6236953993664,1,4.0,-4.0,-0.3799999999999999,14.0,-19.0,-10.299999999999994,27.3,-17.0,2.0,3.0,5.0,0.0,0.0,0.0,0.0,-25.0,25.0,1.0,1.0,0.012799999999999923,0.5999999999999996,2.6500000000000004,-2.1333333333333333
12,2022-1827-brandon royval--matt schnell,2022,0,469,865,Matt Schnell,Brandon Royval,125,125,1,0.0,1539.0728115965285,1550.192864746046,-11.120053149517616,0,-1.0,12.0,0.0600000000000005,-35.0,-2.0,-14.200000000000006,0.0,14.200000000000003,-3.0,0.0,3.0,0.0,0.0,30.0,-50.0,0.0,-50.0,0.0,4.0,0.6255999999999999,-4.75,-4.75,1.4444444444444446
12,2022-1828-brandon royval--rogerio bontorin,2022,0,865,1053,Brandon Royval,rogerio bontorin,125,185,0,-60.0,1610.4569382331058,1500.0,110.4569382331058,1,41.0,43.0,-4.23,75.0,45.0,14.200000000000006,42.9,42.9,7.0,0.0,11.0,0.0,0.35,50.0,100.0,0.0,100.0,0.0,-1.0,0.336,14.5,14.5,0.0
12,2022-1829-brendan allen--jacob malkoun,2022,0,713,921,Brendan Allen,Jacob Malkoun,185,185,1,0.0,1498.8357757425438,1509.525752316648,-10.689976574104321,1,-3.0,-5.0,-1.48,-1.0,36.0,-17.800000000000004,57.1,-39.3,5.0,0.0,11.0,0.0,0.0,30.0,50.0,25.0,25.0,0.0,1.0,0.30400000000000005,-0.0,-0.0,-0.833333333333333
12,2022-1830-brendan allen--krzysztof jotko,2022,0,713,815,Brendan Allen,krzysztof jotko,185,185,1,0.0,1512.1876633410232,1500.0,12.187663341023153,1,53.0,47.0,-3.96,41.0,56.0,7.199999999999994,57.1,35.7,5.0,0.0,18.0,0.0,0.35,80.0,50.0,25.0,25.0,0.0,2.0,0.904,-0.0,-0.0,2.166666666666667
12,2022-1831-brendan allen--sam alvey,2022,0,701,713,sam alvey,Brendan Allen,185,185,1,0.0,1500.0,1528.914734840605,-28.91473484060498,0,-53.0,-47.0,3.96,-41.0,-56.0,-7.199999999999994,-57.1,-35.7,-5.0,0.0,-18.0,0.0,-0.35,-80.0,-50.0,-25.0,-25.0,0.0,-2.0,-0.904,-0.0,-0.0,-2.166666666666667
12,2022-1832-brian kelleher--mario bautista,2022,0,523,768,brian kelleher,Mario Bautista,185,135,0,50.0,1500.0,1488.06470105298,11.935298947020101,0,-49.0,-55.0,4.45,-33.0,-67.0,-10.0,-30.0,-60.0,-3.0,0.0,-12.0,0.0,-0.35,-50.0,-50.0,-50.0,0.0,0.0,1.0,-0.30400000000000005,-0.0,-0.0,-2.3333333333333335
12,2022-1833-brian kelleher--umar nurmagomedov,2022,0,523,1075,brian kelleher,Umar Nurmagomedov,185,135,0,50.0,1500.0,1503.65625,-3.65625,0,-57.0,-60.0,2.15,-39.0,-78.0,-16.7,-33.3,-50.0,-3.0,0.0,-7.0,0.0,-0.35,-100.0,-100.0,0.0,-100.0,0.0,-1.0,-1.0,-0.0,-0.0,0.0
12,2022-1834-brian ortega--yair rodriguez,2022,0,273,311,Yair Rodriguez,Brian Ortega,145,145,1,0.0,1544.0690191549234,1594.3368364823255,-50.2678173274021,1,9.0,3.0,2.6,4.0,5.0,-1.1000000000000014,-40.9,42.0,1.0,2.0,2.0,0.0,0.0,0.0,0.0,33.333333333333336,-33.333333333333336,-2.0,0.0,0.012799999999999978,-2.3999999999999995,-1.2000000000000002,0.9000000000000004
12,2022-1835-brunno ferreira--leon aliu,2022,0,1117,1118,Brunno Ferreira,leon aliu,185,185,1,0.0,1500.0,1500.0,0.0,1,50.0,51.0,-3.34,28.0,57.0,66.7,33.3,0.0,0.0,0.0,8.0,0.0,0.0,0.0,0.0,0.0,0.0,0.0,0.0,0.0,-0.0,-0.0,0.0
12,2022-1836-bruno silva--gerald meerschaert,2022,0,439,870,Gerald Meerschaert,bruno silva,185,185,1,0.0,1472.1937658112502,1500.0,-27.80623418874984,1,45.0,53.0,-3.49,30.0,42.0,8.3,91.7,0.0,0.0,0.0,24.0,0.0,0.35,80.0,100.0,0.0,100.0,0.0,4.0,0.9743999999999999,7.0,7.0,-1.3333333333333335
12,2022-1837-bryan barberena--rafael dos anjos,2022,0,34,396,Rafael Dos Anjos,bryan barberena,170,185,0,-15.0,1597.205494051693,1500.0,97.205494051693,1,47.0,60.0,-3.23,35.0,54.0,19.099999999999994,23.8,57.1,13.0,2.0,36.0,0.0,0.35,40.0,50.0,0.0,50.0,1.0,-1.0,0.336,14.2,13.0,-1.4666666666666668
12,2022-1838-bryan battle--rinat fakhretdinov,2022,0,985,1097,Bryan Battle,Rinat Fakhretdinov,185,170,0,15.0,1500.0,1522.4583333333333,-22.458333333333258,0,-52.0,-54.0,3.61,-34.0,-91.0,-16.600000000000005,-16.7,-66.7,0.0,0.0,-7.0,0.0,0.0,0.0,0.0,0.0,0.0,0.0,0.0,0.0,-0.0,-0.0,0.0
12,2022-1839-bryan battle--tresean gore,2022,0,985,1119,Bryan Battle,Tresean Gore,185,185,1,0.0,1500.0,1500.0,0.0,1,-42.0,-40.0,7.48,-75.0,-88.0,0.0,-100.0,0.0,0.0,0.0,-6.0,0.0,0.0,0.0,0.0,0.0,0.0,0.0,0.0,0.0,-0.0,-0.0,0.0
12,2022-1840-bryce mitchell--edson barboza,2022,0,72,632,Edson Barboza,Bryce Mitchell,155,135,0,20.0,1529.5039571221705,1547.541666759228,-18.03770963705756,0,-15.0,-3.0,-2.9999999999999996,14.0,40.0,38.9,-11.1,-27.799999999999997,7.0,0.0,19.0,0.0,0.0,-60.0,30.0,50.0,-20.0,0.0,-4.0,-0.36160000000000003,5.6,3.8000000000000007,-3.2
12,2022-1841-bryce mitchell--ilia topuria,2022,0,632,884,Bryce Mitchell,Ilia Topuria,135,155,0,-20.0,1621.8405361749983,1514.8722532434622,106.96828293153612,0,11.0,-6.0,2.23,-25.0,-60.0,-55.6,0.0,55.599999999999994,-1.0,-3.0,3.0,0.0,0.0,0.0,-46.66666666666667,-66.66666666666667,20.0,0.0,2.0,0.0,5.0,5.0,1.3333333333333335
12,2022-1842-caio borralho--gadzhi omargadzhiev,2022,0,953,1120,Caio Borralho,gadzhi omargadzhiev,185,185,1,0.0,1532.2929827047078,1500.0,32.29298270470781,1,56.0,60.0,-2.5,48.0,76.0,22.2,11.1,66.7,2.0,0.0,10.0,0.0,0.35,100.0,50.0,50.0,0.0,0.0,2.0,1.0,-0.0,-0.0,1.6666666666666667
12,2022-1843-caio borralho--makhmud muradov,2022,0,953,1025,Caio Borralho,makhmud muradov,185,185,1,0.0,1554.1495542938417,1500.0,54.149554293841675,1,56.0,60.0,-2.5,48.0,76.0,22.2,11.1,66.7,2.0,0.0,10.0,0.0,0.35,100.0,50.0,50.0,0.0,0.0,2.0,1.0,-0.0,-0.0,1.6666666666666667
12,2022-1844-calvin kattar--giga chikadze,2022,0,506,627,Calvin Kattar,Giga Chikadze,145,145,1,0.0,1532.1538373114463,1618.2121003982293,-86.05826308678297,1,-5.0,-6.0,-3.07,-4.0,12.0,19.6,0.0,-19.6,1.0,0.0,3.0,0.0,0.0,-40.0,26.66666666666667,26.66666666666667,0.0,0.0,-6.0,-0.6255999999999999,3.4000000000000004,5.4,-3.1500000000000004
12,2022-1845-calvin kattar--josh emmett,2022,0,461,506,Josh Emmett,Calvin Kattar,145,145,1,0.0,1607.6138360611183,1612.9428926562416,-5.3290565951233475,1,-2.0,6.0,2.09,8.0,-31.0,-17.1,0.0,17.1,3.0,0.0,0.0,0.0,0.0,20.0,-16.66666666666667,-16.66666666666667,0.0,0.0,5.0,0.5999999999999999,-0.0,-3.200000000000001,2.4
12,2022-1846-cameron saaiman--joshua wangkim,2022,0,1121,1122,Cameron Saaiman,joshua wangkim,135,185,0,-50.0,1500.0,1500.0,0.0,1,46.0,51.0,-4.14,28.0,47.0,75.0,0.0,25.0,0.0,0.0,7.0,0.0,0.0,0.0,0.0,0.0,0.0,0.0,0.0,0.0,-0.0,-0.0,0.0
12,2022-1847-cameron saaiman--steven koslow,2022,0,1121,1123,Cameron Saaiman,Steven Koslow,135,185,0,-50.0,1505.625,1500.0,5.625,1,46.0,51.0,-4.14,28.0,47.0,75.0,0.0,25.0,0.0,0.0,7.0,0.0,0.0,0.0,0.0,0.0,0.0,0.0,0.0,0.0,-0.0,-0.0,0.0
12,2022-1848-cameron vancamp--nikolas motta,2022,0,930,1124,Nikolas Motta,cameron vancamp,155,185,0,-30.0,1510.4484375,1500.0,10.448437499999955,1,38.0,52.0,-5.28,0.0,83.0,50.0,0.0,50.0,0.0,0.0,7.0,0.0,0.35,100.0,0.0,0.0,0.0,0.0,1.0,1.0,-0.0,-0.0,3.0
12,2022-1849-carlos candelario--tatsuro taira,2022,0,1125,1126,Tatsuro Taira,carlos candelario,125,185,0,-60.0,1500.0,1500.0,0.0,1,60.0,47.0,-2.54,48.0,45.0,28.500000000000007,42.9,28.6,2.0,0.0,8.0,0.0,0.0,0.0,0.0,0.0,0.0,0.0,0.0,0.0,-0.0,-0.0,0.0
12,2022-1850-carlos mota--cody durden,2022,0,880,1127,Cody Durden,carlos mota,125,185,0,-60.0,1492.8048338549074,1500.0,-7.195166145092571,1,44.0,50.0,-4.35,47.0,73.0,16.600000000000005,16.7,66.7,1.0,0.0,13.0,0.0,0.35,50.0,0.0,0.0,0.0,0.0,1.0,0.6,-0.0,-0.0,1.0
12,2022-1851-carlos ulberg--fabio cherant,2022,0,867,965,Carlos Ulberg,fabio cherant,205,185,0,20.0,1484.415711501754,1500.0,-15.584288498245996,1,55.0,51.0,-4.21,60.0,85.0,55.6,11.1,33.3,0.0,0.0,10.0,0.0,0.35,50.0,100.0,100.0,0.0,0.0,-1.0,0.4,-0.0,-0.0,0.0
12,2022-1852-carlos ulberg--nicolae negumereanu,2022,0,832,867,Nicolae Negumereanu,Carlos Ulberg,185,205,0,-20.0,1500.0,1503.7550316520258,-3.755031652025764,0,-55.0,-51.0,4.21,-60.0,-85.0,-55.6,-11.1,-33.3,0.0,0.0,-10.0,0.0,-0.35,-50.0,-100.0,-100.0,0.0,0.0,1.0,-0.4,-0.0,-0.0,0.0
12,2022-1853-carlos ulberg--tafon nchukwi,2022,0,867,1052,Carlos Ulberg,tafon nchukwi,205,185,0,20.0,1509.3648337048799,1500.0,9.364833704879857,1,55.0,51.0,-4.21,60.0,85.0,55.6,11.1,33.3,0.0,0.0,10.0,0.0,0.35,50.0,100.0,100.0,0.0,0.0,-1.0,0.4,-0.0,-0.0,0.0
12,2022-1854-carlston harris--shavkat rakhmonov,2022,0,848,990,Shavkat Rakhmonov,Carlston Harris,170,170,1,0.0,1506.3888186877966,1507.2996752852591,-0.910856597462498,1,17.0,-3.0,1.29,3.0,30.0,-10.7,21.400000000000006,-10.7,4.0,0.0,0.0,0.0,0.0,0.0,0.0,-50.0,50.0,0.0,0.0,0.0,-0.0,-0.0,0.0
12,2022-1855-chad anheliger--jesse strader,2022,0,991,1043,Chad Anheliger,jesse strader,135,185,0,-50.0,1470.207574544582,1500.0,-29.79242545541797,1,46.0,53.0,-2.76,30.0,38.0,33.3,0.0,66.7,0.0,0.0,6.0,0.0,0.35,100.0,0.0,0.0,0.0,0.0,1.0,1.0,-0.0,-0.0,1.0
12,2022-1856-charles johnson--muhammad mokaev,2022,0,1128,1129,muhammad mokaev,Charles Johnson,185,125,0,60.0,1500.0,1500.0,0.0,1,-49.0,-56.0,3.78,-20.0,-66.0,-42.9,0.0,-57.1,-1.0,0.0,-12.0,0.0,0.0,0.0,0.0,0.0,0.0,0.0,0.0,0.0,-0.0,-0.0,0.0
12,2022-1857-charles johnson--zhalgas zhumagulov,2022,0,966,1129,zhalgas zhumagulov,Charles Johnson,185,125,0,60.0,1500.0,1464.375,35.625,0,-49.0,-56.0,3.78,-20.0,-66.0,-42.9,0.0,-57.1,-1.0,0.0,-12.0,0.0,0.0,0.0,0.0,0.0,0.0,0.0,0.0,0.0,-0.0,-0.0,0.0
12,2022-1858-charles jourdain--lando vannata,2022,0,458,757,Lando Vannata,Charles Jourdain,185,135,0,50.0,1500.0,1477.8313549385077,22.16864506149227,0,-48.0,-56.0,4.27,-21.0,-47.0,-28.500000000000007,-42.9,-28.6,0.0,0.0,-15.0,0.0,-0.35,-40.0,-50.0,-50.0,0.0,0.0,-1.0,-0.696,-0.0,-0.0,0.11111111111111116
12,2022-1859-charles jourdain--nathaniel wood,2022,0,612,757,Nathaniel Wood,Charles Jourdain,145,135,0,10.0,1491.0474932203792,1483.5459612436841,7.501531976695105,1,3.0,0.0,0.37999999999999945,27.0,25.0,-28.500000000000007,-9.600000000000001,38.1,0.0,0.0,-3.0,0.0,0.0,20.0,16.66666666666667,-50.0,66.66666666666667,0.0,-2.0,-0.3919999999999999,7.0,7.0,0.7777777777777778
12,2022-1860-charles jourdain--shane burgos,2022,0,635,757,shane burgos,Charles Jourdain,185,135,0,50.0,1500.0,1451.4285710079448,48.57142899205519,1,-48.0,-56.0,4.27,-21.0,-47.0,-28.500000000000007,-42.9,-28.6,0.0,0.0,-15.0,0.0,-0.35,-40.0,-50.0,-50.0,0.0,0.0,-1.0,-0.696,-0.0,-0.0,0.11111111111111116
12,2022-1861-charles oliveira--islam makhachev,2022,1,63,295,Charles Oliveira,Islam Makhachev,155,170,0,-15.0,1852.6942748568244,1694.3812368782485,158.31303797857595,0,-3.0,-13.0,-1.7099999999999997,-14.0,-34.0,-1.4000000000000021,19.599999999999994,-18.2,5.0,-3.0,17.0,0.0,0.0,0.0,20.0,20.0,0.0,2.0,0.0,0.0,5.05,8.25,-1.638888888888889
12,2022-1862-charles oliveira--justin gaethje,2022,0,63,552,Charles Oliveira,Justin Gaethje,155,155,1,0.0,1841.934221559865,1686.4067959679592,155.52742559190574,1,-3.0,-3.0,3.92,25.0,-12.0,-49.300000000000004,69.6,-20.299999999999997,4.0,1.0,20.0,0.0,0.0,20.0,5.0,-55.0,60.0,0.0,3.0,0.09599999999999997,-1.2000000000000002,-0.0,-0.5555555555555558
12,2022-1863-charles rosa--nathaniel wood,2022,0,314,612,charles rosa,Nathaniel Wood,185,145,0,40.0,1500.0,1506.7539330905022,-6.753933090502187,0,-51.0,-56.0,3.89,-48.0,-72.0,0.0,-33.3,-66.7,0.0,0.0,-12.0,0.0,-0.35,-60.0,-66.66666666666667,0.0,-66.66666666666667,0.0,1.0,-0.30400000000000005,-7.0,-7.0,-0.6666666666666666
12,2022-1864-charlie campbell--chris duncan,2022,0,998,1130,Chris Duncan,Charlie Campbell,155,155,1,0.0,1481.71875,1500.0,-18.28125,1,-10.0,-4.0,-0.8000000000000003,2.0,-21.0,-33.3,33.3,0.0,0.0,0.0,5.0,0.0,0.35,0.0,0.0,0.0,0.0,0.0,-1.0,0.0,-0.0,-0.0,0.0
12,2022-1865-chase hooper--felipe colares,2022,0,636,902,Chase Hooper,felipe colares,155,185,0,-30.0,1464.893131176709,1500.0,-35.10686882329105,1,49.0,39.0,-2.98,33.0,55.0,22.300000000000008,44.4,33.3,0.0,0.0,13.0,0.0,0.35,60.0,66.66666666666667,33.333333333333336,33.333333333333336,0.0,-2.0,0.16000000000000003,-0.0,-0.0,-1.777777777777778
12,2022-1866-chase hooper--steve garcia,2022,0,636,784,Chase Hooper,Steve Garcia,155,145,0,10.0,1470.659745037344,1486.9219581397367,-16.262213102392707,0,1.0,-18.0,-0.7799999999999998,-7.0,-33.0,-65.19999999999999,44.4,20.799999999999997,-1.0,0.0,3.0,0.0,0.0,-6.666666666666671,-33.33333333333333,-66.66666666666666,33.333333333333336,0.0,-3.0,-0.6,-0.0,-0.0,1.222222222222222
12,2022-1867-chase sherman--waldo cortesacosta,2022,0,1131,1132,Waldo Cortes-Acosta,chase sherman,265,185,0,80.0,1500.0,1500.0,0.0,1,48.0,55.0,-3.51,50.0,71.0,37.5,0.0,62.5,2.0,0.0,10.0,0.0,0.0,0.0,0.0,0.0,0.0,0.0,0.0,0.0,-0.0,-0.0,0.0
12,2022-1868-chidi njokuani--dusko todorovic,2022,0,789,994,Dusko Todorovic,Chidi Njokuani,185,170,0,15.0,1466.83919250076,1503.65625,-36.817057499240036,0,-5.0,-10.0,-1.8900000000000001,17.0,-31.0,8.299999999999997,0.0,-8.299999999999997,0.0,0.0,0.0,0.0,0.0,-40.0,-33.33333333333333,-33.33333333333333,0.0,0.0,-3.0,-0.84,-0.0,-0.0,-1.1666666666666667
12,2022-1869-chidi njokuani--gregory rodrigues,2022,0,913,994,Gregory Rodrigues,Chidi Njokuani,185,170,0,15.0,1474.5059579382375,1509.1327877757321,-34.6268298374946,1,-11.0,-7.0,-2.4,38.0,17.0,8.299999999999997,0.0,-8.299999999999997,0.0,0.0,2.0,0.0,0.0,-33.33333333333333,-50.0,-50.0,0.0,0.0,1.0,-0.16000000000000003,-0.0,-0.0,2.3333333333333335
12,2022-1870-chidi njokuani--marcandre barriault,2022,0,730,994,Marc-Andre Barriault,Chidi Njokuani,185,170,0,15.0,1454.5873582316474,1480.309336105178,-25.721977873530705,0,-15.0,-7.0,-2.9899999999999998,28.0,-5.0,-16.700000000000003,16.7,0.0,0.0,0.0,5.0,0.0,0.0,-60.0,-50.0,-50.0,0.0,0.0,1.0,-0.16000000000000003,-0.0,-0.0,-0.5
12,2022-1871-chris barnett--jake collier,2022,0,922,978,jake collier,Chris Barnett,185,265,0,-80.0,1500.0,1485.4390227765032,14.56097722349682,0,-47.0,-39.0,6.53,0.0,-33.0,-100.0,0.0,0.0,0.0,0.0,-5.0,0.0,-0.35,-50.0,-100.0,-100.0,0.0,0.0,1.0,-0.4,-0.0,-0.0,0.0
12,2022-1872-chris barnett--martin buday,2022,0,978,1133,Chris Barnett,martin buday,265,185,0,80.0,1491.1229240376479,1500.0,-8.877075962352137,0,47.0,39.0,-6.53,0.0,33.0,100.0,0.0,0.0,0.0,0.0,5.0,0.0,0.35,50.0,100.0,100.0,0.0,0.0,-1.0,0.4,-0.0,-0.0,0.0
12,2022-1873-chris curtis--jack hermansson,2022,0,398,642,Jack Hermansson,Chris Curtis,185,170,0,15.0,1569.5258180324963,1512.240872708624,57.28494532387231,1,-5.0,3.0,2.49,29.0,-2.0,-29.899999999999995,27.3,2.6000000000000014,3.0,0.0,7.0,0.0,0.0,-20.0,-50.0,-100.0,50.0,0.0,-1.0,-0.09599999999999997,9.0,9.75,0.6666666666666667
12,2022-1874-chris curtis--joaquin buckley,2022,0,642,918,Chris Curtis,Joaquin Buckley,170,170,1,0.0,1493.5654292665279,1497.9761029897882,-4.410673723260288,1,14.0,-5.0,-3.2600000000000002,-45.0,10.0,-15.600000000000001,0.0,15.599999999999998,-2.0,0.0,-5.0,0.0,0.0,40.0,0.0,0.0,0.0,0.0,4.0,0.696,-0.0,-0.0,0.0
12,2022-1875-chris curtis--rodolfo vieira,2022,0,642,833,Chris Curtis,Rodolfo Vieira,170,185,0,-15.0,1510.493983165449,1489.3375801057211,21.156403059727836,1,-5.0,3.0,-2.0700000000000003,-23.0,-18.0,57.1,-83.3,26.2,2.0,0.0,2.0,0.0,0.0,25.0,0.0,100.0,-100.0,0.0,4.0,0.6,-0.0,-0.0,0.0
12,2022-1876-chris daukaus--curtis blaydes,2022,0,405,996,Curtis Blaydes,chris daukaus,265,185,0,80.0,1708.4236889689075,1500.0,208.42368896890753,1,50.0,58.0,-2.0,48.0,31.0,57.1,0.0,42.9,13.0,0.0,19.0,0.0,0.35,80.0,25.0,25.0,0.0,0.0,-1.0,0.4,13.0,13.8,2.4
12,2022-1877-chris gutierrez--frankie edgar,2022,0,165,646,frankie edgar,Chris Gutierrez,185,135,0,50.0,1500.0,1574.1480067806392,-74.14800678063921,0,-58.0,-63.0,2.65,-25.0,-70.0,-30.0,0.0,-70.0,-2.0,0.0,-14.0,0.0,-0.35,-100.0,-20.0,-20.0,0.0,0.0,-5.0,-1.0,-0.0,-0.0,-2.4166666666666665
12,2022-1878-christian rodriguez--jonathan pearce,2022,0,805,1000,jonathan pearce,Christian Rodriguez,185,145,0,40.0,1500.0,1513.93125,-13.931250000000091,1,-50.0,-56.0,2.85,-40.0,-67.0,0.0,-16.7,-83.3,0.0,0.0,-10.0,0.0,-0.35,-100.0,0.0,0.0,0.0,0.0,-1.0,-1.0,-0.0,-0.0,-3.0
12,2022-1879-christian rodriguez--joshua weems,2022,0,1000,1134,Christian Rodriguez,joshua weems,145,185,0,-40.0,1484.6827839572456,1500.0,-15.317216042754353,1,50.0,56.0,-2.85,40.0,67.0,0.0,16.7,83.3,0.0,0.0,10.0,0.0,0.35,100.0,0.0,0.0,0.0,0.0,1.0,1.0,-0.0,-0.0,3.0
12,2022-1880-christos giagos--thiago moises,2022,0,226,629,christos giagos,Thiago Moises,185,155,0,30.0,1500.0,1487.1763847756793,12.823615224320747,0,-42.0,-53.0,4.08,-35.0,-52.0,-22.299999999999994,-33.3,-44.4,0.0,0.0,-16.0,0.0,-0.35,-60.0,-33.333333333333336,0.0,-33.333333333333336,0.0,-1.0,-0.664,-8.0,-8.0,0.2000000000000001
12,2022-1881-ciryl gane--francis ngannou,2022,1,414,761,francis ngannou,Ciryl Gane,185,265,0,-80.0,1500.0,1800.219625190184,-300.21962519018393,1,-61.0,-61.0,2.23,-25.0,-43.0,-40.0,-20.0,-40.0,-7.0,-1.0,-12.0,0.0,-0.35,-100.0,-60.0,-40.0,-20.0,-1.0,-5.0,-1.0,-15.5,-15.5,-4.444444444444444
12,2022-1882-ciryl gane--tai tuivasa,2022,0,593,761,Tai Tuivasa,Ciryl Gane,265,265,1,0.0,1538.605385091854,1788.4932895571496,-249.8879044652956,0,-15.0,-17.0,-2.9499999999999997,-25.0,14.0,47.5,-20.0,-27.5,-4.0,-1.0,4.0,0.0,0.0,-20.0,40.0,60.0,-20.0,-1.0,-1.0,-0.025600000000000067,-6.300000000000001,-7.5,-5.111111111111111
12,2022-1883-cj vergara--tatsuro taira,2022,0,1003,1125,cj vergara,Tatsuro Taira,185,125,0,60.0,1500.0,1520.7916666666667,-20.791666666666742,0,-60.0,-47.0,2.54,-48.0,-45.0,-28.500000000000007,-42.9,-28.6,-2.0,0.0,-8.0,0.0,0.0,0.0,0.0,0.0,0.0,0.0,0.0,0.0,-0.0,-0.0,0.0
12,2022-1884-claudio puelles--clay guida,2022,0,66,402,clay guida,Claudio Puelles,185,155,0,30.0,1500.0,1529.3878938284142,-29.387893828414235,0,-49.0,-46.0,2.78,-36.0,-60.0,0.0,-60.0,-40.0,0.0,0.0,-8.0,0.0,-0.35,-80.0,-50.0,0.0,-50.0,-1.0,-4.0,-0.9743999999999999,-0.0,-0.0,-3.0
12,2022-1885-claudio puelles--dan hooker,2022,0,235,402,Dan Hooker,Claudio Puelles,155,155,1,0.0,1567.3208190909102,1551.4132337848448,15.907585306065357,1,-1.0,5.0,-1.94,-2.0,18.0,50.0,-45.7,-4.299999999999997,7.0,0.0,14.0,0.0,0.0,-40.0,-50.0,0.0,-50.0,-1.0,-5.0,-0.696,13.0,14.4,-2.2666666666666666
12,2022-1886-claudio silva--nicolas dalby,2022,0,227,330,claudio silva,Nicolas Dalby,185,170,0,15.0,1500.0,1483.7000710924976,16.299928907502363,0,-43.0,-52.0,3.69,-27.0,-58.0,-14.3,0.0,-85.7,0.0,0.0,-13.0,0.0,-0.35,-40.0,0.0,0.0,0.0,0.0,1.0,-0.336,-0.0,-0.0,1.0666666666666667
12,2022-1887-clayton carpenter--edgar chairez,2022,0,1135,1136,Clayton Carpenter,Edgar Chairez,125,125,1,0.0,1500.0,1500.0,0.0,1,11.0,13.0,2.33,46.0,9.0,0.0,-33.3,33.3,0.0,0.0,-1.0,0.0,0.0,0.0,0.0,0.0,0.0,0.0,0.0,0.0,-0.0,-0.0,0.0
12,2022-1888-cody brundage--dalcha lungiambula,2022,0,771,878,dalcha lungiambula,Cody Brundage,185,185,1,0.0,1500.0,1469.3582849190677,30.641715080932272,0,-51.0,-49.0,2.72,-46.0,-68.0,-60.0,-20.0,0.0,0.0,0.0,-13.0,0.0,-0.35,0.0,0.0,0.0,0.0,0.0,2.0,0.0,-0.0,-0.0,1.0
12,2022-1889-cody brundage--michal oleksiejczuk,2022,0,795,878,Michal Oleksiejczuk,Cody Brundage,185,185,1,0.0,1490.8709385447542,1475.1069870954582,15.763951449295973,1,0.0,10.0,-1.69,-3.0,-16.0,28.900000000000006,-20.0,11.1,0.0,0.0,3.0,0.0,0.0,80.0,75.0,75.0,0.0,0.0,4.0,0.904,-0.0,-0.0,2.0
12,2022-1890-cody brundage--tresean gore,2022,0,878,1119,Cody Brundage,Tresean Gore,185,185,1,0.0,1447.3007923374587,1474.375,-27.074207662541312,1,9.0,9.0,4.76,-29.0,-20.0,60.0,-80.0,0.0,0.0,0.0,7.0,0.0,0.35,0.0,0.0,0.0,0.0,0.0,-2.0,0.0,-0.0,-0.0,-1.0
12,2022-1891-cody durden--jp buys,2022,0,880,1051,Cody Durden,jp buys,125,185,0,-60.0,1505.3276589741538,1500.0,5.327658974153792,1,44.0,50.0,-4.35,47.0,73.0,16.600000000000005,16.7,66.7,1.0,0.0,13.0,0.0,0.35,50.0,0.0,0.0,0.0,0.0,1.0,0.6,-0.0,-0.0,1.0
12,2022-1892-cody durden--muhammad mokaev,2022,0,880,1128,Cody Durden,muhammad mokaev,125,185,0,-60.0,1516.5345348177443,1500.0,16.534534817744316,0,44.0,50.0,-4.35,47.0,73.0,16.600000000000005,16.7,66.7,1.0,0.0,13.0,0.0,0.35,50.0,0.0,0.0,0.0,0.0,1.0,0.6,-0.0,-0.0,1.0
12,2022-1893-cody stamann--said nurmagomedov,2022,0,608,694,cody stamann,Said Nurmagomedov,185,135,0,50.0,1500.0,1507.7855128700564,-7.785512870056436,0,-48.0,-55.0,2.05,-15.0,-63.0,-28.500000000000007,-42.9,-28.6,-2.0,0.0,-11.0,0.0,-0.35,-75.0,-66.66666666666667,-66.66666666666667,0.0,0.0,-2.0,-0.904,-8.0,-8.0,0.33333333333333337
12,2022-1894-colby covington--jorge masvidal,2022,0,189,221,jorge masvidal,Colby Covington,185,170,0,15.0,1500.0,1623.6170520005114,-123.61705200051142,0,-38.0,-54.0,3.09,-42.0,-68.0,-25.0,-16.7,-58.3,-6.0,-1.0,-17.0,0.0,-0.35,-60.0,-33.333333333333336,-33.333333333333336,0.0,-3.0,1.0,-0.36160000000000003,-14.6,-14.333333333333332,-2.4666666666666663
12,2022-1895-connor matthews--francis marshall,2022,0,1137,1138,Francis Marshall,connor matthews,145,185,0,-40.0,1500.0,1500.0,0.0,1,33.0,54.0,-4.1,44.0,66.0,33.3,0.0,66.7,0.0,0.0,6.0,0.0,0.0,0.0,0.0,0.0,0.0,0.0,0.0,0.0,-0.0,-0.0,0.0
12,2022-1896-cory sandhagen--song yadong,2022,0,514,624,Song Yadong,Cory Sandhagen,135,135,1,0.0,1563.8001027409027,1641.057809553584,-77.25770681268136,0,-2.0,-1.0,-0.6600000000000001,4.0,10.0,-9.099999999999994,0.0,9.100000000000001,-1.0,0.0,0.0,0.0,0.0,40.0,-50.0,-50.0,0.0,-1.0,-2.0,-0.2255999999999999,-10.9,-12.5,1.3333333333333335
12,2022-1897-court mcgee--jeremiah wells,2022,0,67,1042,Court McGee,Jeremiah Wells,170,170,1,0.0,1461.4537186945533,1509.2664518273793,-47.812733132826,0,-7.0,12.0,-2.34,-20.0,-10.0,-50.0,2.3000000000000007,47.7,0.0,1.0,18.0,0.0,0.0,-60.0,-100.0,-100.0,0.0,0.0,0.0,-0.37440000000000007,-0.0,-0.0,-0.4666666666666667
12,2022-1898-court mcgee--ramiz brahimaj,2022,0,67,948,Court McGee,Ramiz Brahimaj,170,170,1,0.0,1434.290269593029,1489.4129773244858,-55.122707731456785,1,-9.0,17.0,0.16000000000000014,-17.0,23.0,-25.0,-47.7,72.7,0.0,1.0,17.0,0.0,0.0,-10.0,-100.0,0.0,-100.0,0.0,0.0,0.025599999999999956,-0.0,-0.0,-0.4666666666666667
12,2022-1899-cristian quinonez--khalid taha,2022,0,940,1005,khalid taha,Cristian Quinonez,185,135,0,50.0,1500.0,1513.93125,-13.931250000000091,0,-40.0,-55.0,4.55,-37.0,-84.0,-50.0,0.0,-50.0,0.0,0.0,-4.0,0.0,-0.35,-100.0,0.0,0.0,0.0,0.0,-1.0,-1.0,-0.0,-0.0,-3.0
12,2022-1900-cub swanson--jonathan martinez,2022,0,18,617,Cub Swanson,Jonathan Martinez,145,135,0,10.0,1509.4667703888713,1502.673089592377,6.7936807964943,0,2.0,3.0,0.08999999999999986,15.0,-5.0,-5.0,10.0,-5.0,6.0,0.0,18.0,0.0,0.0,0.0,33.333333333333336,33.333333333333336,0.0,0.0,0.0,0.057599999999999985,12.8,8.0,-0.20000000000000012
12,2022-1901-curtis blaydes--tom aspinall,2022,0,405,843,Curtis Blaydes,Tom Aspinall,265,265,1,0.0,1761.018420236762,1645.8053281341308,115.21309210263121,1,-17.0,-7.0,0.8900000000000001,-52.0,-69.0,-17.9,-25.0,42.9,8.0,-2.0,10.0,0.0,0.0,-20.0,-75.0,-50.0,-25.0,0.0,-5.0,-0.6,7.0,7.8,2.4
12,2022-1902-da woon jung--dustin jacoby,2022,0,96,1007,Dustin Jacoby,da woon jung,205,185,0,20.0,1538.4133919784203,1500.0,38.41339197842035,1,47.0,57.0,-4.02,25.0,62.0,60.0,0.0,40.0,2.0,0.0,17.0,0.0,0.35,100.0,40.0,40.0,0.0,0.0,5.0,1.0,-0.0,-0.0,-0.08333333333333331
12,2022-1903-dakota bush--viacheslav borshchev,2022,0,975,997,dakota bush,Viacheslav Borshchev,185,155,0,30.0,1500.0,1503.65625,-3.65625,0,-54.0,-57.0,4.73,0.0,-42.0,-75.0,0.0,-25.0,0.0,0.0,-10.0,0.0,-0.35,-100.0,-100.0,-100.0,0.0,0.0,-1.0,-1.0,-0.0,-0.0,0.0
12,2022-1904-dalcha lungiambula--edmen shahbazyan,2022,0,619,771,Edmen Shahbazyan,dalcha lungiambula,185,185,1,0.0,1482.8494251421946,1500.0,-17.150574857805395,1,48.0,48.0,-3.62,37.0,66.0,66.7,11.1,22.2,1.0,0.0,14.0,0.0,0.35,40.0,100.0,50.0,50.0,0.0,-3.0,0.06400000000000002,10.75,11.333333333333334,-0.5
12,2022-1905-dalcha lungiambula--punahele soriano,2022,0,771,802,dalcha lungiambula,Punahele Soriano,185,170,0,15.0,1500.0,1484.1939923825,15.806007617499972,0,-53.0,-48.0,3.88,-56.0,-37.0,-66.7,0.0,-33.3,0.0,0.0,-10.0,0.0,-0.35,-75.0,-66.66666666666667,-66.66666666666667,0.0,0.0,-1.0,-0.76,-0.0,-0.0,1.1666666666666667
12,2022-1906-damir hadzovic--marc diakiese,2022,0,419,534,Damir Hadzovic,marc diakiese,155,185,0,-30.0,1481.9468536696802,1500.0,-18.053146330319805,0,47.0,59.0,-3.74,54.0,34.0,50.0,0.0,50.0,0.0,0.0,10.0,0.0,0.35,40.0,50.0,50.0,0.0,0.0,1.0,0.696,13.0,13.0,-0.9166666666666666
12,2022-1907-damon jackson--pat sabatini,2022,0,885,1037,damon jackson,Pat Sabatini,185,145,0,40.0,1500.0,1530.1774092442397,-30.177409244239698,1,-62.0,-49.0,1.22,-48.0,-50.0,0.0,-42.9,-57.1,0.0,0.0,-9.0,0.0,-0.35,-100.0,-33.333333333333336,0.0,-33.333333333333336,0.0,-3.0,-1.0,-0.0,-0.0,-2.5
12,2022-1908-dan ige--movsar evloev,2022,0,535,793,Dan Ige,Movsar Evloev,145,145,1,0.0,1528.641168494556,1554.8166037219964,-26.175435227440403,0,-3.0,-4.0,-0.8999999999999999,-23.0,-5.0,41.599999999999994,16.7,-58.3,1.0,0.0,12.0,0.0,0.0,-40.0,33.333333333333336,33.333333333333336,0.0,0.0,-4.0,-0.33599999999999997,7.6,7.25,-2.7333333333333334
12,2022-1909-daniel rodriguez--li jingliang,2022,0,241,776,Li Jingliang,Daniel Rodriguez,170,170,1,0.0,1496.562441397445,1557.4006528936932,-60.83821149624828,0,-7.0,-1.0,1.4500000000000002,-9.0,-4.0,45.400000000000006,-9.1,-36.3,-1.0,0.0,3.0,0.0,0.0,-60.0,60.0,80.0,-20.0,0.0,-4.0,-0.36160000000000003,-1.5,-1.5,-0.3999999999999999
12,2022-1910-daniel rodriguez--neil magny,2022,0,187,776,Neil Magny,Daniel Rodriguez,170,170,1,0.0,1591.4808727706077,1588.0139456140307,3.4669271565769577,1,-3.0,-6.0,2.93,-11.0,-9.0,3.099999999999998,-0.40000000000000036,-2.700000000000003,10.0,0.0,20.0,0.0,0.0,-20.0,-40.0,-20.0,-20.0,0.0,-6.0,-0.6,-1.8000000000000007,0.6666666666666661,0.2666666666666666
12,2022-1911-daniel santos--john castaneda,2022,0,527,1139,John Castaneda,Daniel Santos,135,145,0,-10.0,1486.8748098698813,1500.0,-13.125190130118654,0,10.0,2.0,0.019999999999999574,-2.0,0.0,-13.299999999999997,20.0,-6.700000000000003,0.0,0.0,5.0,0.0,0.35,66.66666666666667,50.0,50.0,0.0,0.0,1.0,0.76,-0.0,-0.0,-1.0
12,2022-1912-daniel santos--julio arce,2022,0,652,1139,julio arce,Daniel Santos,185,145,0,40.0,1500.0,1505.5719008814992,-5.571900881499232,1,-40.0,-51.0,4.96,-39.0,-73.0,-33.3,0.0,-66.7,0.0,0.0,-4.0,0.0,0.0,0.0,0.0,0.0,0.0,0.0,0.0,0.0,-0.0,-0.0,0.0
12,2022-1913-daniel zellhuber--trey ogden,2022,0,1009,1140,Daniel Zellhuber,Trey Ogden,155,155,1,0.0,1506.43125,1500.0,6.431250000000091,0,-11.0,1.0,-2.42,-7.0,-6.0,0.0,25.0,-25.0,0.0,0.0,1.0,0.0,0.35,100.0,0.0,0.0,0.0,0.0,1.0,1.0,-0.0,-0.0,1.0
12,2022-1914-danilo marques--jailton almeida,2022,0,1011,1033,danilo marques,Jailton Almeida,185,205,0,-20.0,1500.0,1509.2664518273793,-9.266451827379342,0,-65.0,-41.0,0.89,-60.0,-60.0,-33.3,-55.6,-11.1,-5.0,0.0,-10.0,0.0,-0.35,-100.0,-100.0,0.0,-100.0,0.0,-1.0,-1.0,-0.0,-0.0,0.0
12,2022-1915-danilo suzart--waldo cortesacosta,2022,0,1131,1141,Waldo Cortes-Acosta,danilo suzart,265,185,0,80.0,1512.4583333333333,1500.0,12.458333333333258,1,48.0,55.0,-3.51,50.0,71.0,37.5,0.0,62.5,2.0,0.0,10.0,0.0,0.0,0.0,0.0,0.0,0.0,0.0,0.0,0.0,-0.0,-0.0,0.0
12,2022-1916-danny chavez--ricardo ramos,2022,0,484,1012,Ricardo Ramos,danny chavez,145,185,0,-40.0,1496.6199456952554,1500.0,-3.38005430474459,1,36.0,54.0,-4.06,57.0,70.0,25.0,12.5,62.5,0.0,0.0,14.0,0.0,0.35,40.0,0.0,0.0,0.0,0.0,1.0,0.6255999999999999,8.0,8.0,1.4
12,2022-1917-danny roberts--jack della maddalena,2022,0,780,971,danny roberts,Jack Della Maddalena,185,170,0,15.0,1500.0,1513.93125,-13.931250000000091,0,-52.0,-64.0,4.53,-11.0,-69.0,-44.49999999999999,-11.1,-44.4,-3.0,-1.0,-9.0,0.0,-0.35,-100.0,0.0,0.0,0.0,0.0,-1.0,-1.0,-0.0,-0.0,-3.0
12,2022-1918-darian weeks--ian machado garry,2022,0,1029,1142,Ian Machado Garry,darian weeks,170,185,0,-15.0,1503.65625,1500.0,3.65625,1,54.0,51.0,-2.77,33.0,73.0,33.3,0.0,66.7,5.0,0.0,10.0,0.0,0.35,100.0,100.0,100.0,0.0,0.0,1.0,1.0,-0.0,-0.0,0.0
12,2022-1919-darren elkins--jonathan pearce,2022,0,64,805,Darren Elkins,jonathan pearce,145,185,0,-40.0,1496.5755416403406,1500.0,-3.424458359659411,0,38.0,51.0,-3.34,34.0,56.0,20.999999999999993,15.8,63.2,7.0,0.0,30.0,0.0,0.35,40.0,100.0,50.0,50.0,0.0,1.0,0.6384,9.8,-0.0,-0.33333333333333337
12,2022-1920-darren elkins--tristan connelly,2022,0,64,827,Darren Elkins,tristan connelly,145,185,0,-40.0,1459.3757622397911,1500.0,-40.62423776020887,1,38.0,51.0,-3.34,34.0,56.0,20.999999999999993,15.8,63.2,7.0,0.0,30.0,0.0,0.35,40.0,100.0,50.0,50.0,0.0,1.0,0.6384,9.8,-0.0,-0.33333333333333337
12,2022-1921-darren till--dricus du plessis,2022,0,657,896,darren till,Dricus Du Plessis,185,185,1,0.0,1500.0,1544.5262661386662,-44.52626613866619,0,-48.0,-52.0,4.33,-51.0,-34.0,-44.50000000000001,-22.2,-33.3,-6.0,-3.0,-10.0,0.0,-0.35,-100.0,-100.0,-100.0,0.0,0.0,-2.0,-1.0,-0.0,-0.0,0.0
12,2022-1922-darrick minner--shayilan nuerdanbieke,2022,0,889,1050,darrick minner,Shayilan Nuerdanbieke,185,145,0,40.0,1500.0,1489.3807049453546,10.619295054645363,0,-45.0,-50.0,2.64,-35.0,-28.0,-33.3,0.0,-66.7,0.0,0.0,-6.0,0.0,-0.35,-50.0,0.0,0.0,0.0,0.0,1.0,-0.4,-0.0,-0.0,0.0
12,2022-1923-davey grant--louis smolka,2022,0,168,391,Davey Grant,louis smolka,135,185,0,-50.0,1464.8117812951753,1500.0,-35.18821870482475,1,44.0,55.0,-3.74,40.0,63.0,37.5,12.5,50.0,0.0,0.0,14.0,0.0,0.35,60.0,66.66666666666667,66.66666666666667,0.0,0.0,1.0,0.664,5.0,5.0,0.24999999999999994
12,2022-1924-david dvorak--manel kape,2022,0,964,1143,Manel Kape,david dvorak,125,185,0,-60.0,1481.3113651654753,1500.0,-18.68863483452469,1,55.0,57.0,-4.05,30.0,81.0,66.7,0.0,33.3,4.0,0.0,9.0,0.0,0.35,50.0,100.0,100.0,0.0,0.0,-2.0,0.16000000000000003,15.0,15.0,-1.3333333333333335
12,2022-1925-david onama--gabriel benitez,2022,0,302,1014,gabriel benitez,David Onama,185,145,0,40.0,1500.0,1482.84375,17.15625,0,-50.0,-52.0,4.73,-30.0,-52.0,-33.3,-16.7,-50.0,-1.0,0.0,-8.0,0.0,-0.35,0.0,0.0,0.0,0.0,0.0,1.0,0.0,-0.0,-0.0,1.0
12,2022-1926-david onama--garrett armfield,2022,0,1014,1144,David Onama,Garrett Armfield,145,135,0,10.0,1488.5381337576748,1500.0,-11.461866242325186,1,-3.0,-4.0,-1.0900000000000003,-20.0,-12.0,-16.700000000000003,16.7,0.0,1.0,0.0,3.0,0.0,0.35,0.0,0.0,0.0,0.0,0.0,-1.0,0.0,-0.0,-0.0,-1.0
12,2022-1927-david onama--nate landwehr,2022,0,888,1014,Nate Landwehr,David Onama,145,145,1,0.0,1480.126915302871,1494.2095089859888,-14.082593683117693,1,-5.0,0.0,-1.0999999999999996,11.0,19.0,-13.299999999999997,23.3,-10.0,-1.0,0.0,2.0,0.0,0.0,50.0,50.0,0.0,50.0,0.0,0.0,0.30400000000000005,-0.0,-0.0,3.3333333333333335
12,2022-1928-dennis buzukja--kaleio romero,2022,0,892,1145,Dennis Buzukja,kaleio romero,145,185,0,-40.0,1489.9453125,1500.0,-10.0546875,1,43.0,48.0,-4.82,27.0,75.0,50.0,0.0,50.0,0.0,0.0,6.0,0.0,0.35,0.0,0.0,0.0,0.0,0.0,-1.0,0.0,-0.0,-0.0,0.0
12,2022-1929-derek brunson--jared cannonier,2022,0,346,426,Jared Cannonier,derek brunson,185,185,1,0.0,1565.0707376056312,1500.0,65.07073760563117,1,49.0,56.0,-4.35,40.0,64.0,63.6,0.0,36.4,8.0,0.0,20.0,0.0,0.35,60.0,66.66666666666667,66.66666666666667,0.0,0.0,1.0,0.7343999999999999,11.2,12.75,-0.8
12,2022-1930-derrick lewis--sergei pavlovich,2022,0,243,606,Derrick Lewis,Sergei Pavlovich,265,265,1,0.0,1732.4055957199184,1508.6230605437513,223.78253517616713,0,6.0,-15.0,1.13,1.0,-23.0,5.0,0.0,-5.0,7.0,0.0,19.0,0.0,0.14999999999999997,13.333333333333329,-25.0,-25.0,0.0,1.0,-1.0,-0.07999999999999996,-0.5,2.7,1.3333333333333335
12,2022-1931-derrick lewis--tai tuivasa,2022,0,243,593,Derrick Lewis,Tai Tuivasa,265,265,1,0.0,1710.3828368835038,1533.8472472994258,176.53558958407802,0,4.0,-4.0,2.6899999999999995,26.0,-5.0,-7.5,0.0,7.5,11.0,0.0,14.0,0.0,0.0,0.0,-25.0,-25.0,0.0,1.0,-3.0,-0.21439999999999992,0.8000000000000007,5.2,2.0
12,2022-1932-devonte smith--ludovit klein,2022,0,663,943,devonte smith,Ludovit Klein,185,155,0,30.0,1500.0,1464.6374757963263,35.36252420367373,0,-52.0,-52.0,3.34,-51.0,-76.0,-28.6,0.0,-71.4,0.0,0.0,-11.0,0.0,-0.35,-33.333333333333336,-100.0,-100.0,0.0,0.0,2.0,-0.16000000000000003,-0.0,-0.0,1.6666666666666667
12,2022-1933-dominick cruz--marlon vera,2022,0,280,407,Marlon Vera,dominick cruz,135,185,0,-50.0,1556.741484448889,1500.0,56.74148444888897,1,49.0,50.0,-5.37,39.0,72.0,46.599999999999994,26.7,26.7,6.0,0.0,24.0,0.0,0.35,60.0,66.66666666666667,66.66666666666667,0.0,0.0,2.0,0.8784,9.0,8.4,-0.8666666666666666
12,2022-1934-dominick reyes--ryan spann,2022,0,546,582,Dominick Reyes,Ryan Spann,205,205,1,0.0,1540.2555168638924,1526.767899299793,13.48761756409931,0,15.0,7.0,0.5999999999999996,-6.0,30.0,36.7,-38.9,2.1999999999999993,3.0,0.0,-4.0,0.0,0.0,-20.0,-16.66666666666667,-16.66666666666667,0.0,2.0,-4.0,-0.6576,3.533333333333334,3.833333333333334,-0.8888888888888891
12,2022-1935-don shainis--sodiq yusuff,2022,0,705,1146,Sodiq Yusuff,don shainis,155,185,0,-30.0,1535.9296449660685,1500.0,35.92964496606851,1,49.0,53.0,-4.29,23.0,62.0,28.6,14.3,57.1,2.0,0.0,11.0,0.0,0.35,80.0,25.0,25.0,0.0,0.0,-1.0,0.4,10.0,10.0,0.3333333333333333
12,2022-1936-donald cerrone--jim miller,2022,0,30,93,Jim Miller,donald cerrone,155,185,0,-30.0,1443.3669815608682,1500.0,-56.633018439131774,1,42.0,56.0,-3.44,45.0,48.0,22.299999999999994,48.1,29.6,2.0,0.0,45.0,0.0,0.35,40.0,100.0,50.0,50.0,0.0,-1.0,0.2784,9.8,-0.0,-1.8
12,2022-1937-douglas silva de andrade--said nurmagomedov,2022,0,250,694,Douglas Silva de Andrade,Said Nurmagomedov,135,135,1,0.0,1487.8550609173012,1518.9724994900007,-31.117438572699484,0,-10.0,2.0,-1.8800000000000003,27.0,9.0,0.09999999999999432,-28.599999999999998,28.5,-2.0,0.0,2.0,0.0,0.0,-15.0,-33.333333333333336,-33.333333333333336,0.0,0.0,-3.0,-0.5296000000000001,-2.5,-2.0,1.1333333333333333
12,2022-1938-douglas silva de andrade--sergey morozov,2022,0,250,1076,Douglas Silva de Andrade,sergey morozov,135,185,0,-50.0,1459.5433995621443,1500.0,-40.45660043785574,1,38.0,57.0,-3.93,42.0,72.0,28.6,14.3,57.1,0.0,0.0,13.0,0.0,0.35,60.0,33.333333333333336,33.333333333333336,0.0,0.0,-1.0,0.3744,5.5,6.0,0.8
12,2022-1939-drakkar klose--rafa garcia,2022,0,538,999,Drakkar Klose,Rafa Garcia,155,155,1,0.0,1509.956826402373,1469.9602167211408,39.99660968123226,1,12.0,-11.0,0.8199999999999998,-17.0,-8.0,20.0,-20.0,0.0,0.0,0.0,4.0,0.0,0.0,46.666666666666664,0.0,0.0,0.0,0.0,1.0,0.24,-0.0,-0.0,2.3555555555555556
12,2022-1940-drew dober--king green,2022,0,32,46,Drew Dober,King Green,155,155,1,0.0,1487.2383879141066,1484.2495817485437,2.9888061655628917,1,-12.0,-11.0,-0.6099999999999999,-22.0,-18.0,53.800000000000004,-16.4,-37.4,-2.0,0.0,-7.0,0.0,0.0,-40.0,75.0,75.0,0.0,0.0,-1.0,-0.2656,-5.666666666666666,6.0,-0.3333333333333336
12,2022-1941-drew dober--rafael alves,2022,0,32,1147,Drew Dober,rafael alves,155,185,0,-30.0,1492.851290981119,1500.0,-7.148709018880936,1,40.0,51.0,-4.33,17.0,56.0,71.5,7.1,21.4,1.0,0.0,25.0,0.0,0.35,40.0,100.0,100.0,0.0,0.0,-2.0,0.13440000000000002,6.0,6.0,0.7333333333333333
12,2022-1942-drew dober--terrance mckinney,2022,0,32,837,Drew Dober,Terrance McKinney,155,155,1,0.0,1498.5052213902825,1495.037605651491,3.4676157387914373,1,-16.0,4.0,-1.75,-23.0,-21.0,14.399999999999999,-35.8,21.4,1.0,0.0,13.0,0.0,0.0,-10.0,0.0,0.0,0.0,0.0,-3.0,-0.46559999999999996,6.0,6.0,0.7333333333333333
12,2022-1943-dusko todorovic--jordan wright,2022,0,789,928,Dusko Todorovic,jordan wright,185,185,1,0.0,1439.456503622099,1500.0,-60.543496377900965,1,57.0,47.0,-4.53,17.0,42.0,75.0,0.0,25.0,0.0,0.0,10.0,0.0,0.35,60.0,66.66666666666667,66.66666666666667,0.0,0.0,-2.0,0.16000000000000003,-0.0,-0.0,-1.1666666666666667
12,2022-1944-dustin jacoby--khalil rountree jr,2022,0,96,384,Dustin Jacoby,Khalil Rountree Jr.,205,205,1,0.0,1576.7044542167919,1476.621749070296,100.08270514649598,0,7.0,8.0,0.22000000000000064,25.0,4.0,-10.0,0.0,10.0,-2.0,0.0,1.0,0.0,0.0,40.0,-26.66666666666667,-26.66666666666667,0.0,0.0,6.0,0.6384,-0.0,-0.0,0.4722222222222224
12,2022-1945-dustin jacoby--michal oleksiejczuk,2022,0,96,795,Dustin Jacoby,Michal Oleksiejczuk,205,185,0,20.0,1555.6466641134712,1501.993416447954,53.653247665517256,1,-4.0,-2.0,0.39000000000000057,-18.0,10.0,-28.900000000000006,0.0,28.9,2.0,0.0,1.0,0.0,0.0,20.0,-35.0,-35.0,0.0,0.0,3.0,0.09599999999999997,-0.0,-0.0,-1.0833333333333333
12,2022-1946-dustin poirier--michael chandler,2022,0,55,136,Michael Chandler,dustin poirier,155,185,0,-30.0,1542.8489945309962,1500.0,42.84899453099615,0,49.0,43.0,-4.52,41.0,61.0,75.0,25.0,0.0,2.0,0.0,9.0,0.0,0.35,60.0,100.0,66.66666666666667,33.333333333333336,1.0,1.0,0.664,16.333333333333332,16.333333333333332,-1.6666666666666667
12,2022-1947-dustin stoltzfus--dwight grant,2022,0,886,898,dwight grant,Dustin Stoltzfus,185,185,1,0.0,1500.0,1362.402886719339,137.597113280661,0,-45.0,-47.0,3.14,-41.0,-46.0,-50.0,-25.0,-25.0,0.0,0.0,-10.0,0.0,-0.35,-25.0,-100.0,-100.0,0.0,0.0,2.0,-0.096,-0.0,-0.0,3.3333333333333335
12,2022-1948-eduardo neves--mick parkin,2022,0,1148,1149,Mick Parkin,eduardo neves,265,185,0,80.0,1500.0,1500.0,0.0,1,50.0,58.0,-4.13,46.0,50.0,20.0,20.0,60.0,0.0,0.0,6.0,0.0,0.0,0.0,0.0,0.0,0.0,0.0,0.0,0.0,-0.0,-0.0,0.0
12,2022-1949-emiliano linares--jack jenkins,2022,0,1150,1151,Jack Jenkins,emiliano linares,145,185,0,-40.0,1500.0,1500.0,0.0,1,61.0,58.0,-2.97,64.0,67.0,50.0,0.0,50.0,0.0,0.0,6.0,0.0,0.0,0.0,0.0,0.0,0.0,0.0,0.0,0.0,-0.0,-0.0,0.0
12,2022-1950-erick gonzalez--terrance mckinney,2022,0,837,1024,Terrance McKinney,erick gonzalez,155,185,0,-30.0,1466.9827794179082,1500.0,-33.017220582091795,1,56.0,47.0,-2.58,40.0,77.0,57.1,42.9,0.0,0.0,0.0,12.0,0.0,0.35,50.0,100.0,100.0,0.0,0.0,1.0,0.6,-0.0,-0.0,0.0
12,2022-1951-erik silva--tj brown,2022,0,1102,1152,Erik Silva,tj brown,145,185,0,-40.0,1505.625,1500.0,5.625,0,70.0,40.0,-1.57,80.0,62.0,100.0,0.0,0.0,0.0,0.0,3.0,0.0,0.0,0.0,0.0,0.0,0.0,0.0,0.0,0.0,-0.0,-0.0,0.0
12,2022-1952-erisson ferreira--jesus aguilar,2022,0,1153,1154,Jesus Aguilar,erisson ferreira,125,185,0,-60.0,1500.0,1500.0,0.0,1,45.0,59.0,-1.1,35.0,40.0,25.0,50.0,25.0,0.0,0.0,6.0,0.0,0.0,0.0,0.0,0.0,0.0,0.0,0.0,0.0,-0.0,-0.0,0.0
12,2022-1953-eryk anders--junyong park,2022,0,554,732,Eryk Anders,JunYong Park,185,185,1,0.0,1453.9401265385554,1506.2262554965523,-52.28612895799688,0,-2.0,-3.0,-0.5,-18.0,23.0,55.6,-33.3,-22.300000000000004,0.0,0.0,6.0,0.0,0.0,-20.0,50.0,50.0,0.0,0.0,0.0,-0.09600000000000009,7.0,-0.0,-4.044444444444444
12,2022-1954-eryk anders--kyle daukaus,2022,0,554,866,Eryk Anders,kyle daukaus,185,185,1,0.0,1431.0769852525168,1471.4366308952724,-40.359645642755595,1,-5.0,8.0,-1.1599999999999997,-1.0,-2.0,30.6,-25.0,-5.600000000000001,0.0,0.0,10.0,0.0,0.0,-10.0,50.0,50.0,0.0,0.0,3.0,0.4655999999999999,7.0,-0.0,-0.43333333333333335
12,2022-1955-esteban ribovics--thomas paull,2022,0,1155,1156,Esteban Ribovics,thomas paull,155,185,0,-30.0,1500.0,1500.0,0.0,1,43.0,54.0,-6.3,66.0,70.0,40.0,0.0,60.0,0.0,0.0,7.0,0.0,0.0,0.0,0.0,0.0,0.0,0.0,0.0,0.0,-0.0,-0.0,0.0
12,2022-1956-evan elder--preston parsons,2022,0,1008,1157,Preston Parsons,Evan Elder,170,155,0,15.0,1482.5329171172752,1500.0,-17.467082882724753,1,1.0,-3.0,1.6900000000000004,21.0,31.0,0.0,-33.3,33.3,0.0,0.0,1.0,0.0,0.35,0.0,0.0,0.0,0.0,0.0,-1.0,0.0,-0.0,-0.0,0.0
12,2022-1957-fares ziam--michal figlak,2022,0,788,1158,Fares Ziam,michal figlak,155,185,0,-30.0,1498.4759366435412,1500.0,-1.5240633564587824,1,51.0,64.0,-1.62,40.0,70.0,14.3,0.0,85.7,0.0,0.0,9.0,0.0,0.35,66.66666666666667,0.0,0.0,0.0,0.0,2.0,0.84,-0.0,-0.0,-0.2222222222222223
12,2022-1958-fares ziam--terrance mckinney,2022,0,788,837,Fares Ziam,Terrance McKinney,155,155,1,0.0,1518.4144448172528,1472.741016200074,45.67342861717884,0,-5.0,17.0,0.96,0.0,-7.0,-42.8,-42.9,85.7,0.0,0.0,-3.0,0.0,0.0,16.66666666666667,-100.0,-100.0,0.0,0.0,1.0,0.24,-0.0,-0.0,-0.2222222222222223
12,2022-1959-francis marshall--marcelo rojo,2022,0,993,1137,marcelo rojo,Francis Marshall,185,145,0,40.0,1500.0,1520.7916666666667,-20.791666666666742,0,-33.0,-54.0,4.1,-44.0,-66.0,-33.3,0.0,-66.7,0.0,0.0,-6.0,0.0,0.0,0.0,0.0,0.0,0.0,0.0,0.0,0.0,-0.0,-0.0,0.0
12,2022-1960-francisco trinaldo--randy brown,2022,0,256,394,francisco trinaldo,Randy Brown,185,170,0,15.0,1500.0,1501.7797501564548,-1.7797501564548384,0,-47.0,-54.0,3.26,-39.0,-73.0,-28.6,-21.4,-50.0,0.0,0.0,-20.0,0.0,-0.35,-80.0,-75.0,-25.0,-50.0,0.0,-2.0,-0.904,-9.0,-9.0,-0.75
12,2022-1961-frank camacho--manuel torres,2022,0,557,1057,frank camacho,Manuel Torres,185,155,0,30.0,1500.0,1503.65625,-3.65625,0,-60.0,-52.0,4.2,-66.0,-88.0,-80.0,-20.0,0.0,0.0,0.0,-6.0,0.0,-0.35,-100.0,-100.0,-100.0,0.0,0.0,-1.0,-1.0,-0.0,-0.0,0.0
12,2022-1962-gabe green--ian machado garry,2022,0,887,1029,Gabe Green,Ian Machado Garry,155,170,0,-15.0,1490.706209485117,1519.4063721672355,-28.700162682118616,0,-9.0,-4.0,-3.4200000000000004,17.0,-23.0,0.10000000000000853,33.3,-33.400000000000006,-5.0,0.0,-4.0,0.0,0.0,-50.0,-100.0,-100.0,0.0,0.0,0.0,-0.4,-0.0,-0.0,-0.6666666666666666
12,2022-1963-gabe green--yohan lainesse,2022,0,887,1159,Gabe Green,yohan lainesse,155,185,0,-30.0,1455.8152477153794,1500.0,-44.18475228462057,1,45.0,47.0,-6.19,50.0,50.0,33.400000000000006,33.3,33.3,0.0,0.0,6.0,0.0,0.35,50.0,0.0,0.0,0.0,0.0,1.0,0.6,-0.0,-0.0,-0.6666666666666666
12,2022-1964-gabriel bonfim--trey waters,2022,0,1160,1161,Gabriel Bonfim,Trey Waters,170,170,1,0.0,1500.0,1500.0,0.0,1,1.0,8.0,2.3000000000000003,22.0,-9.0,0.0,66.7,-66.7,1.0,0.0,3.0,0.0,0.0,0.0,0.0,0.0,0.0,0.0,0.0,0.0,-0.0,-0.0,0.0
12,2022-1965-genaro valdez--matt frevola,2022,0,586,1162,Matt Frevola,genaro valdez,155,185,0,-30.0,1461.753613323346,1500.0,-38.24638667665408,1,40.0,57.0,-3.69,39.0,36.0,50.0,16.7,33.3,1.0,0.0,12.0,0.0,0.35,40.0,0.0,0.0,0.0,0.0,-2.0,0.13440000000000002,-0.0,-0.0,0.22222222222222218
12,2022-1966-geoff neal--vicente luque,2022,0,339,525,Vicente Luque,Geoff Neal,170,170,1,0.0,1645.9331469761594,1520.41885330576,125.51429367039941,0,0.0,-5.0,0.23000000000000043,6.0,-26.0,-16.700000000000003,26.4,-9.7,4.0,0.0,9.0,0.0,0.0,40.0,66.66666666666666,26.666666666666664,40.0,0.0,6.0,0.696,-2.0999999999999996,0.3333333333333339,-0.41666666666666685
12,2022-1967-gerald meerschaert--krzysztof jotko,2022,0,439,815,Gerald Meerschaert,krzysztof jotko,185,185,1,0.0,1489.4056850394536,1500.0,-10.594314960546399,0,45.0,53.0,-3.49,30.0,42.0,8.3,91.7,0.0,0.0,0.0,24.0,0.0,0.35,80.0,100.0,0.0,100.0,0.0,4.0,0.9743999999999999,7.0,7.0,-1.3333333333333335
12,2022-1968-gilbert burns--khamzat chimaev,2022,0,216,907,Gilbert Burns,Khamzat Chimaev,170,185,0,-15.0,1673.5322266777098,1547.7854201313066,125.74680654640315,0,-12.0,9.0,-1.3200000000000003,-18.0,-32.0,-2.300000000000008,-11.100000000000001,13.400000000000006,0.0,-1.0,15.0,0.0,0.0,-20.0,-50.0,-25.0,-25.0,1.0,-5.0,-0.6,7.666666666666666,7.666666666666666,2.2
12,2022-1969-glover teixeira--jiri prochazka,2022,1,566,927,glover teixeira,Jiri Prochazka,185,205,0,-20.0,1500.0,1607.7184628837874,-107.71846288378742,0,-55.0,-43.0,5.7,-60.0,-68.0,-80.0,-20.0,0.0,-4.0,-1.0,-7.0,0.0,-0.35,-100.0,-100.0,-100.0,0.0,0.0,-2.0,-1.0,-15.0,-15.0,0.0
12,2022-1970-grant dawson--jared gordon,2022,0,480,567,Grant Dawson,Jared Gordon,155,155,1,0.0,1553.7257945251768,1524.083462952522,29.64233157265471,1,-3.0,-12.0,1.8000000000000003,8.0,-5.0,-16.700000000000006,41.7,-25.0,1.0,0.0,-1.0,0.0,0.0,20.0,60.0,20.0,40.0,0.0,1.0,0.025600000000000067,-7.0,-7.0,0.46666666666666634
12,2022-1971-grant dawson--mark madsen,2022,0,480,859,Grant Dawson,mark madsen,155,185,0,-30.0,1586.7576697986228,1500.0,86.75766979862283,1,52.0,44.0,-2.11,40.0,57.0,16.59999999999999,41.7,41.7,1.0,0.0,14.0,0.0,0.35,100.0,60.0,20.0,40.0,0.0,5.0,1.0,-0.0,-0.0,3.0
12,2022-1972-greg hardy--serghei spivac,2022,0,622,838,greg hardy,Serghei Spivac,185,265,0,-80.0,1500.0,1513.006574597911,-13.006574597910912,0,-48.0,-50.0,4.25,-62.0,-63.0,-37.5,-37.5,-25.0,-5.0,0.0,-14.0,0.0,-0.35,-60.0,-33.333333333333336,-33.333333333333336,0.0,0.0,-2.0,-0.8655999999999999,-6.0,-6.0,7.401486830834377e-17
12,2022-1973-gregory rodrigues--julian marquez,2022,0,913,1163,Gregory Rodrigues,julian marquez,185,185,1,0.0,1480.2706482723484,1500.0,-19.729351727651647,1,51.0,50.0,-5.04,38.0,90.0,75.0,0.0,25.0,0.0,0.0,12.0,0.0,0.35,66.66666666666667,50.0,50.0,0.0,0.0,2.0,0.84,-0.0,-0.0,2.3333333333333335
12,2022-1974-gugun gusman--rinya nakamura,2022,0,1164,1165,Rinya Nakamura,gugun gusman,135,185,0,-50.0,1500.0,1500.0,0.0,1,52.0,63.0,-1.72,81.0,100.0,50.0,16.7,33.3,0.0,1.0,7.0,0.0,0.0,0.0,0.0,0.0,0.0,0.0,0.0,0.0,-0.0,-0.0,0.0
12,2022-1975-guido cannetti--kris moutinho,2022,0,680,1059,guido cannetti,Kris Moutinho,185,135,0,50.0,1500.0,1481.9720855018647,18.02791449813526,1,-31.0,-29.0,14.68,0.0,0.0,-100.0,0.0,0.0,0.0,0.0,-3.0,0.0,-0.35,0.0,0.0,0.0,0.0,0.0,1.0,0.0,-0.0,-0.0,0.0
12,2022-1976-gunnar nelson--takashi sato,2022,0,129,741,Gunnar Nelson,takashi sato,170,185,0,-15.0,1499.8968435686118,1500.0,-0.10315643138824271,1,61.0,48.0,-3.06,52.0,68.0,0.0,80.0,20.0,5.0,0.0,16.0,0.0,0.2,40.0,100.0,0.0,100.0,0.0,-2.0,0.13440000000000002,8.2,8.5,-1.7333333333333336
12,2022-1977-hakeem dawodu--julian erosa,2022,0,352,1027,Julian Erosa,hakeem dawodu,145,185,0,-40.0,1441.4484702047466,1500.0,-58.55152979525337,1,48.0,48.0,-6.27,43.0,61.0,30.0,40.0,30.0,0.0,0.0,18.0,0.0,0.35,60.0,100.0,33.333333333333336,66.66666666666667,0.0,1.0,0.7343999999999999,-0.0,-0.0,-1.0
12,2022-1978-hyunsung park--jeremia siregar,2022,0,1166,1167,HyunSung Park,jeremia siregar,125,185,0,-60.0,1500.0,1500.0,0.0,1,46.0,59.0,-2.94,33.0,50.0,40.0,60.0,0.0,0.0,1.0,6.0,0.0,0.0,0.0,0.0,0.0,0.0,0.0,0.0,0.0,-0.0,-0.0,0.0
12,2022-1979-hyunsung park--top noi kiwram,2022,0,1166,1168,HyunSung Park,top noi kiwram,125,185,0,-60.0,1505.625,1500.0,5.625,1,46.0,59.0,-2.94,33.0,50.0,40.0,60.0,0.0,0.0,1.0,6.0,0.0,0.0,0.0,0.0,0.0,0.0,0.0,0.0,0.0,-0.0,-0.0,0.0
12,2022-1980-ignacio bahamondes--rongzhu,2022,0,900,982,Ignacio Bahamondes,Rongzhu,155,155,1,0.0,1487.9675921389476,1482.6766689387894,5.290923200158204,1,-6.0,4.0,1.1100000000000003,-62.0,-9.0,23.800000000000004,11.900000000000002,-35.7,1.0,-1.0,1.0,0.0,0.0,16.66666666666667,0.0,0.0,0.0,0.0,0.0,0.0,-0.0,-0.0,0.33333333333333326
12,2022-1981-ikram aliskerov--mario sousa,2022,0,995,1170,mario sousa,Ikram Aliskerov,185,185,1,0.0,1500.0,1500.0,0.0,0,-62.0,-41.0,5.78,-33.0,-100.0,-75.0,-25.0,0.0,0.0,0.0,-5.0,0.0,0.0,0.0,0.0,0.0,0.0,0.0,0.0,0.0,-0.0,-0.0,0.0
12,2022-1982-ilia topuria--jai herbert,2022,0,884,903,Ilia Topuria,Jai Herbert,155,155,1,0.0,1592.245374596852,1472.7868097194273,119.45856487742458,1,8.0,11.0,-0.5700000000000003,40.0,27.0,33.400000000000006,11.1,-44.5,5.0,3.0,0.0,0.0,0.0,66.66666666666666,-33.33333333333333,-33.33333333333333,0.0,0.0,4.0,0.76,-0.0,-0.0,1.0
12,2022-1983-ion cutelaba--johnny walker,2022,0,449,682,Ion Cutelaba,Johnny Walker,205,205,1,0.0,1498.731138627118,1504.768143809849,-6.037005182731036,0,-12.0,2.0,-0.25,-11.0,18.0,-16.700000000000003,1.4000000000000004,15.3,-5.0,0.0,4.0,0.0,0.0,-20.0,-50.0,-50.0,0.0,0.0,3.0,0.4655999999999999,-2.333333333333334,-0.25,2.555555555555556
12,2022-1984-ion cutelaba--kennedy nzechukwu,2022,0,449,508,Ion Cutelaba,Kennedy Nzechukwu,205,265,0,-60.0,1476.8089168678364,1489.1875648240932,-12.378647956256827,0,-3.0,-4.0,1.5499999999999998,4.0,-5.0,-20.0,2.5,17.5,1.0,0.0,3.0,0.0,0.0,-20.0,-16.66666666666667,-16.66666666666667,0.0,0.0,-1.0,-0.24,7.666666666666666,9.0,0.5
12,2022-1985-ion cutelaba--ryan spann,2022,0,449,582,Ion Cutelaba,Ryan Spann,205,205,1,0.0,1448.9343246049903,1601.7381427595742,-152.80381815458395,0,4.0,4.0,0.7999999999999998,15.0,23.0,20.0,-37.5,17.5,-2.0,0.0,2.0,0.0,0.0,-20.0,-16.66666666666667,-16.66666666666667,0.0,0.0,0.0,-0.09600000000000009,-3.0,-1.666666666666666,0.0
12,2022-1986-islam makhachev--king green,2022,0,46,295,King Green,Islam Makhachev,155,170,0,-15.0,1456.1850664134813,1912.2500846266032,-456.0650182131219,0,-6.0,1.0,-2.17,-14.0,-16.0,-1.100000000000005,-26.5,27.599999999999998,-5.0,-5.0,15.0,0.0,0.0,-20.0,-35.0,25.0,-60.0,0.0,-6.0,-0.6,3.916666666666666,-7.75,-1.6833333333333331
12,2022-1987-ismael bonfim--nariman abbasov,2022,0,1171,1172,Ismael Bonfim,nariman abbasov,155,185,0,-30.0,1500.0,1500.0,0.0,1,55.0,70.0,-3.1,33.0,76.0,33.3,0.0,66.7,0.0,0.0,5.0,0.0,0.0,0.0,0.0,0.0,0.0,0.0,0.0,0.0,-0.0,-0.0,0.0
12,2022-1988-israel adesanya--jared cannonier,2022,1,346,630,Jared Cannonier,Israel Adesanya,185,185,1,0.0,1657.3429277445894,1845.0929941107859,-187.7500663661965,0,1.0,1.0,-1.1499999999999995,29.0,-12.0,25.1,0.0,-25.1,-1.0,-8.0,2.0,0.0,0.0,-20.0,41.66666666666667,41.66666666666667,0.0,-4.0,2.0,0.3343999999999999,-1.6000000000000005,-1.5,-2.2666666666666666
12,2022-1989-israel adesanya--robert whittaker,2022,1,121,630,Robert Whittaker,Israel Adesanya,185,185,1,0.0,1682.3456889671386,1950.8497731924228,-268.50408422528426,0,-5.0,4.0,-0.1599999999999997,27.0,6.0,-3.200000000000003,0.0,3.200000000000003,3.0,-6.0,6.0,0.0,0.0,0.0,-25.0,-25.0,0.0,-3.0,4.0,0.5616,-1.9999999999999991,2.35,0.33333333333333326
12,2022-1990-jack della maddalena--pete rodriguez,2022,0,971,1173,Jack Della Maddalena,Pete Rodriguez,170,170,1,0.0,1519.4998932866592,1500.0,19.499893286659244,1,9.0,22.0,8.3,11.0,-31.0,-55.50000000000001,11.1,44.4,3.0,1.0,6.0,0.0,0.35,100.0,0.0,0.0,0.0,0.0,1.0,1.0,-0.0,-0.0,3.0
12,2022-1991-jack della maddalena--ramazan emeev,2022,0,971,1174,Jack Della Maddalena,ramazan emeev,170,185,0,-15.0,1530.592206687211,1500.0,30.592206687211046,1,52.0,64.0,-4.53,11.0,69.0,44.49999999999999,11.1,44.4,3.0,1.0,9.0,0.0,0.35,100.0,0.0,0.0,0.0,0.0,1.0,1.0,-0.0,-0.0,3.0
12,2022-1992-jack hermansson--roman dolidze,2022,0,398,932,Jack Hermansson,Roman Dolidze,185,185,1,0.0,1624.9966408393216,1508.1224297139156,116.87421112540596,0,4.0,9.0,0.020000000000000018,-10.0,54.0,-28.399999999999995,27.3,1.1000000000000014,1.0,0.0,5.0,0.0,0.0,5.0,16.666666666666664,-33.333333333333336,50.0,0.0,3.0,0.504,9.0,9.75,-0.5555555555555556
12,2022-1993-jack hermansson--sean strickland,2022,0,276,398,Sean Strickland,Jack Hermansson,185,185,1,0.0,1579.1114251245297,1608.5779978595638,-29.466572735034106,1,-3.0,3.0,-0.8700000000000001,35.0,-4.0,-2.2000000000000064,-21.1,23.299999999999997,1.0,1.0,5.0,0.0,0.0,0.0,-25.0,25.0,-50.0,0.0,2.0,0.07039999999999991,-0.3333333333333339,-1.25,0.9333333333333333
12,2022-1994-jack shore--ricky simon,2022,0,549,1175,Ricky Simon,jack shore,135,185,0,-50.0,1564.0043501312903,1500.0,64.00435013129027,1,44.0,61.0,-3.72,43.0,75.0,18.2,27.3,54.5,3.0,0.0,16.0,0.0,0.35,100.0,40.0,20.0,20.0,0.0,5.0,1.0,7.0,6.5,1.6666666666666667
12,2022-1995-jacob malkoun--nick maximov,2022,0,921,1004,Jacob Malkoun,nick maximov,185,185,1,0.0,1483.703705546004,1500.0,-16.296294453996097,1,56.0,52.0,-2.48,42.0,20.0,25.0,0.0,75.0,0.0,0.0,7.0,0.0,0.35,50.0,0.0,0.0,0.0,0.0,1.0,0.6,-0.0,-0.0,3.0
12,2022-1996-jafel filho--roybert echeverria,2022,0,1176,1177,Jafel Filho,roybert echeverria,125,185,0,-60.0,1500.0,1500.0,0.0,1,41.0,47.0,-1.63,42.0,66.0,33.3,66.7,0.0,0.0,0.0,5.0,0.0,0.0,0.0,0.0,0.0,0.0,0.0,0.0,0.0,-0.0,-0.0,0.0
12,2022-1997-jai herbert--kyle nelson,2022,0,664,903,Kyle Nelson,Jai Herbert,155,155,1,0.0,1472.8676439856772,1450.0842028282034,22.783441157473817,0,5.0,-2.0,-1.46,-1.0,7.0,16.700000000000003,0.0,-16.700000000000003,0.0,0.0,1.0,0.0,0.0,-8.333333333333336,0.0,0.0,0.0,0.0,-1.0,-0.144,-0.0,-0.0,0.0
12,2022-1998-jailton almeida--parker porter,2022,0,1033,1178,Jailton Almeida,parker porter,205,185,0,20.0,1520.4414574428972,1500.0,20.441457442897217,1,65.0,41.0,-0.89,60.0,60.0,33.3,55.6,11.1,5.0,0.0,10.0,0.0,0.35,100.0,100.0,0.0,100.0,0.0,1.0,1.0,-0.0,-0.0,0.0
12,2022-1999-jake matthews--matthew semelsberger,2022,0,239,1055,Jake Matthews,matthew semelsberger,170,185,0,-15.0,1516.3257156100872,1500.0,16.325715610087173,0,43.0,60.0,-2.63,42.0,67.0,13.3,40.0,46.7,0.0,0.0,22.0,0.0,0.35,80.0,0.0,0.0,0.0,0.0,-1.0,0.4,-0.0,-0.0,1.8
12,2022-2000-jalin turner--jamie mullarkey,2022,0,687,750,jalin turner,Jamie Mullarkey,185,155,0,30.0,1500.0,1481.2383927233432,18.761607276656832,1,-46.0,-53.0,4.53,-34.0,-78.0,-40.0,0.0,-60.0,0.0,0.0,-11.0,0.0,-0.35,-50.0,-100.0,-100.0,0.0,0.0,-2.0,-0.84,-0.0,-0.0,2.166666666666667
12,2022-2001-jamahal hill--johnny walker,2022,0,682,723,Johnny Walker,Jamahal Hill,205,205,1,0.0,1536.1313223851716,1528.8074881122868,7.323834272884824,0,4.0,1.0,0.9400000000000004,60.0,-16.0,-4.700000000000003,11.1,-6.400000000000002,1.0,-1.0,4.0,0.0,0.0,-20.0,25.0,25.0,0.0,0.0,-1.0,-0.24,4.0,3.25,-1.8888888888888888
12,2022-2002-jamahal hill--thiago santos,2022,0,564,723,thiago santos,Jamahal Hill,185,205,0,-20.0,1500.0,1581.961093992941,-81.96109399294096,0,-51.0,-44.0,4.03,0.0,-73.0,-71.4,0.0,-28.6,-5.0,-1.0,-11.0,0.0,-0.35,-80.0,-75.0,-75.0,0.0,0.0,1.0,-0.4,-6.0,-6.0,-1.0
12,2022-2003-jamie mullarkey--michael johnson,2022,0,81,750,Michael Johnson,Jamie Mullarkey,155,155,1,0.0,1409.9857091384956,1453.4927133255258,-43.507004187030134,0,-7.0,5.0,0.7400000000000002,4.0,3.0,-2.5,0.0,2.5,3.0,0.0,20.0,0.0,0.0,-50.0,-100.0,-100.0,0.0,0.0,-7.0,-0.84,9.2,10.0,2.566666666666667
12,2022-2004-jamie pickett--kyle daukaus,2022,0,803,866,jamie pickett,kyle daukaus,185,185,1,0.0,1500.0,1442.4985041749546,57.50149582504537,0,-53.0,-42.0,2.93,-25.0,-82.0,-25.0,-25.0,-50.0,0.0,0.0,-8.0,0.0,-0.35,-50.0,0.0,0.0,0.0,0.0,2.0,-0.16000000000000003,-0.0,-0.0,0.5
12,2022-2005-jared cannonier--sean strickland,2022,0,276,346,Sean Strickland,Jared Cannonier,185,185,1,0.0,1646.932951188677,1639.8239476231631,7.109003565513831,0,-7.0,4.0,-0.22000000000000064,24.0,12.0,-38.6,6.2,32.4,-2.0,1.0,3.0,0.0,0.0,20.0,-41.66666666666667,-41.66666666666667,0.0,0.0,3.0,0.24,-2.533333333333333,-4.25,2.4000000000000004
12,2022-2006-jared gordon--leonardo santos,2022,0,567,1026,Jared Gordon,leonardo santos,155,185,0,-30.0,1496.5569002246502,1500.0,-3.443099775349765,1,55.0,56.0,-3.91,32.0,62.0,33.3,0.0,66.7,0.0,0.0,15.0,0.0,0.35,80.0,0.0,0.0,0.0,0.0,4.0,0.9743999999999999,7.0,7.0,2.5333333333333337
12,2022-2007-jared gordon--paddy pimblett,2022,0,567,1060,Jared Gordon,Paddy Pimblett,155,155,1,0.0,1515.7292810416789,1503.65625,12.07303104167886,0,2.0,14.0,-0.77,4.0,12.0,4.79999999999999,-42.9,38.1,-2.0,0.0,8.0,0.0,0.0,-20.0,-100.0,-100.0,0.0,0.0,3.0,-0.025600000000000067,7.0,7.0,2.5333333333333337
12,2022-2008-jared vanderaa--waldo cortesacosta,2022,0,1039,1131,jared vanderaa,Waldo Cortes-Acosta,185,265,0,-80.0,1500.0,1518.0329296700204,-18.032929670020394,0,-48.0,-55.0,3.51,-50.0,-71.0,-37.5,0.0,-62.5,-2.0,0.0,-10.0,0.0,0.0,0.0,0.0,0.0,0.0,0.0,0.0,0.0,-0.0,-0.0,0.0
12,2022-2009-jarno errens--william gomis,2022,0,1179,1180,William Gomis,jarno errens,145,185,0,-40.0,1500.0,1500.0,0.0,1,49.0,61.0,-2.76,38.0,72.0,20.0,0.0,80.0,0.0,0.0,6.0,0.0,0.0,0.0,0.0,0.0,0.0,0.0,0.0,0.0,-0.0,-0.0,0.0
12,2022-2010-jason witt--phil rowe,2022,0,819,1181,Phil Rowe,jason witt,170,185,0,-15.0,1485.4252984522739,1500.0,-14.574701547726136,1,49.0,53.0,-4.38,36.0,56.0,100.0,0.0,0.0,0.0,0.0,8.0,0.0,0.35,66.66666666666667,100.0,100.0,0.0,0.0,-1.0,0.4,-0.0,-0.0,-1.6666666666666667
12,2022-2011-javid basharat--tony gravely,2022,0,1040,1182,Javid Basharat,tony gravely,135,185,0,-50.0,1503.65625,1500.0,3.65625,1,53.0,61.0,-2.96,40.0,83.0,0.0,25.0,75.0,0.0,0.0,6.0,0.0,0.35,100.0,100.0,0.0,100.0,0.0,1.0,1.0,-0.0,-0.0,0.0
12,2022-2012-javid basharat--trevin jones,2022,0,1040,1062,Javid Basharat,trevin jones,135,185,0,-50.0,1512.7572440755266,1500.0,12.757244075526614,1,53.0,61.0,-2.96,40.0,83.0,0.0,25.0,75.0,0.0,0.0,6.0,0.0,0.35,100.0,100.0,0.0,100.0,0.0,1.0,1.0,-0.0,-0.0,0.0
12,2022-2013-jay perrin--mario bautista,2022,0,768,1104,Mario Bautista,jay perrin,135,185,0,-50.0,1493.7379903350768,1500.0,-6.262009664923198,1,49.0,55.0,-4.45,33.0,67.0,10.0,30.0,60.0,3.0,0.0,12.0,0.0,0.35,50.0,50.0,50.0,0.0,0.0,-1.0,0.30400000000000005,-0.0,-0.0,2.3333333333333335
12,2022-2014-jay perrin--raul rosas jr,2022,0,1104,1183,jay perrin,Raul Rosas Jr.,185,135,0,50.0,1500.0,1500.0,0.0,0,-44.0,-50.0,1.37,-41.0,0.0,-16.7,-33.3,-50.0,0.0,0.0,-7.0,0.0,0.0,0.0,0.0,0.0,0.0,0.0,0.0,0.0,-0.0,-0.0,0.0
12,2022-2015-jeongyeong lee--lu kai,2022,0,1184,1185,JeongYeong Lee,lu kai,145,185,0,-40.0,1500.0,1500.0,0.0,1,49.0,50.0,-3.82,66.0,72.0,25.0,25.0,50.0,0.0,1.0,6.0,0.0,0.0,0.0,0.0,0.0,0.0,0.0,0.0,0.0,-0.0,-0.0,0.0
12,2022-2016-jeongyeong lee--xie bin,2022,0,1184,1186,JeongYeong Lee,xie bin,145,185,0,-40.0,1505.625,1500.0,5.625,1,49.0,50.0,-3.82,66.0,72.0,25.0,25.0,50.0,0.0,1.0,6.0,0.0,0.0,0.0,0.0,0.0,0.0,0.0,0.0,0.0,-0.0,-0.0,0.0
12,2022-2017-jesse ronson--joaquim silva,2022,0,348,1187,Joaquim Silva,jesse ronson,155,185,0,-30.0,1460.8244768266932,1500.0,-39.17552317330683,1,43.0,53.0,-4.53,50.0,69.0,50.0,0.0,50.0,0.0,0.0,11.0,0.0,0.35,40.0,50.0,50.0,0.0,0.0,-3.0,0.06400000000000002,-0.0,-0.0,0.7777777777777778
12,2022-2018-jesse ronson--rafa garcia,2022,0,999,1187,Rafa Garcia,jesse ronson,155,185,0,-30.0,1445.0694603370096,1500.0,-54.93053966299044,1,43.0,60.0,-4.47,43.0,77.0,0.0,20.0,80.0,0.0,0.0,9.0,0.0,0.35,33.333333333333336,0.0,0.0,0.0,0.0,-2.0,0.16000000000000003,-0.0,-0.0,-0.5555555555555556
12,2022-2019-jim miller--nikolas motta,2022,0,30,930,Jim Miller,Nikolas Motta,155,155,1,0.0,1449.219195630896,1516.031160059146,-66.81196442825012,1,4.0,4.0,1.8400000000000003,45.0,-35.0,-27.700000000000006,48.1,-20.4,2.0,0.0,38.0,0.0,0.0,-60.0,100.0,50.0,50.0,0.0,-2.0,-0.7216,9.8,-0.0,-4.8
12,2022-2020-joanderson brito--lucas alexander,2022,0,1016,1188,Joanderson Brito,lucas alexander,145,185,0,-40.0,1482.775591843442,1500.0,-17.224408156557956,1,50.0,42.0,-2.49,68.0,56.0,50.0,33.3,16.7,0.0,0.0,9.0,0.0,0.35,100.0,0.0,0.0,0.0,0.0,1.0,1.0,-0.0,-0.0,1.0
12,2022-2021-joao elias--rafael estevam,2022,0,1189,1190,Rafael Estevam,joao elias,125,185,0,-60.0,1500.0,1500.0,0.0,1,54.0,47.0,-2.59,38.0,66.0,25.0,0.0,75.0,0.0,0.0,4.0,0.0,0.0,0.0,0.0,0.0,0.0,0.0,0.0,0.0,-0.0,-0.0,0.0
12,2022-2022-joaquin buckley--nassourdine imavov,2022,0,918,935,Joaquin Buckley,Nassourdine Imavov,170,185,0,-15.0,1473.1475572713703,1528.5342554470215,-55.38669817565119,0,-18.0,1.0,0.23999999999999977,13.0,-9.0,28.300000000000004,0.0,-28.3,-3.0,0.0,5.0,0.0,0.0,-15.0,33.33333333333333,33.33333333333333,0.0,0.0,0.0,-0.09599999999999997,-9.0,-9.0,-0.5
12,2022-2023-joe pyfer--ozzy diaz,2022,0,899,1191,Joe Pyfer,Ozzy Diaz,185,185,1,0.0,1491.9695289053252,1500.0,-8.030471094674795,1,-7.0,-5.0,4.03,42.0,10.0,66.6,16.7,-83.3,0.0,0.0,5.0,0.0,0.35,0.0,0.0,0.0,0.0,0.0,-1.0,0.0,-0.0,-0.0,0.0
12,2022-2024-john castaneda--miles johns,2022,0,527,766,John Castaneda,Miles Johns,135,135,1,0.0,1459.0153054623847,1499.7380240501925,-40.722718587807776,1,6.0,-13.0,-1.9500000000000002,11.0,-10.0,-8.600000000000001,20.0,-11.400000000000006,0.0,0.0,-2.0,0.0,0.0,-13.333333333333329,0.0,0.0,0.0,0.0,0.0,0.0,-0.0,-0.0,-1.5
12,2022-2025-john makdessi--nasrat haqparast,2022,0,459,588,john makdessi,Nasrat Haqparast,185,155,0,30.0,1500.0,1497.9024135541463,2.0975864458537217,0,-45.0,-63.0,6.01,-20.0,-84.0,-20.0,0.0,-80.0,0.0,0.0,-14.0,0.0,-0.35,-60.0,-33.333333333333336,-33.333333333333336,0.0,0.0,-1.0,-0.664,-12.0,-12.0,-1.4666666666666666
12,2022-2026-jonathan martinez--vince morales,2022,0,617,666,Jonathan Martinez,Vince Morales,135,135,1,0.0,1513.9780776050884,1479.0010315529253,34.97704605216313,1,12.0,3.0,-0.08999999999999986,-5.0,10.0,6.700000000000003,0.0,-6.700000000000003,1.0,0.0,3.0,0.0,0.0,0.0,0.0,0.0,0.0,0.0,-3.0,-0.5743999999999999,-0.0,-0.0,1.0
12,2022-2027-jordan leavitt--paddy pimblett,2022,0,934,1060,Jordan Leavitt,Paddy Pimblett,155,155,1,0.0,1492.216616384243,1512.8604892119488,-20.643872827705763,0,8.0,15.0,1.35,2.0,-20.0,4.79999999999999,7.100000000000001,-11.900000000000002,-2.0,0.0,2.0,0.0,0.0,-25.0,0.0,-66.66666666666666,66.66666666666667,0.0,-2.0,-0.6,-0.0,-0.0,-1.0
12,2022-2028-jordan leavitt--trey ogden,2022,0,934,1140,Jordan Leavitt,Trey Ogden,155,155,1,0.0,1464.5089071245443,1515.8647367280225,-51.35582960347824,1,11.0,2.0,1.7000000000000002,-2.0,-70.0,33.3,50.0,-83.3,0.0,0.0,3.0,0.0,0.35,75.0,100.0,33.333333333333336,66.66666666666667,0.0,-1.0,0.4,-0.0,-0.0,-1.0
12,2022-2029-jordan wright--marcandre barriault,2022,0,730,928,Marc-Andre Barriault,jordan wright,185,185,1,0.0,1426.9819594472024,1500.0,-73.01804055279763,1,47.0,50.0,-5.63,28.0,68.0,50.0,16.7,33.3,0.0,0.0,15.0,0.0,0.35,40.0,50.0,50.0,0.0,0.0,2.0,0.84,-0.0,-0.0,-0.5
12,2022-2030-jose aldo--merab dvalishvili,2022,0,44,558,jose aldo,Merab Dvalishvili,185,135,0,50.0,1500.0,1661.9203690098,-161.92036900979997,0,-42.0,-56.0,2.48,-35.0,-82.0,-7.7,-7.7,-84.6,-9.0,-3.0,-15.0,0.0,-0.35,-100.0,-20.0,-20.0,0.0,0.0,-5.0,-1.0,-8.5,-8.5,-3.0
12,2022-2031-joseph holmes--junyong park,2022,0,732,1194,JunYong Park,joseph holmes,185,185,1,0.0,1514.6495180756192,1500.0,14.649518075619198,1,50.0,53.0,-3.59,42.0,57.0,0.0,33.3,66.7,0.0,0.0,12.0,0.0,0.35,60.0,0.0,0.0,0.0,0.0,1.0,0.7216,-0.0,-0.0,3.111111111111111
12,2022-2032-josh fremd--tresean gore,2022,0,1100,1119,josh fremd,Tresean Gore,185,185,1,0.0,1500.0,1445.703190356017,54.2968096439829,0,-42.0,-40.0,7.48,-75.0,-88.0,0.0,-100.0,0.0,0.0,0.0,-6.0,0.0,0.0,0.0,0.0,0.0,0.0,0.0,0.0,0.0,-0.0,-0.0,0.0
12,2022-2033-josh wick--nurullo aliev,2022,0,1195,1196,Nurullo Aliev,josh wick,155,185,0,-30.0,1500.0,1500.0,0.0,1,45.0,58.0,-1.07,54.0,0.0,33.3,0.0,66.7,0.0,0.0,3.0,0.0,0.0,0.0,0.0,0.0,0.0,0.0,0.0,0.0,-0.0,-0.0,0.0
12,2022-2034-julian erosa--steven peterson,2022,0,352,721,Julian Erosa,steven peterson,145,185,0,-40.0,1461.3716872894704,1500.0,-38.6283127105296,1,48.0,48.0,-6.27,43.0,61.0,30.0,40.0,30.0,0.0,0.0,18.0,0.0,0.35,60.0,100.0,33.333333333333336,66.66666666666667,0.0,1.0,0.7343999999999999,-0.0,-0.0,-1.0
12,2022-2035-julio arce--montel jackson,2022,0,631,652,Montel Jackson,julio arce,135,185,0,-50.0,1523.5149155122026,1500.0,23.514915512202606,1,53.0,62.0,-1.39,62.0,68.0,40.0,10.0,50.0,1.0,0.0,12.0,0.0,0.35,80.0,25.0,25.0,0.0,0.0,3.0,0.9616,-0.0,-0.0,1.4
12,2022-2036-kamaru usman--leon edwards,2022,1,228,337,Leon Edwards,Kamaru Usman,170,170,1,0.0,1674.464186378195,2108.3414378123143,-433.8772514341192,1,3.0,-2.0,0.25,-8.0,-26.0,-3.500000000000007,0.8999999999999995,2.6000000000000085,-3.0,-4.0,-1.0,0.0,0.0,0.0,-20.0,-20.0,0.0,-5.0,0.0,0.0,-3.0,-6.949999999999999,-1.6666666666666665
12,2022-2037-karl roberson--kennedy nzechukwu,2022,0,508,581,Kennedy Nzechukwu,karl roberson,265,185,0,80.0,1494.7624832766624,1500.0,-5.237516723337649,1,46.0,51.0,-4.89,45.0,80.0,70.0,10.0,20.0,0.0,0.0,16.0,0.0,0.35,60.0,66.66666666666667,66.66666666666667,0.0,0.0,2.0,0.8655999999999999,-0.0,-0.0,1.1666666666666667
12,2022-2038-karl roberson--khalil rountree jr,2022,0,384,581,Khalil Rountree Jr.,karl roberson,205,185,0,20.0,1504.4440198420157,1500.0,4.444019842015678,1,40.0,49.0,-4.24,0.0,58.0,70.0,0.0,30.0,4.0,0.0,16.0,0.0,0.35,60.0,66.66666666666667,66.66666666666667,0.0,0.0,-1.0,0.36160000000000003,-0.0,-0.0,-0.5555555555555557
12,2022-2039-kazula vargas--paddy pimblett,2022,0,1054,1060,kazula vargas,Paddy Pimblett,185,155,0,30.0,1500.0,1523.9435729158283,-23.943572915828327,0,-53.0,-42.0,3.14,-28.0,-50.0,-28.500000000000007,-42.9,-28.6,-2.0,0.0,-7.0,0.0,-0.35,-100.0,-100.0,-100.0,0.0,0.0,-1.0,-1.0,-0.0,-0.0,0.0
12,2022-2040-keisuke sasu--yizha,2022,0,1197,1198,Yizha,keisuke sasu,145,185,0,-40.0,1500.0,1500.0,0.0,1,45.0,47.0,-2.81,30.0,54.0,16.7,50.0,33.3,0.0,1.0,8.0,0.0,0.0,0.0,0.0,0.0,0.0,0.0,0.0,0.0,-0.0,-0.0,0.0
12,2022-2041-kennedy nzechukwu--nicolae negumereanu,2022,0,508,832,Kennedy Nzechukwu,Nicolae Negumereanu,265,185,0,80.0,1506.054877897902,1500.0,6.054877897902088,0,46.0,51.0,-4.89,45.0,80.0,70.0,10.0,20.0,0.0,0.0,16.0,0.0,0.35,60.0,66.66666666666667,66.66666666666667,0.0,0.0,2.0,0.8655999999999999,-0.0,-0.0,1.1666666666666667
12,2022-2042-kevin holland--khamzat chimaev,2022,0,691,907,Kevin Holland,Khamzat Chimaev,170,185,0,-15.0,1515.7848590553835,1655.4258159468766,-139.64095689149303,0,-10.0,7.0,-0.9000000000000004,-17.0,-30.0,8.999999999999986,-6.899999999999999,-2.099999999999998,-1.0,-1.0,18.0,0.0,0.0,-40.0,-33.33333333333333,16.66666666666667,-50.0,0.0,-6.0,-0.84,2.333333333333334,4.5,-1.1333333333333333
12,2022-2043-kevin holland--stephen thompson,2022,0,131,691,Stephen Thompson,Kevin Holland,170,170,1,0.0,1541.7091126392406,1508.224966147882,33.484146491358615,1,-4.0,4.0,0.2200000000000002,-3.0,8.0,18.700000000000006,-37.5,18.8,3.0,0.0,-5.0,0.0,0.0,-20.0,-66.66666666666667,-66.66666666666667,0.0,0.0,0.0,-0.038400000000000004,3.8666666666666663,-2.5,1.2666666666666666
12,2022-2044-kevin holland--tim means,2022,0,119,691,Tim Means,Kevin Holland,170,170,1,0.0,1490.7521097560204,1496.068779965436,-5.3166702094156335,0,-1.0,10.0,-0.4299999999999997,2.0,9.0,8.700000000000006,-24.2,15.500000000000004,-4.0,0.0,2.0,0.0,0.0,0.0,-66.66666666666667,-66.66666666666667,0.0,0.0,3.0,0.5743999999999999,3.666666666666666,-13.5,2.0
12,2022-2045-kevin natividad--ricky turcios,2022,0,520,938,Ricky Turcios,kevin natividad,135,185,0,-50.0,1476.812980673239,1500.0,-23.187019326760947,1,40.0,52.0,-3.72,20.0,44.0,0.0,0.0,100.0,0.0,0.0,6.0,0.0,0.35,50.0,0.0,0.0,0.0,0.0,1.0,0.6,-0.0,-0.0,0.5
12,2022-2046-khaos williams--randy brown,2022,0,394,839,Randy Brown,Khaos Williams,170,170,1,0.0,1515.0127819152226,1504.8080612107424,10.204720704480224,1,8.0,14.0,2.13,39.0,22.0,-38.1,21.4,16.700000000000003,0.0,0.0,10.0,0.0,0.0,0.0,0.0,-50.0,50.0,0.0,-2.0,-0.07039999999999991,9.0,9.0,0.41666666666666663
12,2022-2047-king green--nasrat haqparast,2022,0,46,588,King Green,Nasrat Haqparast,155,155,1,0.0,1430.4064949849098,1513.7179148428897,-83.3114198579799,1,7.0,-1.0,2.2899999999999996,19.0,-10.0,-2.3000000000000043,23.5,-21.200000000000003,3.0,0.0,18.0,0.0,0.0,20.0,-8.333333333333336,-8.333333333333336,0.0,0.0,-2.0,-0.264,-0.3333333333333339,-12.0,-0.3999999999999997
12,2022-2048-koyomi matsushima--yizha,2022,0,1197,1199,Yizha,koyomi matsushima,145,185,0,-40.0,1505.625,1500.0,5.625,1,45.0,47.0,-2.81,30.0,54.0,16.7,50.0,33.3,0.0,1.0,8.0,0.0,0.0,0.0,0.0,0.0,0.0,0.0,0.0,0.0,-0.0,-0.0,0.0
12,2022-2049-kyle daukaus--roman dolidze,2022,0,866,932,kyle daukaus,Roman Dolidze,185,185,1,0.0,1448.3541402609626,1581.0941762906168,-132.74003602965422,0,12.0,-6.0,0.79,-14.0,56.0,-30.6,25.0,5.600000000000001,-4.0,0.0,-5.0,0.0,0.0,-25.0,-33.333333333333336,-33.333333333333336,0.0,0.0,-1.0,-0.24,-0.0,-0.0,-1.7222222222222223
12,2022-2050-kyler phillips--marcelo rojo,2022,0,571,993,Kyler Phillips,marcelo rojo,135,185,0,-50.0,1520.5576972295012,1500.0,20.557697229501173,1,42.0,60.0,-3.83,45.0,75.0,28.6,14.3,57.1,2.0,0.0,10.0,0.0,0.35,80.0,50.0,50.0,0.0,0.0,1.0,0.76,7.0,7.0,1.1111111111111112
12,2022-2051-li jingliang--muslim salikhov,2022,0,241,489,Li Jingliang,Muslim Salikhov,170,170,1,0.0,1476.8653841951295,1566.939648179039,-90.07426398390953,1,-7.0,-6.0,-1.0300000000000002,9.0,-12.0,17.1,0.0,-17.099999999999998,2.0,0.0,5.0,0.0,0.0,-60.0,60.0,60.0,0.0,0.0,-4.0,-0.36160000000000003,7.5,7.5,-1.8222222222222224
12,2022-2052-lucas almeida--michael trizano,2022,0,799,1010,michael trizano,Lucas Almeida,185,145,0,40.0,1500.0,1482.84375,17.15625,0,-39.0,-44.0,5.04,0.0,-53.0,-50.0,0.0,-50.0,0.0,0.0,-6.0,0.0,-0.35,0.0,0.0,0.0,0.0,0.0,1.0,0.0,-0.0,-0.0,1.0
12,2022-2053-ludovit klein--mason jones,2022,0,943,1013,Ludovit Klein,Mason Jones,155,155,1,0.0,1477.0272168125398,1488.979436569157,-11.952219756617296,1,11.0,2.0,1.13,-4.0,-5.0,-4.699999999999996,0.0,4.700000000000003,0.0,0.0,6.0,0.0,0.0,-16.666666666666664,100.0,100.0,0.0,0.0,-1.0,-0.24,-0.0,-0.0,-1.6666666666666667
12,2022-2054-lukasz brzeski--martin buday,2022,0,1020,1133,Lukasz Brzeski,martin buday,265,185,0,80.0,1503.65625,1500.0,3.65625,0,50.0,54.0,-3.65,33.0,35.0,0.0,50.0,50.0,0.0,0.0,8.0,0.0,0.35,100.0,100.0,0.0,100.0,0.0,1.0,1.0,-0.0,-0.0,0.0
12,2022-2055-luke rockhold--paulo costa,2022,0,559,804,Paulo Costa,luke rockhold,185,185,1,0.0,1537.4351419003365,1500.0,37.435141900336475,1,58.0,49.0,-6.2,50.0,80.0,57.1,0.0,42.9,4.0,0.0,11.0,0.0,0.35,60.0,66.66666666666667,66.66666666666667,0.0,1.0,-2.0,0.16000000000000003,14.666666666666668,14.666666666666668,-0.5
12,2022-2056-magomed ankalaev--thiago santos,2022,0,564,699,thiago santos,Magomed Ankalaev,185,205,0,-20.0,1500.0,1719.4746236619135,-219.47462366191348,0,-52.0,-57.0,2.46,-22.0,-87.0,-50.0,0.0,-50.0,-7.0,-1.0,-14.0,0.0,-0.35,-100.0,-40.0,-40.0,0.0,0.0,-5.0,-1.0,-11.0,-11.0,-1.888888888888889
12,2022-2057-maheshate--rafa garcia,2022,0,955,999,Maheshate,Rafa Garcia,155,155,1,0.0,1506.43125,1450.914958232055,55.51629176794518,0,-12.0,-9.0,-1.4900000000000002,-43.0,-30.0,33.3,-20.0,-13.299999999999997,0.0,0.0,-2.0,0.0,0.0,66.66666666666666,0.0,0.0,0.0,0.0,3.0,0.84,-0.0,-0.0,1.5555555555555556
12,2022-2058-maheshate--steve garcia,2022,0,784,955,Steve Garcia,Maheshate,145,155,0,-10.0,1492.4811846491473,1469.3951210642535,23.086063584893736,0,17.0,6.0,3.76,40.0,41.0,54.2,0.0,-54.2,1.0,0.0,3.0,0.0,0.0,-33.33333333333333,100.0,100.0,0.0,0.0,0.0,-0.24,-0.0,-0.0,-4.0
12,2022-2059-maimaitituoheti keremuaili--toshiomi kazama,2022,0,1200,1201,Toshiomi Kazama,maimaitituoheti keremuaili,135,185,0,-50.0,1500.0,1500.0,0.0,1,53.0,38.0,-4.56,16.0,66.0,0.0,50.0,50.0,0.0,0.0,5.0,0.0,0.0,0.0,0.0,0.0,0.0,0.0,0.0,0.0,-0.0,-0.0,0.0
12,2022-2060-malik lewis--trevor peek,2022,0,1202,1203,Trevor Peek,malik lewis,145,185,0,-40.0,1500.0,1500.0,0.0,1,53.0,43.0,-3.88,50.0,52.0,66.7,0.0,33.3,0.0,0.0,6.0,0.0,0.0,0.0,0.0,0.0,0.0,0.0,0.0,0.0,-0.0,-0.0,0.0
12,2022-2061-mando gutierrez--raul rosas jr,2022,0,1183,1204,Raul Rosas Jr.,mando gutierrez,135,185,0,-50.0,1505.625,1500.0,5.625,1,44.0,50.0,-1.37,41.0,0.0,16.7,33.3,50.0,0.0,0.0,7.0,0.0,0.0,0.0,0.0,0.0,0.0,0.0,0.0,0.0,-0.0,-0.0,0.0
12,2022-2062-marc diakiese--michael johnson,2022,0,81,534,Michael Johnson,marc diakiese,155,185,0,-30.0,1386.975359947939,1500.0,-113.02464005206093,1,39.0,58.0,-3.79,38.0,81.0,37.5,0.0,62.5,3.0,0.0,31.0,0.0,0.35,0.0,0.0,0.0,0.0,0.0,-5.0,0.0,9.2,10.0,0.4000000000000001
12,2022-2063-marc diakiese--viacheslav borshchev,2022,0,534,997,marc diakiese,Viacheslav Borshchev,185,155,0,30.0,1500.0,1509.2664518273793,-9.266451827379342,1,-54.0,-57.0,4.73,0.0,-42.0,-75.0,0.0,-25.0,0.0,0.0,-10.0,0.0,-0.35,-100.0,-100.0,-100.0,0.0,0.0,-1.0,-1.0,-0.0,-0.0,0.0
12,2022-2064-marcin prachnio--philipe lins,2022,0,700,1205,Marcin Prachnio,philipe lins,205,185,0,20.0,1473.1379377356693,1500.0,-26.86206226433069,0,54.0,54.0,-3.15,20.0,53.0,25.0,0.0,75.0,0.0,0.0,11.0,0.0,0.35,40.0,50.0,50.0,0.0,0.0,2.0,0.84,-0.0,-0.0,1.0
12,2022-2065-marlon moraes--song yadong,2022,0,503,514,marlon moraes,Song Yadong,185,135,0,50.0,1500.0,1554.6086791463251,-54.60867914632513,0,-43.0,-55.0,4.0,-38.0,-73.0,-45.400000000000006,-9.1,-45.5,-7.0,0.0,-15.0,0.0,-0.35,-80.0,-50.0,-50.0,0.0,0.0,1.0,-0.4,-5.5,-5.5,-1.1666666666666667
12,2022-2066-marlon vera--rob font,2022,0,260,280,Rob Font,Marlon Vera,135,135,1,0.0,1637.3125696508844,1626.9071435852975,10.40542606558688,0,-3.0,7.0,1.7000000000000002,-5.0,-30.0,3.4000000000000057,-18.4,15.000000000000004,3.0,0.0,-5.0,0.0,0.0,20.0,-16.66666666666667,-16.66666666666667,0.0,0.0,-1.0,-0.11839999999999995,0.5999999999999996,5.199999999999999,1.0666666666666667
12,2022-2067-marvin vettori--robert whittaker,2022,0,121,368,Robert Whittaker,Marvin Vettori,185,185,1,0.0,1673.9810643591147,1654.8745762459835,19.106488113131263,1,-2.0,3.0,1.1599999999999997,-7.0,17.0,35.3,-22.2,-13.099999999999994,8.0,2.0,7.0,0.0,0.0,0.0,-25.0,0.0,-25.0,0.0,2.0,0.2016,-3.8666666666666663,1.9333333333333331,-0.06666666666666665
12,2022-2068-matej penaz--sedriques dumas,2022,0,1206,1207,Sedriques Dumas,matej penaz,185,185,1,0.0,1500.0,1500.0,0.0,1,45.0,55.0,-2.5,35.0,40.0,0.0,25.0,75.0,0.0,0.0,7.0,0.0,0.0,0.0,0.0,0.0,0.0,0.0,0.0,0.0,-0.0,-0.0,0.0
12,2022-2069-mateusz rebecki--rodrigo lidio,2022,0,1208,1209,Mateusz Rebecki,rodrigo lidio,155,185,0,-30.0,1500.0,1500.0,0.0,1,46.0,55.0,-4.53,65.0,50.0,20.0,40.0,40.0,0.0,0.0,7.0,0.0,0.0,0.0,0.0,0.0,0.0,0.0,0.0,0.0,-0.0,-0.0,0.0
12,2022-2070-matheus nicolau--matt schnell,2022,0,469,1061,Matt Schnell,matheus nicolau,125,185,0,-60.0,1526.7170822440228,1500.0,26.717082244022777,0,40.0,55.0,-4.17,40.0,43.0,0.0,42.9,57.1,4.0,0.0,14.0,0.0,0.35,80.0,50.0,0.0,50.0,0.0,3.0,0.9616,9.75,9.75,1.4444444444444446
12,2022-2071-matt frevola--ottman azaitar,2022,0,586,834,Matt Frevola,Ottman Azaitar,155,155,1,0.0,1467.532793779683,1504.4763175647954,-36.94352378511235,1,-4.0,5.0,0.4200000000000004,39.0,-64.0,-50.0,16.7,33.3,1.0,0.0,7.0,0.0,0.0,-60.0,-100.0,-100.0,0.0,0.0,-4.0,-0.8655999999999999,-0.0,-0.0,0.22222222222222218
12,2022-2072-matt schnell--sumudaerji,2022,0,469,697,Matt Schnell,Sumudaerji,125,125,1,0.0,1514.0227481231823,1518.2724034347943,-4.2496553116120594,1,-12.0,-5.0,-1.7799999999999998,29.0,-28.0,-20.0,42.9,-22.9,4.0,0.0,5.0,0.0,0.0,5.0,16.666666666666664,-33.333333333333336,50.0,0.0,0.0,0.025600000000000067,9.75,9.75,-1.5555555555555554
12,2022-2073-max griffin--neil magny,2022,0,187,410,Neil Magny,Max Griffin,170,170,1,0.0,1615.0469385112422,1485.9931015819866,129.05383692925557,1,-1.0,-7.0,1.23,-1.0,-15.0,-7.100000000000001,8.7,-1.6000000000000014,13.0,0.0,17.0,0.0,0.0,20.0,-66.66666666666667,-66.66666666666667,0.0,0.0,-3.0,-0.47839999999999994,7.199999999999999,9.666666666666666,1.5333333333333332
12,2022-2074-max griffin--tim means,2022,0,119,410,Tim Means,Max Griffin,170,170,1,0.0,1462.734697813387,1471.3815854951122,-8.646887681725275,0,2.0,2.0,0.050000000000000266,0.0,-6.0,2.5,13.3,-15.799999999999997,0.0,0.0,11.0,0.0,0.0,0.0,-66.66666666666667,-66.66666666666667,0.0,0.0,-1.0,-0.14400000000000002,15.0,-0.0,1.0000000000000002
12,2022-2075-michael chandler--tony ferguson,2022,0,55,154,Michael Chandler,tony ferguson,155,185,0,-30.0,1535.643458325064,1500.0,35.6434583250641,1,49.0,43.0,-4.52,41.0,61.0,75.0,25.0,0.0,2.0,0.0,9.0,0.0,0.35,60.0,100.0,66.66666666666667,33.333333333333336,1.0,1.0,0.664,16.333333333333332,16.333333333333332,-1.6666666666666667
12,2022-2076-michael morales--trevin giles,2022,0,797,1063,trevin giles,Michael Morales,185,170,0,15.0,1500.0,1514.5201086112802,-14.520108611280193,0,-49.0,-53.0,3.31,-41.0,-89.0,-57.1,0.0,-42.9,-2.0,0.0,-7.0,0.0,-0.35,-100.0,0.0,0.0,0.0,0.0,-1.0,-1.0,-0.0,-0.0,-1.6666666666666667
12,2022-2077-michal oleksiejczuk--sam alvey,2022,0,701,795,sam alvey,Michal Oleksiejczuk,185,185,1,0.0,1500.0,1477.3499211804335,22.650078819566488,0,-51.0,-59.0,4.41,-43.0,-52.0,-88.9,0.0,-11.1,0.0,0.0,-16.0,0.0,-0.35,-80.0,-75.0,-75.0,0.0,0.0,-2.0,-0.904,-0.0,-0.0,-1.0
12,2022-2078-micheal gillmore--ramiz brahimaj,2022,0,948,970,Ramiz Brahimaj,micheal gillmore,170,185,0,-15.0,1452.38668610066,1500.0,-47.61331389934003,1,45.0,43.0,-3.81,41.0,47.0,25.0,75.0,0.0,0.0,0.0,7.0,0.0,0.35,50.0,100.0,0.0,100.0,0.0,1.0,0.6,-0.0,-0.0,0.0
12,2022-2079-michel pereira--santiago ponzinibbio,2022,0,203,779,Santiago Ponzinibbio,Michel Pereira,170,185,0,-15.0,1530.9326745991254,1512.2334162598884,18.699258339237076,0,-11.0,10.0,-0.33000000000000007,-25.0,-5.0,36.0,-33.3,-2.6999999999999957,2.0,0.0,6.0,0.0,0.0,-20.0,-16.666666666666664,8.333333333333336,-25.0,0.0,-2.0,-0.45599999999999996,10.5,10.0,0.4888888888888889
12,2022-2080-mickey gall--mike malott,2022,0,403,1066,Mickey Gall,Mike Malott,170,170,1,0.0,1460.3780780166223,1503.65625,-43.27817198337766,0,2.0,-5.0,-1.7599999999999998,-24.0,21.0,-33.3,33.3,0.0,0.0,0.0,6.0,0.0,0.0,-60.0,-50.0,0.0,-50.0,0.0,0.0,-0.37440000000000007,-0.0,-0.0,-1.0833333333333333
12,2022-2081-mike davis--viacheslav borshchev,2022,0,706,997,Mike Davis,Viacheslav Borshchev,155,155,1,0.0,1494.9882002320628,1473.4039696098525,21.58423062221027,1,-1.0,-3.0,-0.5,44.0,18.0,-35.0,20.0,15.0,0.0,0.0,-2.0,0.0,0.0,-50.0,-50.0,-50.0,0.0,0.0,0.0,-0.30400000000000005,-0.0,-0.0,0.5
12,2022-2082-mike jackson--pete rodriguez,2022,0,472,1173,mike jackson,Pete Rodriguez,185,170,0,15.0,1500.0,1472.2692164986204,27.73078350137962,0,-43.0,-42.0,12.83,0.0,-100.0,-100.0,0.0,0.0,0.0,0.0,-3.0,0.0,0.0,0.0,0.0,0.0,0.0,0.0,0.0,0.0,-0.0,-0.0,0.0
12,2022-2083-miles johns--vince morales,2022,0,666,766,Vince Morales,Miles Johns,135,135,1,0.0,1444.269625052783,1470.7926487624848,-26.523023709701647,0,-7.0,-13.0,-1.0099999999999998,14.0,-25.0,4.699999999999996,0.0,-4.700000000000003,0.0,0.0,1.0,0.0,0.0,-20.0,-16.666666666666664,-16.666666666666664,0.0,0.0,1.0,0.11839999999999995,-0.0,-0.0,-0.8333333333333333
12,2022-2084-misha cirkunov--wellington turman,2022,0,451,813,misha cirkunov,Wellington Turman,185,170,0,15.0,1500.0,1443.1546847512993,56.84531524870067,0,-51.0,-45.0,4.17,-20.0,-42.0,0.0,-33.3,-66.7,0.0,0.0,-9.0,0.0,-0.35,-40.0,0.0,0.0,0.0,0.0,1.0,-0.2656,-0.0,-0.0,-1.0
12,2022-2085-mohammed usman--zac pauga,2022,0,1210,1211,Mohammed Usman,zac pauga,265,185,0,80.0,1500.0,1500.0,0.0,1,39.0,51.0,-4.27,14.0,66.0,25.0,0.0,75.0,0.0,0.0,6.0,0.0,0.0,0.0,0.0,0.0,0.0,0.0,0.0,0.0,-0.0,-0.0,0.0
12,2022-2086-nate maness--tagir ulanbekov,2022,0,869,1212,Tagir Ulanbekov,nate maness,125,185,0,-60.0,1517.6269829770738,1500.0,17.626982977073794,1,49.0,52.0,-3.36,38.0,62.0,0.0,33.3,66.7,5.0,0.0,7.0,0.0,0.35,100.0,0.0,0.0,0.0,0.0,2.0,1.0,5.0,5.0,1.3333333333333335
12,2022-2087-nate maness--umar nurmagomedov,2022,0,1075,1212,Umar Nurmagomedov,nate maness,135,185,0,-50.0,1509.2664518273793,1500.0,9.266451827379342,1,57.0,60.0,-2.15,39.0,78.0,16.7,33.3,50.0,3.0,0.0,7.0,0.0,0.35,100.0,100.0,0.0,100.0,0.0,1.0,1.0,-0.0,-0.0,0.0
12,2022-2088-neil magny--shavkat rakhmonov,2022,0,187,848,Neil Magny,Shavkat Rakhmonov,170,170,1,0.0,1656.505895069545,1517.6461920784855,138.85970299105952,0,-14.0,0.0,-0.30000000000000027,14.0,-30.0,16.099999999999998,-62.7,46.599999999999994,9.0,0.0,28.0,0.0,0.0,-20.0,-100.0,0.0,-100.0,0.0,-3.0,-0.6,7.199999999999999,9.666666666666666,1.4
12,2022-2089-nick maximov--punahele soriano,2022,0,802,1004,Punahele Soriano,nick maximov,170,185,0,-15.0,1489.8829233029003,1500.0,-10.11707669709972,0,53.0,48.0,-3.88,56.0,37.0,66.7,0.0,33.3,0.0,0.0,10.0,0.0,0.35,75.0,66.66666666666667,66.66666666666667,0.0,0.0,1.0,0.76,-0.0,-0.0,-1.1666666666666667
12,2022-2090-nikita krylov--paul craig,2022,0,201,446,Nikita Krylov,Paul Craig,205,205,1,0.0,1562.0183727610624,1521.823758452528,40.19461430853448,0,9.0,1.0,0.45999999999999996,20.0,18.0,2.999999999999993,-21.200000000000003,18.2,3.0,0.0,0.0,0.0,0.0,-40.0,-50.0,-50.0,0.0,0.0,-5.0,-0.6383999999999999,3.6999999999999993,5.300000000000001,-0.11111111111111109
12,2022-2091-nikita krylov--volkan oezdemir,2022,0,201,576,Nikita Krylov,Volkan Oezdemir,205,205,1,0.0,1542.1773455337207,1538.341363646713,3.8359818870076197,1,6.0,-11.0,1.6399999999999997,9.0,-27.0,-13.70000000000001,33.0,-19.3,-1.0,0.0,5.0,0.0,0.0,0.0,0.0,-50.0,50.0,0.0,2.0,0.272,-4.000000000000001,-1.0,0.22222222222222227
12,2022-2092-niko price--phil rowe,2022,0,393,819,Niko Price,Phil Rowe,170,170,1,0.0,1467.104684651144,1491.1092551652507,-24.004570514106717,0,-6.0,-5.0,-1.17,-8.0,-6.0,-50.0,25.0,25.0,0.0,0.0,9.0,0.0,0.0,-26.66666666666667,-50.0,-50.0,0.0,0.0,0.0,-0.12160000000000004,7.0,7.0,1.6666666666666667
12,2022-2093-ode osbourne--tyson nam,2022,0,734,937,Ode Osbourne,tyson nam,125,185,0,-60.0,1479.4725571419144,1500.0,-20.52744285808558,0,41.0,47.0,-3.43,30.0,66.0,50.0,16.7,33.3,0.0,0.0,13.0,0.0,0.35,60.0,66.66666666666667,33.333333333333336,33.333333333333336,0.0,1.0,0.7216,-0.0,-0.0,1.0
12,2022-2094-ode osbourne--zarrukh adashev,2022,0,734,1078,Ode Osbourne,zarrukh adashev,125,185,0,-60.0,1451.7624998757947,1500.0,-48.237500124205326,1,41.0,47.0,-3.43,30.0,66.0,50.0,16.7,33.3,0.0,0.0,13.0,0.0,0.35,60.0,66.66666666666667,33.333333333333336,33.333333333333336,0.0,1.0,0.7216,-0.0,-0.0,1.0
12,2022-2095-omar morales--uros medic,2022,0,910,950,omar morales,Uros Medic,185,170,0,15.0,1500.0,1487.9955362239093,12.004463776090688,0,-60.0,-56.0,3.5,-50.0,-55.0,-100.0,0.0,0.0,0.0,0.0,-9.0,0.0,-0.35,-66.66666666666667,-100.0,-100.0,0.0,0.0,-1.0,-0.76,-0.0,-0.0,0.0
12,2022-2096-pat sabatini--tj laramie,2022,0,1037,1213,Pat Sabatini,tj laramie,145,185,0,-40.0,1501.4432231625046,1500.0,1.443223162504637,1,62.0,49.0,-1.22,48.0,50.0,0.0,42.9,57.1,0.0,0.0,9.0,0.0,0.35,100.0,33.333333333333336,0.0,33.333333333333336,0.0,3.0,1.0,-0.0,-0.0,2.5
12,2022-2097-paul craig--volkan oezdemir,2022,0,446,576,Paul Craig,Volkan Oezdemir,205,205,1,0.0,1607.4708593172197,1500.471771989857,106.99908732736276,0,-3.0,-12.0,1.1799999999999997,-11.0,-45.0,-16.700000000000003,54.2,-37.5,-4.0,0.0,5.0,0.0,0.0,40.0,50.0,0.0,50.0,0.0,7.0,0.9103999999999999,-7.7,-6.300000000000001,0.33333333333333337
12,2022-2098-petr yan--sean omalley,2022,0,501,667,Sean O'Malley,Petr Yan,135,135,1,0.0,1528.8182372186088,1702.2441713286455,-173.42593411003668,1,7.0,2.0,0.6599999999999997,-6.0,-24.0,27.200000000000003,0.0,-27.200000000000003,-7.0,0.0,-1.0,0.0,0.0,20.0,75.0,75.0,0.0,-3.0,6.0,0.6,-4.4,-14.8,-1.1666666666666665
12,2022-2099-phil hawes--roman dolidze,2022,0,920,932,phil hawes,Roman Dolidze,185,185,1,0.0,1500.0,1586.206609249532,-86.206609249532,0,-41.0,-48.0,3.72,-39.0,-26.0,-55.6,0.0,-44.4,-4.0,0.0,-13.0,0.0,-0.35,-75.0,-33.333333333333336,-33.333333333333336,0.0,0.0,1.0,-0.4,-0.0,-0.0,-1.2222222222222223
12,2022-2100-rafael dos anjos--rafael fiziev,2022,0,34,722,Rafael Dos Anjos,Rafael Fiziev,170,155,0,15.0,1666.3934750091116,1549.2624825461126,117.13099246299907,0,-5.0,10.0,1.5399999999999996,-37.0,-36.0,-23.800000000000004,23.8,0.0,10.0,2.0,25.0,0.0,0.0,-40.0,0.0,-50.0,50.0,1.0,-5.0,-0.6383999999999999,6.2,5.0,-3.355555555555556
12,2022-2101-rafael dos anjos--renato moicano,2022,0,34,291,Rafael Dos Anjos,Renato Moicano,170,155,0,15.0,1647.0182515461422,1571.9016961798122,75.11655536632998,1,-1.0,1.0,0.33999999999999986,-6.0,-8.0,2.399999999999995,-26.2,23.800000000000004,6.0,2.0,17.0,0.0,0.0,0.0,-50.0,0.0,-50.0,1.0,-3.0,-0.504,0.7999999999999998,-0.0,-2.9111111111111114
12,2022-2102-raoni barcelos--trevin jones,2022,0,645,1062,Raoni Barcelos,trevin jones,135,185,0,-50.0,1514.4595822473484,1500.0,14.459582247348408,1,52.0,60.0,-4.4,33.0,85.0,22.2,22.2,55.6,0.0,0.0,13.0,0.0,0.35,80.0,50.0,50.0,0.0,0.0,-1.0,0.4,-0.0,-0.0,1.3333333333333333
12,2022-2103-raoni barcelos--victor henry,2022,0,645,1217,Raoni Barcelos,Victor Henry,135,135,1,0.0,1536.684382536945,1500.0,36.684382536944895,0,-1.0,12.0,0.79,-9.0,4.0,-2.8000000000000007,22.2,-19.4,0.0,0.0,7.0,0.0,0.35,80.0,50.0,50.0,0.0,0.0,-1.0,0.4,-0.0,-0.0,1.3333333333333333
12,2022-2104-raphael assuncao--victor henry,2022,0,290,1217,raphael assuncao,Victor Henry,185,135,0,50.0,1500.0,1519.6279660274467,-19.627966027446746,1,-53.0,-48.0,5.19,-42.0,-81.0,-25.0,0.0,-75.0,0.0,0.0,-6.0,0.0,0.0,0.0,0.0,0.0,0.0,0.0,0.0,0.0,-0.0,-0.0,0.0
12,2022-2105-rinya nakamura--shohei nose,2022,0,1164,1218,Rinya Nakamura,shohei nose,135,185,0,-50.0,1505.625,1500.0,5.625,1,52.0,63.0,-1.72,81.0,100.0,50.0,16.7,33.3,0.0,1.0,7.0,0.0,0.0,0.0,0.0,0.0,0.0,0.0,0.0,0.0,-0.0,-0.0,0.0
12,2022-2106-rodolfo bellato--vitor petrino,2022,0,1219,1220,Vitor Petrino,Rodolfo Bellato,265,205,0,60.0,1500.0,1500.0,0.0,1,-16.0,2.0,3.4,22.0,-29.0,-66.6,33.3,33.3,0.0,0.0,4.0,0.0,0.0,0.0,0.0,0.0,0.0,0.0,0.0,0.0,-0.0,-0.0,0.0
12,2022-2107-said nurmagomedov--saidyokub kakhramonov,2022,0,694,1221,Said Nurmagomedov,saidyokub kakhramonov,135,185,0,-50.0,1539.218392574192,1500.0,39.21839257419197,1,48.0,55.0,-2.05,15.0,63.0,28.500000000000007,42.9,28.6,2.0,0.0,11.0,0.0,0.35,75.0,66.66666666666667,66.66666666666667,0.0,0.0,2.0,0.904,8.0,8.0,-0.33333333333333337
12,2022-2108-saimon oliveira--tony gravely,2022,0,1047,1182,Saimon Oliveira,tony gravely,135,185,0,-50.0,1506.1875,1500.0,6.1875,0,40.0,46.0,-4.13,25.0,38.0,0.0,0.0,100.0,0.0,0.0,4.0,0.0,0.35,100.0,0.0,0.0,0.0,0.0,1.0,1.0,-0.0,-0.0,1.0
12,2022-2109-sam patterson--vinicius cenci,2022,0,1222,1223,Sam Patterson,vinicius cenci,170,185,0,-15.0,1500.0,1500.0,0.0,1,43.0,49.0,-3.93,100.0,33.0,40.0,60.0,0.0,0.0,0.0,6.0,0.0,0.0,0.0,0.0,0.0,0.0,0.0,0.0,0.0,-0.0,-0.0,0.0
12,2022-2110-sergei pavlovich--shamil abdurakhimov,2022,0,429,606,shamil abdurakhimov,Sergei Pavlovich,185,265,0,-80.0,1500.0,1616.5345788421828,-116.53457884218278,0,-44.0,-55.0,3.62,-25.0,-75.0,-75.0,0.0,-25.0,-7.0,0.0,-11.0,0.0,-0.2,-66.66666666666667,-100.0,-100.0,0.0,0.0,-2.0,-0.84,-10.5,-10.5,0.0
12,2022-2111-sergei pavlovich--tai tuivasa,2022,0,593,606,Tai Tuivasa,Sergei Pavlovich,265,265,1,0.0,1649.4689475404193,1675.475447573462,-26.006500033042585,0,2.0,-11.0,-1.5599999999999996,-25.0,-18.0,12.5,0.0,-12.5,-4.0,0.0,5.0,0.0,0.14999999999999997,13.333333333333329,0.0,0.0,0.0,0.0,2.0,0.13439999999999996,-1.3000000000000007,-2.5,-0.6666666666666667
12,2022-2112-shayilan nuerdanbieke--tj brown,2022,0,1050,1152,Shayilan Nuerdanbieke,tj brown,145,185,0,-40.0,1495.0486732990375,1500.0,-4.951326700962454,1,45.0,50.0,-2.64,35.0,28.0,33.3,0.0,66.7,0.0,0.0,6.0,0.0,0.35,50.0,0.0,0.0,0.0,0.0,-1.0,0.4,-0.0,-0.0,0.0
12,2022-2113-tagir ulanbekov--tim elliott,2022,0,140,869,Tim Elliott,Tagir Ulanbekov,125,125,1,0.0,1500.738374432033,1539.8418458210795,-39.10347138904649,1,-5.0,5.0,0.71,9.0,-3.0,0.0,-3.299999999999997,3.299999999999997,4.0,0.0,14.0,0.0,0.0,-60.0,0.0,0.0,0.0,0.0,-1.0,-0.37440000000000007,7.4,3.1999999999999993,-0.4666666666666669
12,2022-2114-tuco tokkos--zhang mingyang,2022,0,1224,1225,Zhang Mingyang,Tuco Tokkos,205,205,1,0.0,1500.0,1500.0,0.0,1,20.0,-3.0,-1.0600000000000005,-47.0,42.0,100.0,-100.0,0.0,1.0,0.0,1.0,0.0,0.0,0.0,0.0,0.0,0.0,0.0,0.0,0.0,-0.0,-0.0,0.0
12,2023-2115-aaron phillips--gaston bolanos,2023,0,1226,1227,Gaston Bolanos,aaron phillips,135,185,0,-50.0,1500.0,1500.0,0.0,1,49.0,50.0,-2.4,100.0,42.0,0.0,0.0,100.0,0.0,0.0,4.0,0.0,0.0,0.0,0.0,0.0,0.0,0.0,0.0,0.0,-0.0,-0.0,0.0
12,2023-2116-abdul razak alhassan--joe pyfer,2023,0,597,899,abdul razak alhassan,Joe Pyfer,185,185,1,0.0,1500.0,1498.2202699150553,1.779730084944731,0,-43.0,-54.0,3.2,-42.0,-60.0,-66.6,-16.7,-16.7,0.0,0.0,-8.0,0.0,-0.5,-66.66666666666667,-100.0,-100.0,0.0,0.0,-2.0,-0.84,-0.0,-0.0,0.0
12,2023-2117-abdulkareem alselwady--george hardwick,2023,0,1228,1229,Abdul-Kareem Al-Selwady,george hardwick,155,185,0,-30.0,1500.0,1500.0,0.0,1,34.0,59.0,-3.6,30.0,20.0,0.0,0.0,100.0,0.0,0.0,2.0,0.0,0.0,0.0,0.0,0.0,0.0,0.0,0.0,0.0,-0.0,-0.0,0.0
12,2023-2118-abu azaitar--sedriques dumas,2023,0,954,1206,abu azaitar,Sedriques Dumas,185,185,1,0.0,1500.0,1504.21875,-4.21875,0,-45.0,-55.0,2.5,-35.0,-40.0,0.0,-25.0,-75.0,0.0,0.0,-7.0,0.0,-0.5,-100.0,-100.0,0.0,-100.0,0.0,-1.0,-1.0,-0.0,-0.0,0.0
12,2023-2119-abubakar nurmagomedov--elizeu zaleski dos santos,2023,0,331,1230,Elizeu Zaleski dos Santos,abubakar nurmagomedov,170,185,0,-15.0,1523.3668476436428,1500.0,23.366847643642814,1,41.0,55.0,-3.56,20.0,67.0,36.4,9.1,54.5,1.0,0.0,18.0,0.0,0.35,60.0,33.333333333333336,0.0,33.333333333333336,0.0,2.0,0.8784,6.0,6.0,1.2
12,2023-2120-abus magomedov--caio borralho,2023,0,953,1079,Caio Borralho,Abus Magomedov,185,185,1,0.0,1560.9206573117394,1504.0149070852665,56.90575022647295,1,8.0,4.0,1.1800000000000002,-9.0,-24.0,-2.8000000000000007,-13.9,16.700000000000003,1.0,0.0,4.0,0.0,0.0,0.0,-80.0,-80.0,0.0,0.0,4.0,0.0,-0.0,-0.0,2.0833333333333335
12,2023-2121-abus magomedov--sean strickland,2023,0,276,1079,Sean Strickland,Abus Magomedov,185,185,1,0.0,1594.692230597987,1472.274251280911,122.41797931707606,1,-6.0,4.0,-0.8900000000000001,7.0,-24.0,0.0,-18.8,18.799999999999997,5.0,1.0,17.0,0.0,0.0,-40.0,-100.0,-100.0,0.0,0.0,0.0,-0.33599999999999997,11.2,12.8,1.8666666666666667
12,2023-2122-adam fugitt--mike malott,2023,0,1066,1080,Mike Malott,Adam Fugitt,170,170,1,0.0,1506.8302360859757,1479.0417802077,27.788455878275727,1,1.0,3.0,1.58,31.0,-34.0,-16.700000000000003,50.0,-33.3,0.0,0.0,2.0,0.0,0.0,100.0,100.0,50.0,50.0,0.0,3.0,1.0,-0.0,-0.0,0.0
12,2023-2123-adam fugitt--yusaku kinoshita,2023,0,1080,1192,Adam Fugitt,Yusaku Kinoshita,170,185,0,-15.0,1445.9651896683956,1500.0,-54.034810331604376,1,46.0,51.0,-4.54,25.0,50.0,50.0,0.0,50.0,0.0,0.0,5.0,0.0,0.5,0.0,0.0,0.0,0.0,0.0,-1.0,0.0,-0.0,-0.0,0.0
12,2023-2124-adrian yanez--jonathan martinez,2023,0,617,840,Jonathan Martinez,Adrian Yanez,135,135,1,0.0,1530.4998161604772,1551.6480069200936,-21.148190759616455,1,8.0,2.0,1.6600000000000001,35.0,-13.0,-45.7,0.0,45.7,1.0,0.0,5.0,0.0,0.0,-20.0,-55.0,-55.0,0.0,0.0,-2.0,-0.03839999999999999,-0.0,-0.0,-0.1333333333333333
12,2023-2125-adrian yanez--rob font,2023,0,260,840,Rob Font,Adrian Yanez,135,135,1,0.0,1585.7532841823281,1524.8250101404517,60.92827404187642,1,5.0,3.0,2.08,34.0,-39.0,-35.7,8.3,27.400000000000002,9.0,0.0,9.0,0.0,0.0,-40.0,-46.666666666666664,-46.666666666666664,0.0,0.0,-6.0,-0.696,9.6,14.0,-2.533333333333333
12,2023-2126-aiemann zahabi--aoriqileng,2023,0,482,973,Aiemann Zahabi,Aoriqileng,135,135,1,0.0,1501.46864245039,1484.7046925931008,16.763949857289163,1,-3.0,21.0,1.33,-32.0,25.0,-4.699999999999996,0.0,4.700000000000003,1.0,0.0,2.0,0.0,0.0,10.0,-16.666666666666664,-16.666666666666664,0.0,0.0,0.0,0.03839999999999999,-0.0,-0.0,1.0
12,2023-2127-aj cunningham--steven nguyen,2023,0,712,1231,Steven Nguyen,AJ Cunningham,145,135,0,10.0,1503.0644263582194,1500.0,3.064426358219407,1,13.0,12.0,-0.79,100.0,42.0,-33.3,0.0,33.3,0.0,0.0,2.0,0.0,0.35,50.0,0.0,0.0,0.0,0.0,1.0,0.6,-0.0,-0.0,2.6666666666666665
12,2023-2128-aj fletcher--themba gorimbo,2023,0,1232,1233,aj fletcher,Themba Gorimbo,185,170,0,15.0,1500.0,1500.0,0.0,1,-61.0,-56.0,1.09,-65.0,-82.0,-25.0,0.0,-75.0,0.0,0.0,-6.0,0.0,0.0,0.0,0.0,0.0,0.0,0.0,0.0,0.0,-0.0,-0.0,0.0
12,2023-2129-alatengheili--chris gutierrez,2023,0,646,715,Chris Gutierrez,Alatengheili,135,135,1,0.0,1602.775839578159,1512.9208606215443,89.85497895661479,1,26.0,6.0,2.47,-18.0,-5.0,10.0,0.0,-10.0,1.0,0.0,5.0,0.0,0.0,20.0,35.0,35.0,0.0,0.0,3.0,0.09599999999999997,1.0,1.0,1.9166666666666665
12,2023-2130-albert duraev--chidi njokuani,2023,0,959,994,albert duraev,Chidi Njokuani,185,170,0,15.0,1500.0,1489.3728118965505,10.627188103449498,1,-62.0,-57.0,2.64,0.0,-73.0,-66.7,0.0,-33.3,0.0,0.0,-10.0,0.0,-0.5,-75.0,-100.0,-100.0,0.0,0.0,-2.0,-0.904,-0.0,-0.0,0.0
12,2023-2131-albert duraev--junyong park,2023,0,732,959,JunYong Park,albert duraev,185,185,1,0.0,1519.335750058458,1500.0,19.33575005845796,1,50.0,53.0,-3.59,42.0,57.0,0.0,33.3,66.7,0.0,0.0,12.0,0.0,0.5,80.0,25.0,0.0,25.0,0.0,3.0,0.9616,-0.0,-0.0,2.5833333333333335
12,2023-2132-alessandro costa--jimmy flick,2023,0,879,1086,jimmy flick,Alessandro Costa,185,125,0,60.0,1500.0,1497.8886347541013,2.1113652458986962,0,-47.0,-57.0,3.5,-12.0,-90.0,-66.7,0.0,-33.3,0.0,0.0,-5.0,0.0,-0.5,-50.0,0.0,0.0,0.0,0.0,-1.0,-0.6,-12.0,-12.0,-1.6666666666666667
12,2023-2133-alessandro costa--steve erceg,2023,0,1086,1234,Alessandro Costa,Steve Erceg,125,125,1,0.0,1504.648889561444,1500.0,4.6488895614440935,0,2.0,5.0,0.29000000000000004,-15.0,28.0,41.7,0.0,-41.7,-4.0,0.0,-2.0,0.0,0.5,50.0,0.0,0.0,0.0,0.0,1.0,0.6,12.0,12.0,1.6666666666666667
12,2023-2134-alex caceres--daniel pineda,2023,0,86,883,Alex Caceres,daniel pineda,145,185,0,-40.0,1530.1250131077752,1500.0,30.125013107775203,1,49.0,62.0,-3.09,68.0,64.0,12.5,25.0,62.5,1.0,0.0,29.0,0.0,0.5,80.0,50.0,25.0,25.0,0.0,-1.0,0.4,10.4,8.0,1.4
12,2023-2135-alex caceres--giga chikadze,2023,0,86,627,Alex Caceres,Giga Chikadze,145,145,1,0.0,1549.5458058864408,1560.9760703348115,-11.430264448370735,0,7.0,2.0,0.3900000000000001,35.0,-1.0,-25.0,25.0,0.0,-2.0,0.0,17.0,0.0,0.0,0.0,0.0,-25.0,25.0,0.0,0.0,0.0,0.06666666666666643,-2.333333333333334,0.7999999999999998
12,2023-2136-alex morono--joaquin buckley,2023,0,371,918,Alex Morono,Joaquin Buckley,170,170,1,0.0,1529.3562923605193,1462.9480681349494,66.40822422556994,0,4.0,-3.0,-1.85,-21.0,-25.0,-57.300000000000004,15.4,41.900000000000006,-3.0,0.0,6.0,0.0,0.0,40.0,-25.0,-25.0,0.0,0.0,-1.0,-0.07999999999999996,-0.0,-1.5,2.2666666666666666
12,2023-2137-alex morono--tim means,2023,0,119,371,Tim Means,Alex Morono,170,170,1,0.0,1451.8648803443002,1485.9843025790187,-34.11942223471851,0,9.0,4.0,1.1300000000000003,16.0,17.0,24.6,-2.0999999999999996,-22.5,-1.0,0.0,7.0,0.0,0.0,-40.0,-25.0,-25.0,0.0,0.0,-3.0,-0.6384,8.5,-5.0,-1.5999999999999996
12,2023-2138-alex pereira--israel adesanya,2023,1,630,962,Israel Adesanya,Alex Pereira,185,205,0,-20.0,1910.7692226196668,1804.2619197596973,106.50730285996951,1,-14.0,2.0,0.2999999999999998,-39.0,-2.0,-39.3,0.0,39.3,3.0,3.0,7.0,0.0,0.0,-40.0,-75.0,-75.0,0.0,4.0,-2.0,-0.13440000000000007,-3.2,1.5,-1.3333333333333333
12,2023-2139-alex pereira--jan blachowicz,2023,0,265,962,Jan Blachowicz,Alex Pereira,205,205,1,0.0,1806.9375460961287,1798.013609600196,8.923936495932594,0,-13.0,-1.0,0.4700000000000002,-2.0,-9.0,-36.2,16.7,19.500000000000004,1.0,-3.0,10.0,0.0,0.0,-20.0,0.0,0.0,0.0,2.0,-2.0,-0.09599999999999997,-5.800000000000001,1.5,-1.6666666666666665
12,2023-2140-alex pereira--jiri prochazka,2023,1,927,962,Jiri Prochazka,Alex Pereira,205,205,1,0.0,1750.597170157333,1886.377274779405,-135.78010462207203,0,-7.0,-10.0,-2.2,10.0,-10.0,2.200000000000003,20.0,-22.2,-2.0,-4.0,-4.0,0.0,0.0,0.0,25.0,-8.333333333333329,33.333333333333336,0.0,-1.0,0.0,-1.0,-1.0,-3.0
12,2023-2141-alex reyes--charlie campbell,2023,0,495,1130,Alex Reyes,Charlie Campbell,155,155,1,0.0,1496.3291931152344,1478.6290298126219,17.70016330261251,0,-8.0,-7.0,-3.19,-12.0,-71.0,50.0,0.0,-50.0,0.0,0.0,0.0,0.0,-0.3,0.0,0.0,0.0,0.0,0.0,0.0,0.0,-0.0,-0.0,0.0
12,2023-2142-alexander hernandez--bill algeo,2023,0,602,980,Alexander Hernandez,bill algeo,155,185,0,-30.0,1438.0842158537791,1500.0,-61.91578414622086,0,40.0,58.0,-4.6,36.0,73.0,44.4,0.0,55.6,3.0,0.0,16.0,0.0,0.5,20.0,100.0,100.0,0.0,0.0,-3.0,0.038400000000000004,6.800000000000001,5.0,0.5555555555555556
12,2023-2143-alexander hernandez--jim miller,2023,0,30,602,Jim Miller,Alexander Hernandez,155,155,1,0.0,1466.3334998576902,1362.232461752961,104.10103810472924,0,2.0,-2.0,1.1599999999999997,9.0,-25.0,-22.100000000000005,48.1,-26.0,-1.0,0.0,29.0,0.0,0.0,40.0,0.0,-33.33333333333333,33.333333333333336,0.0,5.0,0.84,3.0,-5.0,-2.3555555555555556
12,2023-2144-alexander volkanovski--islam makhachev,2023,1,295,375,Islam Makhachev,Alexander Volkanovski,170,145,0,25.0,1900.9875634699524,1964.8910507680716,-63.90348729811922,1,2.0,3.0,1.8099999999999998,19.0,20.0,-16.900000000000002,50.0,-33.099999999999994,-1.0,-2.0,0.0,0.0,0.0,0.0,80.0,0.0,80.0,-3.0,0.0,0.0,-6.8,-6.0,-0.4500000000000002
12,2023-2145-alexander volkanovski--yair rodriguez,2023,1,273,375,Yair Rodriguez,Alexander Volkanovski,145,145,1,0.0,1619.5834828666223,1962.0682800064333,-342.484797139811,0,-10.0,-6.0,-0.41999999999999993,-5.0,-11.0,0.6999999999999957,9.1,-9.799999999999997,-2.0,-5.0,-2.0,0.0,0.0,-20.0,55.0,55.0,0.0,-4.0,-4.0,-0.24,-4.8,-4.4,-2.1333333333333333
12,2023-2146-alexander volkov--alexandr romanov,2023,0,377,1088,Alexander Volkov,alexandr romanov,265,185,0,80.0,1642.6098827440069,1500.0,142.60988274400688,1,57.0,54.0,-2.99,66.0,72.0,50.0,8.3,41.7,12.0,0.0,17.0,0.0,0.5,60.0,66.66666666666667,66.66666666666667,0.0,0.0,-1.0,0.36160000000000003,12.2,13.0,0.4000000000000001
12,2023-2147-alexander volkov--tai tuivasa,2023,0,377,593,Alexander Volkov,Tai Tuivasa,265,265,1,0.0,1668.2037893827523,1603.9400932037215,64.26369617903083,1,11.0,10.0,2.1899999999999995,66.0,15.0,-37.5,8.3,29.200000000000003,9.0,0.0,1.0,0.0,0.0,0.0,-33.33333333333333,-33.33333333333333,0.0,0.0,-2.0,-0.3024,3.000000000000001,-4.0,1.0666666666666669
12,2023-2148-alexandre pantoja--brandon moreno,2023,1,390,498,Brandon Moreno,Alexandre Pantoja,125,125,1,0.0,1810.584799498897,1678.506856805543,132.07794269335386,0,-6.0,11.0,0.2599999999999998,-3.0,-5.0,13.0,-15.599999999999998,2.6000000000000014,-2.0,-2.0,1.0,0.0,0.0,0.0,0.0,25.0,-25.0,3.0,-4.0,-0.5616,-0.0,2.5999999999999996,-0.6666666666666667
12,2023-2149-alexandre pantoja--brandon royval,2023,1,498,865,Alexandre Pantoja,Brandon Royval,125,125,1,0.0,1919.2191990339722,1620.5741552884012,298.645043745571,1,9.0,6.0,0.35000000000000053,-28.0,24.0,0.0,0.0,0.0,4.0,5.0,6.0,0.0,0.0,0.0,0.0,25.0,-25.0,0.0,1.0,0.057599999999999985,-3.8,1.8000000000000007,-1.0
12,2023-2150-aljamain sterling--henry cejudo,2023,1,212,252,Aljamain Sterling,Henry Cejudo,145,135,0,10.0,1904.750847252318,1646.6755063241312,258.07534092818673,1,5.0,0.0,1.25,-1.0,-32.0,-28.2,23.5,-1.2000000000000028,7.0,0.0,7.0,0.0,0.15000000000000002,0.0,-40.0,-60.0,20.0,-1.0,0.0,0.0,-0.7999999999999998,-0.0,0.46666666666666656
12,2023-2151-aljamain sterling--sean omalley,2023,1,212,501,Aljamain Sterling,Sean O'Malley,145,135,0,10.0,1999.9297810528465,1597.9464060418857,401.9833750109608,0,-9.0,-1.0,1.27,-12.0,-17.0,-51.8,23.5,22.4,11.0,2.0,8.0,0.0,0.0,0.0,-40.0,-60.0,20.0,3.0,0.0,0.0,0.2999999999999998,-2.0,0.5777777777777777
12,2023-2152-allan nascimento--carlos hernandez,2023,0,610,988,Allan Nascimento,carlos hernandez,125,185,0,-60.0,1499.3780796336082,1500.0,-0.6219203663918051,1,60.0,50.0,-1.96,24.0,30.0,0.0,33.3,66.7,0.0,0.0,5.0,0.0,0.5,33.333333333333336,0.0,0.0,0.0,0.0,1.0,0.6,5.0,5.0,0.3333333333333333
12,2023-2153-alonzo menifield--dustin jacoby,2023,0,96,504,Dustin Jacoby,Alonzo Menifield,205,205,1,0.0,1548.3166145041118,1495.699403926697,52.61721057741488,0,-6.0,7.0,-0.2599999999999998,-6.0,-16.0,10.0,-16.7,6.700000000000003,-2.0,0.0,-1.0,0.0,0.0,0.0,-25.0,0.0,-25.0,0.0,-2.0,-0.07039999999999991,6.0,6.0,0.42222222222222233
12,2023-2154-alonzo menifield--jimmy crute,2023,0,504,640,Alonzo Menifield,Jimmy Crute,205,205,1,0.0,1521.431246658534,1486.390834722123,35.04041193641115,1,1.0,8.0,-0.07999999999999963,-21.0,20.0,0.0,-33.3,33.3,4.0,0.0,6.0,0.0,0.15000000000000002,20.0,-25.0,-16.66666666666667,-8.333333333333336,0.0,6.0,0.8143999999999999,-8.333333333333334,-10.0,0.11111111111111109
12,2023-2155-amir albazi--kai karafrance,2023,0,668,853,Kai Kara-France,Amir Albazi,125,125,1,0.0,1661.6476608858482,1605.54657544107,56.101085444778164,0,6.0,3.0,0.46999999999999975,-2.0,33.0,17.5,-40.0,22.5,3.0,0.0,7.0,0.0,0.0,-20.0,-25.0,25.0,-50.0,1.0,-3.0,-0.24,1.1333333333333346,6.133333333333334,0.1333333333333333
12,2023-2156-andre fialho--joaquin buckley,2023,0,918,1096,Joaquin Buckley,andre fialho,170,185,0,-15.0,1485.5852797030002,1500.0,-14.414720296999803,1,36.0,59.0,-2.93,45.0,72.0,72.7,0.0,27.3,4.0,0.0,16.0,0.0,0.5,40.0,50.0,50.0,0.0,0.0,2.0,0.84,6.5,6.5,-0.33333333333333337
12,2023-2157-andre fialho--tim means,2023,0,119,1096,Tim Means,andre fialho,170,185,0,-15.0,1392.6015712679696,1500.0,-107.39842873203042,1,49.0,60.0,-3.65,40.0,64.0,40.0,13.3,46.7,0.0,0.0,29.0,0.0,0.5,40.0,0.0,0.0,0.0,0.0,-2.0,0.12160000000000003,15.0,-0.0,0.33333333333333337
12,2023-2158-andre fili--lucas almeida,2023,0,159,1010,Andre Fili,Lucas Almeida,145,145,1,0.0,1470.5152971364416,1491.4036003182562,-20.888303181814535,1,-2.0,7.0,0.8099999999999996,45.0,18.0,-19.2,0.0,19.200000000000003,2.0,0.0,18.0,0.0,0.0,-10.0,-100.0,-100.0,0.0,0.0,-2.0,-0.3216,7.0,5.0,0.9333333333333333
12,2023-2159-andre fili--nathaniel wood,2023,0,159,612,Andre Fili,Nathaniel Wood,145,145,1,0.0,1477.3666298849803,1521.827352104495,-44.460722219514764,0,-14.0,-5.0,-0.3400000000000003,-3.0,-1.0,30.8,-33.3,2.5,2.0,0.0,12.0,0.0,0.0,-20.0,0.0,0.0,0.0,0.0,-3.0,-0.6,-0.0,-2.0,-1.9
12,2023-2160-andre lima--rickson zenidim,2023,0,1235,1236,Andre Lima,rickson zenidim,125,185,0,-60.0,1500.0,1500.0,0.0,1,60.0,57.0,-2.49,75.0,75.0,0.0,20.0,60.0,0.0,0.0,5.0,0.0,0.0,0.0,0.0,0.0,0.0,0.0,0.0,0.0,-0.0,-0.0,0.0
12,2023-2161-andre muniz--brendan allen,2023,0,614,713,Andre Muniz,Brendan Allen,185,185,1,0.0,1596.6080306288113,1538.2107611904396,58.39726943837172,0,-4.0,4.0,1.63,8.0,-21.0,-7.199999999999994,-7.100000000000001,14.299999999999997,-4.0,0.0,-7.0,0.0,0.0,0.0,20.0,0.0,20.0,0.0,0.0,0.0,11.0,11.0,0.2222222222222221
12,2023-2162-andre muniz--junyong park,2023,0,614,732,Andre Muniz,JunYong Park,185,185,1,0.0,1572.5017611638825,1539.3042984627302,33.19746270115229,1,-1.0,-2.0,1.2599999999999998,7.0,-22.0,0.0,16.700000000000003,-16.700000000000003,1.0,0.0,-1.0,0.0,0.0,20.0,55.0,0.0,55.0,0.0,2.0,0.03839999999999999,11.0,11.0,-0.5833333333333335
12,2023-2163-andre muniz--paul craig,2023,0,446,614,Paul Craig,Andre Muniz,205,185,0,20.0,1558.7292830431402,1581.7755180643767,-23.046235021236498,1,-4.0,-8.0,-0.71,-31.0,0.0,33.3,16.700000000000003,-50.0,3.0,0.0,9.0,0.0,0.0,-20.0,20.0,50.0,-30.0,0.0,-4.0,-0.24,-2.75,-2.75,-5.0
12,2023-2164-andre petroski--gerald meerschaert,2023,0,439,968,Gerald Meerschaert,Andre Petroski,185,185,1,0.0,1465.5391336474656,1531.3305485200758,-65.79141487261018,0,-4.0,1.0,-0.7400000000000002,-21.0,-44.0,-4.199999999999999,66.7,-62.5,0.0,0.0,13.0,0.0,0.0,-20.0,25.0,-25.0,50.0,0.0,-5.0,-0.6,7.0,-0.0,-4.222222222222222
12,2023-2165-andre petroski--michel pereira,2023,0,779,968,Michel Pereira,Andre Petroski,185,185,1,0.0,1536.031281057103,1553.2545423792117,-17.223261322108783,1,3.0,-1.0,-1.5999999999999996,1.0,-10.0,9.799999999999994,8.299999999999997,-18.1,1.0,0.0,3.0,0.0,0.0,-20.0,-50.0,-25.0,-25.0,0.0,-1.0,-0.03839999999999999,6.0,6.0,-1.7333333333333334
12,2023-2166-ange loosa--rhys mckee,2023,0,847,972,Rhys McKee,ange loosa,170,185,0,-15.0,1475.9260038207408,1500.0,-24.07399617925921,0,40.0,47.0,-7.15,0.0,47.0,100.0,0.0,0.0,0.0,0.0,6.0,0.0,0.35,0.0,0.0,0.0,0.0,0.0,-2.0,0.0,-0.0,-0.0,-3.0
12,2023-2167-angel pacheco--danny silva,2023,0,1237,1238,Danny Silva,Angel Pacheco,145,135,0,10.0,1500.0,1500.0,0.0,1,16.0,20.0,4.000000000000001,33.0,53.0,-100.0,0.0,100.0,0.0,0.0,2.0,0.0,0.0,0.0,0.0,0.0,0.0,0.0,0.0,0.0,-0.0,-0.0,0.0
12,2023-2168-anshul jubli--jeka saragih,2023,1,1098,1239,Anshul Jubli,jeka saragih,155,185,0,-30.0,1506.5625,1500.0,6.5625,1,46.0,50.0,-5.72,18.0,63.0,50.0,0.0,50.0,0.0,1.0,4.0,0.0,0.5,100.0,0.0,0.0,0.0,0.0,1.0,1.0,-0.0,-0.0,1.0
12,2023-2169-anshul jubli--mike breeden,2023,0,963,1098,mike breeden,Anshul Jubli,185,155,0,30.0,1500.0,1546.8712777577578,-46.87127775775775,1,-46.0,-50.0,5.72,-18.0,-63.0,-50.0,0.0,-50.0,0.0,-1.0,-4.0,0.0,-0.5,-100.0,0.0,0.0,0.0,0.0,-1.0,-1.0,-0.0,-0.0,-1.0
12,2023-2170-anthony hernandez--edmen shahbazyan,2023,0,619,731,Edmen Shahbazyan,Anthony Hernandez,185,185,1,0.0,1491.407839489169,1507.6851535242658,-16.27731403509688,0,-14.0,-1.0,-1.0900000000000003,-11.0,-2.0,44.5,-44.5,0.0,-3.0,0.0,3.0,0.0,0.0,-20.0,33.33333333333333,100.0,-66.66666666666667,0.0,-2.0,-0.3104,10.75,11.333333333333334,-2.8333333333333335
12,2023-2171-anthony smith--johnny walker,2023,0,618,682,anthony smith,Johnny Walker,185,205,0,-20.0,1500.0,1511.5280396103133,-11.528039610313272,0,-55.0,-45.0,3.09,-60.0,-57.0,-66.7,-11.1,-22.2,-6.0,0.0,-15.0,0.0,-0.5,-40.0,-100.0,-50.0,-50.0,0.0,1.0,-0.2656,-10.0,-9.2,0.888888888888889
12,2023-2172-anthony smith--khalil rountree jr,2023,0,384,618,Khalil Rountree Jr.,anthony smith,205,185,0,20.0,1511.7435355116559,1500.0,11.743535511655864,1,40.0,49.0,-4.24,0.0,58.0,70.0,0.0,30.0,4.0,0.0,16.0,0.0,0.5,80.0,50.0,50.0,0.0,0.0,2.0,0.904,7.0,7.0,-0.16666666666666674
12,2023-2173-anthony smith--ryan spann,2023,0,582,618,Ryan Spann,anthony smith,205,185,0,20.0,1601.2691306705924,1500.0,101.2691306705924,0,39.0,43.0,-4.14,34.0,52.0,30.0,50.0,20.0,3.0,0.0,17.0,0.0,0.5,80.0,75.0,50.0,25.0,0.0,3.0,0.9616,10.4,10.75,1.6666666666666667
12,2023-2174-anton turkalj--vitor petrino,2023,0,1101,1219,anton turkalj,Vitor Petrino,185,265,0,-80.0,1500.0,1504.21875,-4.21875,0,-45.0,-47.0,2.6,-58.0,-71.0,-33.400000000000006,-33.3,-33.3,0.0,0.0,-8.0,0.0,-0.5,-100.0,-100.0,-100.0,0.0,0.0,-1.0,-1.0,-0.0,-0.0,0.0
12,2023-2175-aoriqileng--johnny munoz,2023,0,973,1240,Aoriqileng,johnny munoz,135,185,0,-50.0,1451.3614907670105,1500.0,-48.63850923298946,1,49.0,48.0,-5.46,46.0,58.0,33.3,0.0,66.7,0.0,0.0,7.0,0.0,0.5,50.0,50.0,50.0,0.0,0.0,2.0,0.84,-0.0,-0.0,-0.4444444444444444
12,2023-2176-arman tsarukyan--beneil dariush,2023,0,219,733,Beneil Dariush,Arman Tsarukyan,155,155,1,0.0,1668.5289300737127,1592.5097302665229,76.0191998071898,0,1.0,4.0,-0.7699999999999998,1.0,7.0,-26.700000000000003,29.4,-2.700000000000003,3.0,0.0,13.0,0.0,0.0,20.0,-10.0,-10.0,0.0,0.0,4.0,0.24,1.5500000000000007,3.25,1.6
12,2023-2177-arman tsarukyan--joaquim silva,2023,0,348,733,Joaquim Silva,Arman Tsarukyan,155,155,1,0.0,1474.9555287528506,1714.8609846199442,-239.90545586709368,0,-5.0,0.0,-2.6900000000000004,13.0,-6.0,5.600000000000001,0.0,-5.600000000000001,-6.0,0.0,0.0,0.0,0.0,-40.0,50.0,50.0,0.0,0.0,0.0,-0.13440000000000007,-7.25,-7.25,-0.2888888888888891
12,2023-2178-armen petrosyan--christian leroy duncan,2023,0,1105,1241,armen petrosyan,Christian Leroy Duncan,185,185,1,0.0,1500.0,1500.0,0.0,1,-59.0,-51.0,2.94,-11.0,-71.0,-80.0,0.0,-20.0,0.0,0.0,-7.0,0.0,0.0,0.0,0.0,0.0,0.0,0.0,0.0,0.0,-0.0,-0.0,0.0
12,2023-2179-arnold allen--max holloway,2023,0,137,297,Max Holloway,Arnold Allen,145,145,1,0.0,1666.6647902753627,1737.6919769167384,-71.02718664137569,1,7.0,-2.0,-1.8600000000000003,6.0,8.0,29.599999999999998,-9.5,-20.1,11.0,5.0,18.0,0.0,0.0,-60.0,-40.0,-40.0,0.0,3.0,-6.0,-0.6639999999999999,0.40000000000000036,4.0,-2.1333333333333333
12,2023-2180-asu almabayev--ode osbourne,2023,0,734,1242,Ode Osbourne,Asu Almabayev,125,125,1,0.0,1468.186122652283,1500.0,-31.813877347716925,0,-13.0,-5.0,-1.6800000000000002,-13.0,16.0,50.0,-3.3000000000000007,-46.7,-2.0,0.0,7.0,0.0,0.5,60.0,66.66666666666667,66.66666666666667,0.0,0.0,1.0,0.7216,-0.0,-0.0,1.0
12,2023-2181-austen lane--justin tafa,2023,0,623,811,Austen Lane,Justin Tafa,265,265,1,0.0,1499.34414867505,1470.1378382363112,29.20631043873891,0,-4.0,-7.0,2.8800000000000003,28.0,-20.0,-50.0,0.0,50.0,0.0,0.0,-2.0,0.0,0.15000000000000002,10.0,0.0,0.0,0.0,0.0,3.0,0.46559999999999996,-0.0,-0.0,1.6666666666666667
12,2023-2182-austin hubbard--kurt holobaugh,2023,0,193,739,Kurt Holobaugh,Austin Hubbard,155,155,1,0.0,1455.0015296026193,1462.6157478388905,-7.614218236271199,1,2.0,-6.0,-0.14000000000000057,5.0,-30.0,-25.0,50.0,-25.0,0.0,0.0,-2.0,0.0,-0.14999999999999997,-40.0,-50.0,-50.0,0.0,0.0,-6.0,-0.6384,-0.0,-0.0,-1.3333333333333335
12,2023-2183-austin lingo--melquizael costa,2023,0,862,1243,austin lingo,Melquizael Costa,185,145,0,40.0,1500.0,1500.0,0.0,0,-49.0,-54.0,3.09,-38.0,-58.0,0.0,-40.0,-60.0,0.0,0.0,-7.0,0.0,0.0,0.0,0.0,0.0,0.0,0.0,0.0,0.0,-0.0,-0.0,0.0
12,2023-2184-austin lingo--nate landwehr,2023,0,862,888,austin lingo,Nate Landwehr,185,145,0,40.0,1500.0,1492.9868090942398,7.0131909057602115,0,-45.0,-52.0,5.83,-41.0,-71.0,-20.0,-40.0,-40.0,0.0,0.0,-10.0,0.0,-0.5,-60.0,-33.333333333333336,0.0,-33.333333333333336,0.0,-1.0,-0.7216,-0.0,-0.0,-1.8333333333333335
12,2023-2185-azamat murzakanov--dustin jacoby,2023,0,96,976,Dustin Jacoby,Azamat Murzakanov,205,205,1,0.0,1521.777687188894,1515.3310930821729,6.44659410672125,0,-10.0,-4.0,-1.1599999999999997,10.0,-21.0,-23.299999999999997,0.0,23.3,-1.0,0.0,11.0,0.0,0.0,-20.0,-50.0,-50.0,0.0,0.0,-1.0,-0.09599999999999997,6.0,6.0,0.5333333333333334
12,2023-2186-azat maksum--tyson nam,2023,0,937,1244,tyson nam,Azat Maksum,185,125,0,60.0,1500.0,1500.0,0.0,0,-28.0,-52.0,5.0,-28.0,-85.0,0.0,0.0,-100.0,0.0,0.0,-3.0,0.0,0.0,0.0,0.0,0.0,0.0,0.0,0.0,0.0,-0.0,-0.0,0.0
12,2023-2187-baergeng jieleyisi--shuya kamikubo,2023,0,1245,1246,shuya kamikubo,Baergeng Jieleyisi,185,145,0,40.0,1500.0,1500.0,0.0,1,-35.0,-52.0,2.62,-38.0,-78.0,0.0,-50.0,-50.0,0.0,0.0,-5.0,0.0,0.0,0.0,0.0,0.0,0.0,0.0,0.0,0.0,-0.0,-0.0,0.0
12,2023-2188-bassil hafez--jack della maddalena,2023,0,971,1247,Jack Della Maddalena,Bassil Hafez,170,170,1,0.0,1535.3225225034953,1500.0,35.32252250349529,1,14.0,23.0,1.1499999999999995,-13.0,19.0,44.49999999999999,11.1,-55.6,3.0,1.0,6.0,0.0,0.5,100.0,75.0,75.0,0.0,0.0,4.0,1.0,-0.0,-0.0,3.0
12,2023-2189-batgerel danaa--brady hiestand,2023,0,716,981,batgerel danaa,Brady Hiestand,185,135,0,50.0,1500.0,1494.9281649196912,5.0718350803088015,0,-50.0,-51.0,3.75,-46.0,-42.0,-33.400000000000006,-33.3,-33.3,0.0,0.0,-4.0,0.0,-0.5,-50.0,0.0,0.0,0.0,0.0,-1.0,-0.6,-0.0,-0.0,0.0
12,2023-2190-belal muhammad--gilbert burns,2023,0,216,366,Gilbert Burns,Belal Muhammad,170,170,1,0.0,1614.5468626895188,1746.0910143325711,-131.54415164305237,0,5.0,-3.0,0.13999999999999968,-1.0,-37.0,6.699999999999999,26.599999999999998,-33.3,-1.0,-1.0,5.0,0.0,0.0,-40.0,13.333333333333336,13.333333333333336,0.0,1.0,-7.0,-0.84,2.75,2.75,-0.9333333333333333
12,2023-2191-beneil dariush--charles oliveira,2023,0,63,219,Charles Oliveira,Beneil Dariush,155,155,1,0.0,1835.7429500134704,1649.3226285182336,186.42032149523675,1,6.0,-9.0,-0.6499999999999999,1.0,-26.0,-0.29999999999999716,40.199999999999996,-39.9,4.0,2.0,10.0,0.0,0.0,-20.0,60.0,-15.0,75.0,3.0,-4.0,-0.24,3.999999999999999,5.9,-1.555555555555556
12,2023-2192-benoit saint denis--ismael bonfim,2023,0,979,1171,Benoit Saint Denis,Ismael Bonfim,155,155,1,0.0,1490.3842204488326,1511.84375,-21.459529551167407,1,0.0,-28.0,-1.0900000000000003,4.0,-6.0,9.600000000000001,57.1,-66.7,3.0,0.0,5.0,0.0,0.0,-33.33333333333333,100.0,50.0,50.0,0.0,1.0,-0.16000000000000003,-0.0,-0.0,-5.333333333333334
12,2023-2193-benoit saint denis--matt frevola,2023,0,586,979,Matt Frevola,Benoit Saint Denis,155,155,1,0.0,1479.980071614907,1504.0924142969634,-24.11234268205635,0,-15.0,15.0,0.5000000000000004,2.0,-34.0,7.100000000000001,-40.400000000000006,33.3,-2.0,0.0,2.0,0.0,0.0,-6.666666666666671,-33.33333333333333,16.66666666666667,-50.0,0.0,0.0,0.025599999999999956,-0.0,-0.0,3.2222222222222223
12,2023-2194-benoit saint denis--thiago moises,2023,0,629,979,Thiago Moises,Benoit Saint Denis,155,155,1,0.0,1494.6399487249214,1545.217470889508,-50.577522164586526,0,-13.0,11.0,0.11000000000000032,-2.0,-18.0,-20.600000000000005,-23.800000000000004,44.4,-3.0,0.0,6.0,0.0,0.0,-6.666666666666671,-33.33333333333333,-50.0,16.66666666666667,0.0,0.0,0.025599999999999956,8.0,8.0,2.8
12,2023-2195-billy quarantillo--damon jackson,2023,0,743,885,Billy Quarantillo,damon jackson,145,185,0,-40.0,1493.0070518743325,1500.0,-6.9929481256674535,1,54.0,42.0,-5.83,24.0,61.0,57.1,14.3,28.6,0.0,0.0,12.0,0.0,0.5,80.0,75.0,75.0,0.0,0.0,2.0,0.904,6.0,6.0,-1.0
12,2023-2196-billy quarantillo--edson barboza,2023,0,72,743,Edson Barboza,Billy Quarantillo,155,145,0,10.0,1496.8528862972396,1503.0071118296619,-6.154225532422288,1,-10.0,13.0,1.2300000000000004,26.0,12.0,-7.100000000000001,-14.3,21.4,11.0,0.0,19.0,0.0,0.0,-40.0,-25.0,-25.0,0.0,0.0,-3.0,-0.6384000000000001,4.6,2.1999999999999993,-1.0
12,2023-2197-billy ray goff--yusaku kinoshita,2023,0,1109,1192,Billy Ray Goff,Yusaku Kinoshita,170,185,0,-15.0,1504.21875,1500.0,4.21875,1,46.0,59.0,-5.02,16.0,66.0,100.0,0.0,0.0,0.0,0.0,4.0,0.0,0.5,100.0,100.0,100.0,0.0,0.0,1.0,1.0,-0.0,-0.0,0.0
12,2023-2198-blagoy ivanov--marcin tybura,2023,0,467,746,Marcin Tybura,blagoy ivanov,265,185,0,80.0,1562.9564270589904,1500.0,62.95642705899036,1,48.0,55.0,-3.33,33.0,75.0,35.8,7.1,57.1,8.0,0.0,23.0,0.0,0.5,80.0,25.0,25.0,0.0,0.0,2.0,0.904,11.4,11.333333333333334,1.2
12,2023-2199-blake bilder--kyle nelson,2023,0,664,1248,Kyle Nelson,blake bilder,155,185,0,-30.0,1447.5397760878077,1500.0,-52.460223912192305,1,45.0,51.0,-4.72,20.0,73.0,50.0,0.0,50.0,0.0,0.0,10.0,0.0,0.5,20.0,100.0,100.0,0.0,0.0,-3.0,0.038400000000000004,-0.0,-0.0,-1.0
12,2023-2200-blood diamond--charles radtke,2023,0,1110,1249,blood diamond,Charles Radtke,185,170,0,15.0,1500.0,1500.0,0.0,0,-49.0,-52.0,3.66,-12.0,-100.0,-66.7,0.0,-33.3,0.0,0.0,-5.0,0.0,0.0,0.0,0.0,0.0,0.0,0.0,0.0,0.0,-0.0,-0.0,0.0
12,2023-2201-bo nickal--jamie pickett,2023,0,803,1111,jamie pickett,Bo Nickal,185,185,1,0.0,1500.0,1508.4204260468964,-8.42042604689641,0,-59.0,-58.0,2.11,-53.0,-100.0,-16.59999999999999,-66.7,-16.7,0.0,0.0,-7.0,0.0,-0.5,-100.0,-100.0,0.0,-100.0,0.0,-2.0,-1.0,-0.0,-0.0,0.0
12,2023-2202-bo nickal--val woodburn,2023,0,1111,1250,Bo Nickal,val woodburn,185,185,1,0.0,1521.8386457798317,1500.0,21.838645779831722,1,59.0,58.0,-2.11,53.0,100.0,16.59999999999999,66.7,16.7,0.0,0.0,7.0,0.0,0.5,100.0,100.0,0.0,100.0,0.0,2.0,1.0,-0.0,-0.0,0.0
12,2023-2203-bogdan grad--tom nolan,2023,0,1251,1252,Tom Nolan,Bogdan Grad,155,145,0,10.0,1500.0,1500.0,0.0,1,-6.0,-3.0,0.5500000000000007,-24.0,-9.0,0.0,0.0,0.0,0.0,0.0,1.0,0.0,0.0,0.0,0.0,0.0,0.0,0.0,0.0,0.0,-0.0,-0.0,0.0
12,2023-2204-bogdan guskov--volkan oezdemir,2023,0,576,1253,Volkan Oezdemir,Bogdan Guskov,205,205,1,0.0,1552.3398715891326,1500.0,52.3398715891326,1,-7.0,10.0,-0.9199999999999999,29.0,23.0,-25.0,-12.5,37.5,5.0,0.0,10.0,0.0,0.5,20.0,0.0,0.0,0.0,0.0,1.0,0.6,13.2,12.0,-0.20000000000000004
12,2023-2205-bolaji oki--dylan salvador,2023,0,1254,1255,Bolaji Oki,dylan salvador,155,185,0,-30.0,1500.0,1500.0,0.0,1,44.0,61.0,-5.15,60.0,66.0,33.3,0.0,66.7,0.0,0.0,5.0,0.0,0.0,0.0,0.0,0.0,0.0,0.0,0.0,0.0,-0.0,-0.0,0.0
12,2023-2206-brad katona--cody gibson,2023,0,213,748,Cody Gibson,brad katona,135,185,0,-50.0,1495.9805949819963,1500.0,-4.019405018003681,0,45.0,57.0,-3.18,37.0,69.0,33.400000000000006,33.3,33.3,0.0,0.0,9.0,0.0,0.0,25.0,100.0,100.0,0.0,0.0,-2.0,0.096,-0.0,-0.0,-1.3333333333333335
12,2023-2207-brad tavares--bruno silva,2023,0,309,870,brad tavares,bruno silva,185,185,1,0.0,1516.3740188297743,1500.0,16.374018829774286,0,43.0,54.0,-3.36,26.0,81.0,12.5,0.0,87.5,6.0,0.0,27.0,0.0,0.5,60.0,33.333333333333336,33.333333333333336,0.0,0.0,-1.0,0.36160000000000003,6.0,7.0,-0.1999999999999999
12,2023-2208-brad tavares--chris weidman,2023,0,309,529,brad tavares,chris weidman,185,185,1,0.0,1482.2266686563094,1500.0,-17.773331343690643,1,43.0,54.0,-3.36,26.0,81.0,12.5,0.0,87.5,6.0,0.0,27.0,0.0,0.5,60.0,33.333333333333336,33.333333333333336,0.0,0.0,-1.0,0.36160000000000003,6.0,7.0,-0.1999999999999999
12,2023-2209-brandon moreno--deiveson figueiredo,2023,1,390,539,Brandon Moreno,Deiveson Figueiredo,125,135,0,-10.0,1795.395369545524,1788.2768450357094,7.118524509814733,1,-10.0,11.0,0.020000000000000018,9.0,6.0,-3.5,-3.5,7.0,-1.0,0.0,-1.0,0.0,0.0,0.0,0.0,25.0,-25.0,-1.0,-2.0,-0.36,-3.5999999999999996,-1.0,-1.6666666666666667
12,2023-2210-brandon royval--matheus nicolau,2023,0,865,1061,Brandon Royval,matheus nicolau,125,185,0,-60.0,1601.0422203679848,1500.0,101.04222036798478,1,41.0,43.0,-4.23,75.0,45.0,14.200000000000006,42.9,42.9,7.0,0.0,11.0,0.0,0.5,80.0,75.0,0.0,75.0,0.0,2.0,0.904,14.2,12.6,1.0
12,2023-2211-brendan allen--bruno silva,2023,0,713,870,Brendan Allen,bruno silva,185,185,1,0.0,1623.9889033698114,1500.0,123.9889033698114,1,53.0,47.0,-3.96,41.0,56.0,7.199999999999994,57.1,35.7,5.0,0.0,18.0,0.0,0.5,100.0,60.0,0.0,60.0,0.0,5.0,1.0,-0.0,-0.0,1.777777777777778
12,2023-2212-brendan allen--paul craig,2023,0,446,713,Paul Craig,Brendan Allen,205,185,0,20.0,1587.5487255916207,1689.4132758895503,-101.86455029792955,0,-8.0,-4.0,0.9199999999999999,-23.0,-21.0,26.1,9.600000000000001,-35.7,-1.0,0.0,2.0,0.0,0.0,-20.0,40.0,50.0,-10.0,0.0,-4.0,-0.24,8.25,8.25,-4.777777777777778
12,2023-2213-brendon marotte--terrance mckinney,2023,0,837,1256,Terrance McKinney,brendon marotte,155,185,0,-30.0,1483.9123667990812,1500.0,-16.087633200918845,1,56.0,47.0,-2.58,40.0,77.0,57.1,42.9,0.0,0.0,0.0,12.0,0.0,0.5,60.0,100.0,33.333333333333336,66.66666666666667,0.0,1.0,0.7343999999999999,-0.0,-0.0,0.0
12,2023-2214-brendson ribeiro--bruno lopes,2023,0,1257,1258,Brendson Ribeiro,Bruno Lopes,205,205,1,0.0,1500.0,1500.0,0.0,1,-1.0,-4.0,-0.6200000000000001,9.0,-82.0,-16.599999999999994,33.3,-16.700000000000003,0.0,0.0,3.0,0.0,0.0,0.0,0.0,0.0,0.0,0.0,0.0,0.0,-0.0,-0.0,0.0
12,2023-2215-brian kelleher--cody garbrandt,2023,0,317,523,Cody Garbrandt,brian kelleher,135,185,0,-50.0,1529.9425899051646,1500.0,29.942589905164596,1,39.0,59.0,-3.64,27.0,83.0,66.7,0.0,33.3,3.0,1.0,16.0,0.0,0.35,20.0,100.0,100.0,0.0,1.0,-2.0,0.096,13.2,14.25,0.3333333333333334
12,2023-2216-brunno ferreira--gregory rodrigues,2023,0,913,1117,Gregory Rodrigues,Brunno Ferreira,185,185,1,0.0,1489.4815630156702,1504.21875,-14.73718698432981,0,1.0,-1.0,-1.7000000000000002,10.0,33.0,8.299999999999997,-33.3,25.0,0.0,0.0,4.0,0.0,0.0,-20.0,-25.0,-25.0,0.0,0.0,-2.0,-0.6,-0.0,-0.0,0.33333333333333337
12,2023-2217-brunno ferreira--nursulton ruziboev,2023,0,1117,1259,Brunno Ferreira,Nursulton Ruziboev,185,185,1,0.0,1510.8972141528147,1500.0,10.89721415281474,0,4.0,3.0,-0.44999999999999973,-38.0,24.0,-8.299999999999997,33.3,-25.0,0.0,0.0,3.0,0.0,0.5,100.0,100.0,100.0,0.0,0.0,1.0,1.0,-0.0,-0.0,0.0
12,2023-2218-bruno silva--shara magomedov,2023,0,870,1260,bruno silva,Shara Magomedov,185,185,1,0.0,1500.0,1500.0,0.0,0,-62.0,-43.0,3.85,0.0,-71.0,-40.0,0.0,-60.0,0.0,0.0,-6.0,0.0,0.0,0.0,0.0,0.0,0.0,0.0,0.0,0.0,-0.0,-0.0,0.0
12,2023-2219-bryan barberena--gunnar nelson,2023,0,129,396,Gunnar Nelson,bryan barberena,170,185,0,-15.0,1518.0177257215464,1500.0,18.017725721546412,1,61.0,48.0,-3.06,52.0,68.0,0.0,80.0,20.0,5.0,0.0,16.0,0.0,0.5,60.0,66.66666666666667,0.0,66.66666666666667,0.0,1.0,0.664,8.2,9.333333333333334,-1.2666666666666668
12,2023-2220-bryan battle--gabe green,2023,0,887,985,Gabe Green,Bryan Battle,155,185,0,-30.0,1471.213596101206,1500.0,-28.786403898794106,0,45.0,47.0,-6.19,50.0,50.0,33.400000000000006,33.3,33.3,0.0,0.0,6.0,0.0,0.5,50.0,50.0,50.0,0.0,0.0,1.0,0.696,-0.0,-0.0,-1.4444444444444444
12,2023-2221-bryce mitchell--dan ige,2023,0,535,632,Dan Ige,Bryce Mitchell,145,135,0,10.0,1497.333699536217,1572.5336568908722,-75.19995735465523,0,-14.0,-2.0,-1.96,-11.0,23.0,30.499999999999993,5.6,-36.099999999999994,2.0,0.0,9.0,0.0,0.0,-40.0,50.0,50.0,0.0,0.0,-2.0,-0.4944,5.6,4.75,-3.733333333333334
12,2023-2222-bryce mitchell--josh emmett,2023,0,461,632,Josh Emmett,Bryce Mitchell,145,135,0,10.0,1641.5050896460234,1612.2895319160011,29.215557730022283,1,-24.0,2.0,-2.86,1.0,13.0,28.9,-11.1,-17.799999999999997,3.0,0.0,3.0,0.0,0.0,20.0,40.0,40.0,0.0,0.0,4.0,0.24,4.4,4.0,-1.3333333333333337
12,2023-2223-caio borralho--michal oleksiejczuk,2023,0,795,953,Michal Oleksiejczuk,Caio Borralho,185,185,1,0.0,1487.299851007895,1592.661313116095,-105.36146210819993,0,-5.0,-1.0,-1.9100000000000001,-5.0,-24.0,66.7,-11.1,-55.6,-2.0,0.0,6.0,0.0,0.0,-20.0,55.0,55.0,0.0,0.0,-6.0,-0.6,-0.0,-0.0,-2.0833333333333335
12,2023-2224-caio machado--mick parkin,2023,0,1148,1261,Mick Parkin,caio machado,265,185,0,80.0,1504.21875,1500.0,4.21875,1,50.0,58.0,-4.13,46.0,50.0,20.0,20.0,60.0,0.0,0.0,6.0,0.0,0.5,100.0,100.0,0.0,100.0,0.0,1.0,1.0,-0.0,-0.0,0.0
12,2023-2225-cameron saaiman--christian rodriguez,2023,0,1000,1121,Christian Rodriguez,Cameron Saaiman,145,135,0,10.0,1492.7773053385538,1508.4204260468964,-15.643120708342622,1,4.0,5.0,1.2899999999999996,12.0,20.0,-75.0,16.7,58.3,0.0,0.0,3.0,0.0,0.0,-33.33333333333333,-50.0,-100.0,50.0,0.0,-3.0,-0.6,-0.0,-0.0,0.6666666666666666
12,2023-2226-cameron saaiman--mana martinez,2023,0,1121,1262,Cameron Saaiman,mana martinez,135,185,0,-50.0,1471.5941254067407,1500.0,-28.40587459325934,1,46.0,51.0,-4.14,28.0,47.0,75.0,0.0,25.0,0.0,0.0,7.0,0.0,0.5,100.0,100.0,100.0,0.0,0.0,2.0,1.0,-0.0,-0.0,0.0
12,2023-2227-cameron saaiman--terrence mitchell,2023,0,1121,1263,Cameron Saaiman,terrence mitchell,135,185,0,-50.0,1482.9885278470708,1500.0,-17.011472152929173,1,46.0,51.0,-4.14,28.0,47.0,75.0,0.0,25.0,0.0,0.0,7.0,0.0,0.5,100.0,100.0,100.0,0.0,0.0,2.0,1.0,-0.0,-0.0,0.0
12,2023-2228-cameron smotherman--charalampos grigoriou,2023,0,1264,1265,charalampos grigoriou,Cameron Smotherman,185,135,0,50.0,1500.0,1500.0,0.0,1,-37.0,-58.0,3.52,0.0,-62.0,0.0,0.0,-100.0,0.0,0.0,-4.0,0.0,0.0,0.0,0.0,0.0,0.0,0.0,0.0,0.0,-0.0,-0.0,0.0
12,2023-2229-carlos hernandez--tatsuro taira,2023,0,988,1125,carlos hernandez,Tatsuro Taira,185,125,0,60.0,1500.0,1519.749459332393,-19.749459332392917,0,-60.0,-47.0,2.54,-48.0,-45.0,-28.500000000000007,-42.9,-28.6,-2.0,0.0,-8.0,0.0,-0.5,-100.0,-50.0,0.0,-50.0,0.0,-2.0,-1.0,-0.0,-0.0,-3.3333333333333335
12,2023-2230-carlos prates--mitch ramirez,2023,0,1266,1267,Carlos Prates,Mitch Ramirez,170,155,0,15.0,1500.0,1500.0,0.0,1,10.0,11.0,-0.8199999999999998,67.0,59.0,0.0,0.0,0.0,2.0,0.0,4.0,0.0,0.0,0.0,0.0,0.0,0.0,0.0,0.0,0.0,-0.0,-0.0,0.0
12,2023-2231-carlos ulberg--da woon jung,2023,0,867,1007,Carlos Ulberg,da woon jung,205,185,0,20.0,1515.4042826166346,1500.0,15.404282616634646,1,55.0,51.0,-4.21,60.0,85.0,55.6,11.1,33.3,0.0,0.0,10.0,0.0,0.5,80.0,75.0,75.0,0.0,0.0,3.0,0.9616,-0.0,-0.0,3.0
12,2023-2232-carlos ulberg--ihor potieria,2023,0,867,1169,Carlos Ulberg,ihor potieria,205,185,0,20.0,1535.429973063171,1500.0,35.42997306317102,1,55.0,51.0,-4.21,60.0,85.0,55.6,11.1,33.3,0.0,0.0,10.0,0.0,0.5,80.0,75.0,75.0,0.0,0.0,3.0,0.9616,-0.0,-0.0,3.0
12,2023-2233-carlston harris--jared gooden,2023,0,990,1038,Carlston Harris,jared gooden,170,185,0,-15.0,1484.3671813564029,1500.0,-15.632818643597147,1,43.0,54.0,-3.46,22.0,55.0,25.0,50.0,25.0,0.0,0.0,7.0,0.0,0.5,66.66666666666667,100.0,50.0,50.0,0.0,-1.0,0.4,-0.0,-0.0,0.0
12,2023-2234-carlston harris--jeremiah wells,2023,0,990,1042,Carlston Harris,Jeremiah Wells,170,170,1,0.0,1504.5414419443991,1515.0988736009917,-10.557431656592598,1,0.0,6.0,-2.15,-22.0,-25.0,-25.0,25.0,0.0,0.0,0.0,1.0,0.0,0.0,-33.33333333333333,0.0,-16.66666666666667,16.666666666666664,0.0,-4.0,-0.6,-0.0,-0.0,0.0
12,2023-2235-cesar almeida--lucas fernando,2023,0,1268,1269,Cesar Almeida,lucas fernando,185,185,1,0.0,1500.0,1500.0,0.0,1,58.0,48.0,-2.32,0.0,60.0,50.0,0.0,50.0,0.0,0.0,5.0,0.0,0.0,0.0,0.0,0.0,0.0,0.0,0.0,0.0,-0.0,-0.0,0.0
12,2023-2236-chad anheliger--jose johnson,2023,0,991,1270,Chad Anheliger,jose johnson,135,185,0,-50.0,1481.9646488122496,1500.0,-18.035351187750393,0,46.0,53.0,-2.76,30.0,38.0,33.3,0.0,66.7,0.0,0.0,6.0,0.0,0.5,66.66666666666667,50.0,50.0,0.0,0.0,1.0,0.76,-0.0,-0.0,-1.0
12,2023-2237-chan sung jung--max holloway,2023,0,137,639,Max Holloway,chan sung jung,145,185,0,-40.0,1768.3512767745744,1500.0,268.35127677457444,1,48.0,59.0,-4.74,53.0,83.0,47.8,8.7,43.5,15.0,5.0,31.0,0.0,0.5,40.0,0.0,0.0,0.0,3.0,-1.0,0.336,12.4,16.0,-4.4408920985006264e-17
12,2023-2238-chandler cole--thomas petersen,2023,0,1271,1272,Thomas Petersen,chandler cole,265,185,0,80.0,1500.0,1500.0,0.0,1,59.0,57.0,-2.94,66.0,100.0,0.0,33.3,66.7,0.0,0.0,5.0,0.0,0.0,0.0,0.0,0.0,0.0,0.0,0.0,0.0,-0.0,-0.0,0.0
12,2023-2239-changho lee--daermisi zhawupasi,2023,0,1273,1274,ChangHo Lee,daermisi zhawupasi,135,185,0,-50.0,1500.0,1500.0,0.0,1,67.0,39.0,-2.35,33.0,37.0,75.0,0.0,25.0,0.0,0.0,4.0,0.0,0.0,0.0,0.0,0.0,0.0,0.0,0.0,0.0,-0.0,-0.0,0.0
12,2023-2240-changho lee--rana rudra pratap singh,2023,0,1273,1275,ChangHo Lee,rana rudra pratap singh,135,185,0,-50.0,1506.75,1500.0,6.75,1,67.0,39.0,-2.35,33.0,37.0,75.0,0.0,25.0,0.0,0.0,4.0,0.0,0.0,0.0,0.0,0.0,0.0,0.0,0.0,0.0,-0.0,-0.0,0.0
12,2023-2241-charles johnson--cody durden,2023,0,880,1129,Cody Durden,Charles Johnson,125,125,1,0.0,1491.0563763717594,1480.0113876596888,11.044988712070563,1,-5.0,-6.0,-0.5699999999999998,27.0,7.0,-26.299999999999994,16.7,9.600000000000001,0.0,0.0,1.0,0.0,0.0,10.0,33.333333333333336,33.333333333333336,0.0,0.0,0.0,-0.02560000000000001,-0.0,-0.0,2.3333333333333335
12,2023-2242-charles johnson--jimmy flick,2023,0,879,1129,jimmy flick,Charles Johnson,185,125,0,60.0,1500.0,1440.5771947337767,59.42280526622335,0,-49.0,-56.0,3.78,-20.0,-66.0,-42.9,0.0,-57.1,-1.0,0.0,-12.0,0.0,-0.5,-50.0,0.0,0.0,0.0,0.0,1.0,-0.4,-0.0,-0.0,1.0
12,2023-2243-charles johnson--ode osbourne,2023,0,734,1129,Ode Osbourne,Charles Johnson,125,125,1,0.0,1435.2065730036825,1447.6130305327056,-12.4064575290231,1,-8.0,-9.0,0.34999999999999964,10.0,0.0,7.100000000000001,16.7,-23.800000000000004,-1.0,0.0,1.0,0.0,0.0,10.0,66.66666666666667,66.66666666666667,0.0,0.0,2.0,0.3216,-0.0,-0.0,2.0
12,2023-2244-charles johnson--rafael estevam,2023,0,1129,1189,Charles Johnson,Rafael Estevam,125,125,1,0.0,1419.8676378200546,1504.21875,-84.3511121799454,0,-5.0,9.0,-1.19,-18.0,0.0,17.9,0.0,-17.9,1.0,0.0,8.0,0.0,0.0,-50.0,-100.0,-100.0,0.0,0.0,-2.0,-0.6,-0.0,-0.0,-1.0
12,2023-2245-charles jourdain--kron gracie,2023,0,720,757,kron gracie,Charles Jourdain,185,135,0,50.0,1500.0,1449.8722661846236,50.12773381537636,0,-48.0,-56.0,4.27,-21.0,-47.0,-28.500000000000007,-42.9,-28.6,0.0,0.0,-15.0,0.0,-0.5,-40.0,-100.0,-50.0,-50.0,0.0,-1.0,-0.6384,-6.0,-6.0,0.6666666666666667
12,2023-2246-charles jourdain--ricardo ramos,2023,0,484,757,Ricardo Ramos,Charles Jourdain,145,135,0,10.0,1501.6939695576941,1470.536906870623,31.157062687071175,0,-12.0,-2.0,0.20999999999999996,36.0,23.0,-3.500000000000007,-30.4,33.9,0.0,0.0,-1.0,0.0,0.0,0.0,-50.0,0.0,-50.0,0.0,1.0,0.2016,2.0,2.0,2.0666666666666664
12,2023-2247-chase hooper--jordan leavitt,2023,0,636,934,Chase Hooper,Jordan Leavitt,155,155,1,0.0,1457.147709367718,1480.1849367434322,-23.03722737571411,1,-12.0,-18.0,-1.19,3.0,25.0,-10.99999999999999,-5.600000000000001,16.599999999999998,0.0,0.0,4.0,0.0,0.0,-20.0,33.33333333333333,50.0,-16.66666666666667,0.0,0.0,-0.0384000000000001,-0.0,-0.0,-1.777777777777778
12,2023-2248-chase hooper--nick fiore,2023,0,636,1276,Chase Hooper,nick fiore,155,185,0,-30.0,1464.00943784466,1500.0,-35.99056215534006,1,49.0,39.0,-2.98,33.0,55.0,22.300000000000008,44.4,33.3,0.0,0.0,13.0,0.0,0.5,40.0,100.0,50.0,50.0,0.0,1.0,0.6255999999999999,-0.0,-0.0,-1.777777777777778
12,2023-2249-chepe mariscal--jack jenkins,2023,0,1150,1277,Jack Jenkins,Chepe Mariscal,145,145,1,0.0,1504.21875,1500.0,4.21875,0,5.0,7.0,0.09999999999999964,25.0,-6.0,30.0,0.0,-30.0,0.0,0.0,1.0,0.0,0.5,100.0,100.0,100.0,0.0,0.0,1.0,1.0,-0.0,-0.0,0.0
12,2023-2250-chepe mariscal--trevor peek,2023,0,1202,1277,Trevor Peek,Chepe Mariscal,145,145,1,0.0,1504.21875,1506.770489526857,-2.551739526857091,0,-3.0,-8.0,-0.81,11.0,-21.0,46.7,0.0,-46.7,0.0,0.0,1.0,0.0,0.5,100.0,100.0,100.0,0.0,0.0,1.0,1.0,-0.0,-0.0,0.0
12,2023-2251-chidi njokuani--michal oleksiejczuk,2023,0,795,994,Michal Oleksiejczuk,Chidi Njokuani,185,170,0,15.0,1456.0329080746048,1462.083035443909,-6.050127369304164,1,-11.0,2.0,-1.77,43.0,-21.0,22.200000000000003,0.0,-22.199999999999996,0.0,0.0,6.0,0.0,0.0,5.0,-25.0,-25.0,0.0,0.0,-3.0,-0.504,-0.0,-0.0,0.0
12,2023-2252-chris curtis--kelvin gastelum,2023,0,163,642,Kelvin Gastelum,Chris Curtis,185,170,0,15.0,1497.6828412870827,1514.61018179728,-16.927340510197155,1,-8.0,3.0,2.7,34.0,-24.0,-34.0,15.4,18.6,7.0,1.0,12.0,0.0,-0.15000000000000002,-60.0,-75.0,-75.0,0.0,1.0,0.0,-0.16000000000000003,2.5,5.5,-1.4
12,2023-2253-chris daukaus--khalil rountree jr,2023,0,384,996,Khalil Rountree Jr.,chris daukaus,205,185,0,20.0,1605.4453000135904,1500.0,105.44530001359044,1,40.0,49.0,-4.24,0.0,58.0,70.0,0.0,30.0,4.0,0.0,16.0,0.0,0.5,80.0,50.0,50.0,0.0,0.0,2.0,0.904,7.0,7.0,-0.16666666666666674
12,2023-2254-chris duncan--omar morales,2023,0,910,998,omar morales,Chris Duncan,185,155,0,30.0,1500.0,1490.5632565374756,9.436743462524419,0,-44.0,-51.0,4.53,-42.0,-50.0,-16.7,-33.3,-50.0,0.0,0.0,-8.0,0.0,-0.5,-50.0,-100.0,-100.0,0.0,0.0,-1.0,-0.6,-0.0,-0.0,0.0
12,2023-2255-chris duncan--yanal ashmouz,2023,0,998,1278,Chris Duncan,Yanal Ashmouz,155,155,1,0.0,1503.483710410188,1500.0,3.483710410187996,1,-6.0,1.0,0.25,4.0,-14.0,-33.3,33.3,0.0,0.0,0.0,4.0,0.0,0.5,50.0,100.0,100.0,0.0,0.0,1.0,0.6,-0.0,-0.0,0.0
12,2023-2256-chris gutierrez--pedro munhoz,2023,0,281,646,Pedro Munhoz,Chris Gutierrez,135,135,1,0.0,1541.3675211942423,1658.5591901285798,-117.19166893433749,1,-17.0,-8.0,-3.64,-9.0,12.0,0.0,30.0,-30.0,6.0,0.0,6.0,0.0,-0.15000000000000002,-60.0,-10.0,-10.0,0.0,0.0,-4.0,-0.37440000000000007,2.5999999999999996,5.4,-3.683333333333333
12,2023-2257-chris gutierrez--song yadong,2023,0,514,646,Song Yadong,Chris Gutierrez,135,135,1,0.0,1579.0672089747939,1626.5892064657053,-47.52199749091142,1,-15.0,-8.0,-1.35,13.0,3.0,15.400000000000006,9.1,-24.5,5.0,0.0,1.0,0.0,0.0,-40.0,6.666666666666671,6.666666666666671,0.0,0.0,-4.0,-0.33599999999999997,-1.5999999999999996,1.25,-1.2499999999999998
12,2023-2258-christian leroy duncan--denis tiuliulin,2023,0,1089,1241,denis tiuliulin,Christian Leroy Duncan,185,185,1,0.0,1500.0,1466.9166666666667,33.08333333333326,0,-59.0,-51.0,2.94,-11.0,-71.0,-80.0,0.0,-20.0,0.0,0.0,-7.0,0.0,0.0,0.0,0.0,0.0,0.0,0.0,0.0,0.0,-0.0,-0.0,0.0
12,2023-2259-christian leroy duncan--dusko todorovic,2023,0,789,1241,Dusko Todorovic,Christian Leroy Duncan,185,185,1,0.0,1458.9930776767592,1473.8268690276204,-14.833791350861247,0,-2.0,-4.0,-1.5900000000000003,6.0,-29.0,-5.0,0.0,5.0,0.0,0.0,3.0,0.0,0.5,40.0,100.0,100.0,0.0,0.0,-1.0,0.2656,-0.0,-0.0,-1.1666666666666667
12,2023-2260-christian rodriguez--raul rosas jr,2023,0,1000,1183,Christian Rodriguez,Raul Rosas Jr.,145,135,0,10.0,1509.5808850814533,1518.504448559448,-8.923563477994776,1,6.0,6.0,-1.48,-1.0,67.0,-16.7,-16.599999999999998,33.3,0.0,0.0,3.0,0.0,0.0,-33.33333333333333,0.0,0.0,0.0,0.0,-3.0,-0.6,-0.0,-0.0,-2.3333333333333335
12,2023-2261-christos giagos--daniel zellhuber,2023,0,226,1009,christos giagos,Daniel Zellhuber,185,155,0,30.0,1500.0,1480.4926242462716,19.50737575372841,0,-39.0,-56.0,5.91,-25.0,-94.0,0.0,-25.0,-75.0,0.0,0.0,-7.0,0.0,-0.5,-50.0,0.0,0.0,0.0,0.0,1.0,-0.4,-0.0,-0.0,0.6666666666666667
12,2023-2262-ciryl gane--jon jones,2023,1,761,895,Ciryl Gane,jon jones,265,185,0,80.0,1782.0322687033708,1500.0,282.03226870337085,0,61.0,61.0,-2.23,25.0,43.0,40.0,20.0,40.0,7.0,1.0,12.0,0.0,0.5,80.0,50.0,50.0,0.0,2.0,-1.0,0.4,15.8,16.5,2.9166666666666665
12,2023-2263-ciryl gane--serghei spivac,2023,0,761,838,Ciryl Gane,Serghei Spivac,265,265,1,0.0,1774.1507041322448,1513.9342161742159,260.2164879580289,1,13.0,11.0,2.02,-37.0,-20.0,2.5,-17.5,15.0,2.0,1.0,-2.0,0.0,0.0,0.0,-25.0,-25.0,0.0,2.0,-5.0,-0.5743999999999999,9.8,10.5,2.9166666666666665
12,2023-2264-claudio ribeiro--roman kopylov,2023,0,812,1279,Roman Kopylov,claudio ribeiro,185,185,1,0.0,1481.3072217121326,1500.0,-18.69277828786744,1,50.0,53.0,-5.08,42.0,87.0,83.3,0.0,16.7,0.0,0.0,10.0,0.0,0.5,33.333333333333336,100.0,100.0,0.0,0.0,1.0,0.6,-0.0,-0.0,-2.3333333333333335
12,2023-2265-clay guida--joaquim silva,2023,0,66,348,clay guida,Joaquim Silva,185,155,0,30.0,1500.0,1459.456557281795,40.543442718204915,0,-43.0,-53.0,4.53,-50.0,-69.0,-50.0,0.0,-50.0,0.0,0.0,-11.0,0.0,-0.5,-40.0,-100.0,-100.0,0.0,0.0,-1.0,-0.6255999999999999,-0.0,-0.0,-0.7777777777777778
12,2023-2266-clay guida--rafa garcia,2023,0,66,999,clay guida,Rafa Garcia,185,155,0,30.0,1500.0,1478.0981337455391,21.901866254460856,0,-43.0,-60.0,4.47,-43.0,-77.0,0.0,-20.0,-80.0,0.0,0.0,-9.0,0.0,-0.5,-40.0,-50.0,0.0,-50.0,0.0,-1.0,-0.696,-0.0,-0.0,-0.06666666666666665
12,2023-2267-clayton carpenter--juancamilo ronderos,2023,0,1135,1280,Clayton Carpenter,juancamilo ronderos,125,185,0,-60.0,1506.84375,1500.0,6.84375,1,55.0,55.0,-2.75,46.0,42.0,0.0,66.7,33.3,0.0,0.0,4.0,0.0,0.5,100.0,0.0,0.0,0.0,0.0,1.0,1.0,-0.0,-0.0,1.0
12,2023-2268-cody brundage--jacob malkoun,2023,0,878,921,Cody Brundage,Jacob Malkoun,185,185,1,0.0,1464.7763656996913,1502.2896025483783,-37.51323684868703,1,-5.0,-3.0,-0.2400000000000002,4.0,48.0,35.0,20.0,-75.0,0.0,0.0,6.0,0.0,0.0,-20.0,100.0,50.0,50.0,0.0,1.0,0.10560000000000003,-0.0,-0.0,-2.5
12,2023-2269-cody brundage--rodolfo vieira,2023,0,833,878,Rodolfo Vieira,Cody Brundage,185,185,1,0.0,1473.0766459456665,1469.9108083839847,3.165837561681883,1,4.0,2.0,-1.4,-23.0,32.0,-60.0,63.3,16.7,0.0,0.0,-4.0,0.0,0.0,20.0,0.0,-50.0,50.0,0.0,-4.0,-0.6799999999999999,-0.0,-0.0,0.0
12,2023-2270-cody brundage--sedriques dumas,2023,0,878,1206,Cody Brundage,Sedriques Dumas,185,185,1,0.0,1436.2376888656704,1514.13854691967,-77.90085805399963,0,6.0,-6.0,-0.2200000000000002,11.0,28.0,60.0,-5.0,-75.0,0.0,0.0,6.0,0.0,0.0,-60.0,0.0,50.0,-50.0,0.0,1.0,-0.16000000000000003,-0.0,-0.0,-1.0
12,2023-2271-cody brundage--zachary reese,2023,0,878,1281,Cody Brundage,Zachary Reese,185,185,1,0.0,1401.8287949005214,1500.0,-98.17120509947858,1,-3.0,6.0,0.27,-12.0,11.0,35.0,-5.0,-50.0,0.0,0.0,7.0,0.0,0.5,40.0,100.0,50.0,50.0,0.0,2.0,0.84,-0.0,-0.0,-1.0
12,2023-2272-cody durden--jake hadley,2023,0,880,1035,Cody Durden,jake hadley,125,185,0,-60.0,1510.8478769723115,1500.0,10.847876972311497,1,44.0,50.0,-4.35,47.0,73.0,16.600000000000005,16.7,66.7,1.0,0.0,13.0,0.0,0.5,60.0,33.333333333333336,33.333333333333336,0.0,0.0,-1.0,0.3744,-0.0,-0.0,1.3333333333333335
12,2023-2273-cody durden--tagir ulanbekov,2023,0,869,880,Tagir Ulanbekov,Cody Durden,125,125,1,0.0,1513.5771865777137,1530.642204340161,-17.06501776244727,1,5.0,2.0,0.9899999999999998,-9.0,-11.0,-16.600000000000005,16.599999999999998,0.0,4.0,0.0,-6.0,0.0,0.0,15.0,0.0,-33.333333333333336,33.333333333333336,0.0,0.0,0.02560000000000001,5.666666666666666,5.666666666666666,-0.7777777777777779
12,2023-2274-cody garbrandt--trevin jones,2023,0,317,1062,Cody Garbrandt,trevin jones,135,185,0,-50.0,1536.5475172715467,1500.0,36.54751727154667,1,39.0,59.0,-3.64,27.0,83.0,66.7,0.0,33.3,3.0,1.0,16.0,0.0,0.35,20.0,100.0,100.0,0.0,1.0,-2.0,0.096,13.2,14.25,0.3333333333333334
12,2023-2275-cody stamann--douglas silva de andrade,2023,0,250,608,Douglas Silva de Andrade,cody stamann,135,185,0,-50.0,1473.9985590534757,1500.0,-26.001440946524326,1,38.0,57.0,-3.93,42.0,72.0,28.6,14.3,57.1,0.0,0.0,13.0,0.0,0.5,60.0,66.66666666666667,33.333333333333336,33.333333333333336,0.0,1.0,0.664,5.5,-0.0,0.9333333333333333
12,2023-2276-colby covington--leon edwards,2023,1,221,228,Colby Covington,Leon Edwards,170,170,1,0.0,1650.0310712636417,1971.1739876281754,-321.1429163645337,0,-16.0,1.0,-0.6699999999999999,6.0,5.0,3.500000000000007,9.6,-13.100000000000009,-2.0,-2.0,-1.0,0.0,0.0,-40.0,-6.666666666666664,-6.666666666666664,0.0,1.0,-4.0,-0.26560000000000006,6.0,1.416666666666667,0.7999999999999998
12,2023-2277-cortavious romious--ramon taveras,2023,0,1283,1284,Ramon Taveras,cortavious romious,145,185,0,-40.0,1500.0,1500.0,0.0,1,44.0,57.0,-7.41,0.0,100.0,50.0,0.0,50.0,0.0,0.0,4.0,0.0,0.0,0.0,0.0,0.0,0.0,0.0,0.0,0.0,-0.0,-0.0,0.0
12,2023-2278-cory sandhagen--marlon vera,2023,0,280,624,Marlon Vera,Cory Sandhagen,135,135,1,0.0,1659.4767953805986,1643.280692238941,16.19610314165766,0,4.0,-6.0,-2.0300000000000002,5.0,9.0,-7.900000000000006,17.6,-9.7,-2.0,0.0,9.0,0.0,0.0,40.0,-50.0,-50.0,0.0,-1.0,2.0,0.13439999999999996,-7.4,-6.2,0.10000000000000002
12,2023-2279-cory sandhagen--rob font,2023,0,260,624,Rob Font,Cory Sandhagen,135,135,1,0.0,1629.661340872792,1742.2196317915318,-112.55829091873989,0,1.0,1.0,-0.33000000000000007,0.0,-21.0,-4.5,-0.7999999999999989,5.300000000000004,1.0,0.0,4.0,0.0,0.0,20.0,-66.66666666666666,-66.66666666666666,0.0,-1.0,-3.0,-0.5359999999999999,-6.800000000000001,-2.2,-0.7
12,2023-2280-court mcgee--matt brown,2023,0,67,150,Court McGee,matt brown,170,185,0,-15.0,1465.6256562927858,1500.0,-34.374343707214166,0,36.0,60.0,-3.65,24.0,70.0,0.0,27.3,72.7,0.0,1.0,24.0,0.0,0.5,40.0,0.0,0.0,0.0,0.0,1.0,0.696,-0.0,-0.0,-0.13333333333333336
12,2023-2281-cristian quinonez--kyung ho kang,2023,0,696,1005,kyung ho kang,Cristian Quinonez,185,135,0,50.0,1500.0,1514.6249199649944,-14.624919964994433,1,-40.0,-55.0,4.55,-37.0,-84.0,-50.0,0.0,-50.0,0.0,0.0,-4.0,0.0,-0.5,-100.0,-50.0,-50.0,0.0,0.0,-2.0,-1.0,-0.0,-0.0,-3.0
12,2023-2282-cub swanson--hakeem dawodu,2023,0,18,1027,Cub Swanson,hakeem dawodu,145,185,0,-40.0,1485.9032252678194,1500.0,-14.09677473218062,1,51.0,59.0,-4.0,50.0,63.0,35.0,10.0,55.0,7.0,0.0,33.0,0.0,0.5,40.0,100.0,100.0,0.0,0.0,-2.0,0.13440000000000002,12.8,8.0,0.4666666666666666
12,2023-2283-curtis blaydes--sergei pavlovich,2023,0,405,606,Curtis Blaydes,Sergei Pavlovich,265,265,1,0.0,1756.3118641702008,1715.233593481202,41.07827068899883,0,6.0,3.0,1.62,23.0,-44.0,-17.9,0.0,17.9,6.0,0.0,8.0,0.0,0.0,-20.0,-25.0,-25.0,0.0,0.0,-3.0,-0.09599999999999997,0.5999999999999996,2.2,2.4
12,2023-2284-damir ismagulov--grant dawson,2023,0,480,772,Grant Dawson,damir ismagulov,155,185,0,-30.0,1592.793335910796,1500.0,92.79333591079603,1,52.0,44.0,-2.11,40.0,57.0,16.59999999999999,41.7,41.7,1.0,0.0,14.0,0.0,0.5,100.0,80.0,20.0,60.0,0.0,5.0,1.0,-0.0,-0.0,3.0
12,2023-2285-damon blackshear--farid basharat,2023,0,1090,1285,Farid Basharat,Da'Mon Blackshear,135,135,1,0.0,1516.84375,1500.0,16.84375,1,10.0,7.0,1.6200000000000006,11.0,9.0,-20.0,-40.0,60.0,0.0,0.0,-5.0,0.0,0.5,100.0,0.0,0.0,0.0,0.0,1.0,1.0,-0.0,-0.0,3.6666666666666665
12,2023-2286-damon blackshear--jose johnson,2023,0,1270,1285,jose johnson,Da'Mon Blackshear,185,135,0,50.0,1500.0,1470.6102893365678,29.389710663432197,0,-45.0,-52.0,4.19,-33.0,-71.0,-20.0,-60.0,-20.0,0.0,0.0,-10.0,0.0,0.0,0.0,0.0,0.0,0.0,0.0,0.0,0.0,-0.0,-0.0,0.0
12,2023-2287-damon blackshear--luan lacerda,2023,0,1282,1285,Luan Lacerda,Da'Mon Blackshear,185,135,0,50.0,1500.0,1477.502696111195,22.497303888804936,0,-45.0,-52.0,4.19,-33.0,-71.0,-20.0,-60.0,-20.0,0.0,0.0,-10.0,0.0,0.0,0.0,0.0,0.0,0.0,0.0,0.0,0.0,-0.0,-0.0,0.0
12,2023-2288-damon blackshear--mario bautista,2023,0,768,1285,Mario Bautista,Da'Mon Blackshear,135,135,1,0.0,1514.0751872328135,1484.361813400735,29.71337383207856,1,4.0,3.0,-0.2599999999999998,0.0,-4.0,-10.0,-30.0,40.0,3.0,0.0,2.0,0.0,0.5,80.0,75.0,25.0,50.0,0.0,3.0,0.9616,-0.0,-0.0,2.8333333333333335
12,2023-2289-damon jackson--dan ige,2023,0,535,885,Dan Ige,damon jackson,145,185,0,-40.0,1455.7702679724848,1500.0,-44.22973202751518,1,45.0,56.0,-3.56,25.0,56.0,41.599999999999994,16.7,41.7,6.0,0.0,21.0,0.0,0.5,40.0,50.0,50.0,0.0,0.0,-1.0,0.2656,12.6,11.75,-1.0666666666666669
12,2023-2290-dan hooker--jalin turner,2023,0,235,687,Dan Hooker,jalin turner,155,185,0,-30.0,1578.8499741869562,1500.0,78.84997418695616,1,48.0,51.0,-4.72,34.0,78.0,50.0,14.3,35.7,7.0,0.0,22.0,0.0,0.5,40.0,50.0,50.0,0.0,0.0,-1.0,0.2784,13.0,12.4,0.7333333333333334
12,2023-2291-dan ige--nate landwehr,2023,0,535,888,Dan Ige,Nate Landwehr,145,145,1,0.0,1494.7668282139514,1506.5549261957676,-11.788097981816236,1,0.0,4.0,2.27,-16.0,-15.0,21.599999999999994,-23.3,1.7000000000000028,6.0,0.0,11.0,0.0,0.0,-20.0,16.666666666666664,50.0,-33.333333333333336,0.0,-2.0,-0.456,12.6,11.75,-2.9000000000000004
12,2023-2292-daniel barez--jafel filho,2023,0,989,1176,Daniel Barez,Jafel Filho,125,125,1,0.0,1488.046875,1504.21875,-16.171875,0,8.0,3.0,-4.32,-14.0,14.0,-33.3,-66.7,100.0,0.0,0.0,-1.0,0.0,-0.15000000000000002,-100.0,-100.0,-100.0,0.0,0.0,-2.0,-1.0,-0.0,-0.0,-1.0
12,2023-2293-daniel marcos--davey grant,2023,0,168,1115,Davey Grant,Daniel Marcos,135,135,1,0.0,1477.9340408052706,1514.34375,-36.40970919472943,0,-9.0,-6.0,0.13999999999999968,-6.0,-21.0,17.5,12.5,-30.0,0.0,0.0,8.0,0.0,0.0,-40.0,100.0,100.0,0.0,0.0,1.0,-0.13440000000000007,5.0,5.0,-2.75
12,2023-2294-daniel marcos--saimon oliveira,2023,0,1047,1115,Saimon Oliveira,Daniel Marcos,135,135,1,0.0,1477.802928642227,1523.5957676542162,-45.792839011989145,0,-13.0,-15.0,-0.25,-21.0,-46.0,-20.0,0.0,20.0,0.0,0.0,-2.0,0.0,0.0,-50.0,0.0,0.0,0.0,0.0,-2.0,-0.6,-0.0,-0.0,-4.0
12,2023-2295-daniel rodriguez--ian machado garry,2023,0,776,1029,Daniel Rodriguez,Ian Machado Garry,170,170,1,0.0,1549.5382601979366,1531.6329867285087,17.90527346942781,0,-5.0,6.0,-2.6300000000000003,17.0,-9.0,-5.9999999999999964,9.1,-3.1000000000000014,-2.0,0.0,5.0,0.0,0.0,-20.0,-8.333333333333336,-8.333333333333336,0.0,0.0,-2.0,-0.24,7.333333333333334,7.333333333333334,-1.3333333333333335
12,2023-2296-daniel santos--johnny munoz,2023,0,1139,1240,Daniel Santos,johnny munoz,145,185,0,-40.0,1479.863083629977,1500.0,-20.136916370023073,1,40.0,51.0,-4.96,39.0,73.0,33.3,0.0,66.7,0.0,0.0,4.0,0.0,0.5,50.0,100.0,100.0,0.0,0.0,-1.0,0.4,-0.0,-0.0,-2.3333333333333335
12,2023-2297-daniel zellhuber--lando vannata,2023,0,458,1009,Lando Vannata,Daniel Zellhuber,185,155,0,30.0,1500.0,1487.3372724341145,12.662727565885461,0,-39.0,-56.0,5.91,-25.0,-94.0,0.0,-25.0,-75.0,0.0,0.0,-7.0,0.0,-0.5,-50.0,0.0,0.0,0.0,0.0,1.0,-0.4,-0.0,-0.0,0.6666666666666667
12,2023-2298-danny barlow--raheam forest,2023,0,1286,1287,Danny Barlow,raheam forest,185,185,1,0.0,1500.0,1500.0,0.0,1,50.0,51.0,-3.7,0.0,100.0,66.7,0.0,33.3,0.0,0.0,4.0,0.0,0.0,0.0,0.0,0.0,0.0,0.0,0.0,0.0,-0.0,-0.0,0.0
12,2023-2299-darren elkins--tj brown,2023,0,64,1152,Darren Elkins,tj brown,145,185,0,-40.0,1484.2929604442247,1500.0,-15.707039555775282,1,38.0,51.0,-3.34,34.0,56.0,20.999999999999993,15.8,63.2,7.0,0.0,30.0,0.0,0.5,40.0,50.0,50.0,0.0,0.0,1.0,0.696,9.8,-0.0,-1.2
12,2023-2300-darrius flowers--jake matthews,2023,0,239,1094,Jake Matthews,Darrius Flowers,170,155,0,15.0,1490.2705877211108,1504.21875,-13.948162278889185,1,-6.0,16.0,2.8600000000000003,14.0,4.0,13.3,-60.0,46.7,0.0,0.0,18.0,0.0,0.0,-40.0,-66.66666666666666,33.333333333333336,-100.0,0.0,0.0,-0.33599999999999997,-0.0,-0.0,1.2666666666666666
12,2023-2301-davey grant--raphael assuncao,2023,0,168,290,Davey Grant,raphael assuncao,135,185,0,-50.0,1451.1518844378027,1500.0,-48.848115562197336,1,44.0,55.0,-3.74,40.0,63.0,37.5,12.5,50.0,0.0,0.0,14.0,0.0,0.5,60.0,100.0,100.0,0.0,0.0,2.0,0.8655999999999999,5.0,5.0,0.24999999999999994
12,2023-2302-davi bittencourt--lucas rocha,2023,0,1288,1289,Lucas Rocha,davi bittencourt,125,185,0,-60.0,1500.0,1500.0,0.0,1,44.0,39.0,-4.48,0.0,61.0,100.0,0.0,0.0,0.0,0.0,2.0,0.0,0.0,0.0,0.0,0.0,0.0,0.0,0.0,0.0,-0.0,-0.0,0.0
12,2023-2303-david dvorak--steve erceg,2023,0,1143,1234,david dvorak,Steve Erceg,185,125,0,60.0,1500.0,1525.8762661396643,-25.876266139664267,0,-45.0,-52.0,3.79,-27.0,-62.0,-25.0,0.0,-75.0,-4.0,0.0,-7.0,0.0,0.0,0.0,0.0,0.0,0.0,0.0,0.0,0.0,-0.0,-0.0,0.0
12,2023-2304-david onama--gabriel santos,2023,0,1014,1290,David Onama,Gabriel Santos,145,145,1,0.0,1476.4015725538006,1500.0,-23.598427446199366,1,-10.0,7.0,-0.4200000000000008,-24.0,-35.0,33.3,-33.3,0.0,1.0,0.0,4.0,0.0,0.5,50.0,100.0,50.0,50.0,0.0,2.0,0.84,-0.0,-0.0,-1.1666666666666665
12,2023-2305-deiveson figueiredo--rob font,2023,0,260,539,Rob Font,Deiveson Figueiredo,135,135,1,0.0,1598.7314671975437,1781.5614149818668,-182.82994778432317,0,-8.0,8.0,-0.029999999999999805,-1.0,-16.0,19.299999999999994,-22.5,3.200000000000003,-1.0,-3.0,0.0,0.0,0.0,-20.0,-41.666666666666664,8.333333333333336,-50.0,-4.0,-2.0,-0.45599999999999996,-4.4,-4.0,-1.8666666666666667
12,2023-2306-denis tiuliulin--gregory rodrigues,2023,0,913,1089,Gregory Rodrigues,denis tiuliulin,185,185,1,0.0,1456.089242251596,1500.0,-43.91075774840397,1,51.0,50.0,-5.04,38.0,90.0,75.0,0.0,25.0,0.0,0.0,12.0,0.0,0.5,80.0,75.0,75.0,0.0,0.0,-1.0,0.4,-0.0,-0.0,0.33333333333333337
12,2023-2307-denis tiuliulin--junyong park,2023,0,732,1089,JunYong Park,denis tiuliulin,185,185,1,0.0,1512.4592126981418,1500.0,12.459212698141755,1,50.0,53.0,-3.59,42.0,57.0,0.0,33.3,66.7,0.0,0.0,12.0,0.0,0.5,80.0,25.0,0.0,25.0,0.0,3.0,0.9616,-0.0,-0.0,2.5833333333333335
12,2023-2308-dennis buzukja--jamall emmers,2023,0,688,892,Jamall Emmers,Dennis Buzukja,145,145,1,0.0,1480.629289557736,1499.3522346037912,-18.7229450460552,1,6.0,8.0,0.75,13.0,5.0,0.0,0.0,0.0,0.0,0.0,3.0,0.0,-0.15000000000000002,-25.0,0.0,0.0,0.0,0.0,-3.0,-0.504,-0.0,-0.0,0.5
12,2023-2309-dennis buzukja--sean woodson,2023,0,816,892,Sean Woodson,Dennis Buzukja,145,145,1,0.0,1504.2038619235261,1465.1479860694533,39.05587585407284,1,3.0,10.0,0.6400000000000006,28.0,9.0,-12.5,0.0,12.5,0.0,0.0,5.0,0.0,-0.15000000000000002,30.0,50.0,50.0,0.0,0.0,1.0,0.30400000000000005,-0.0,-0.0,1.666666666666667
12,2023-2310-derek brunson--dricus du plessis,2023,0,426,896,derek brunson,Dricus Du Plessis,185,185,1,0.0,1500.0,1579.9559440586374,-79.95594405863744,0,-48.0,-52.0,4.33,-51.0,-34.0,-44.50000000000001,-22.2,-33.3,-6.0,-3.0,-10.0,0.0,-0.5,-100.0,-75.0,-50.0,-25.0,0.0,-4.0,-1.0,-9.0,-9.0,-1.0
12,2023-2311-derrick lewis--jailton almeida,2023,0,243,1033,Derrick Lewis,Jailton Almeida,265,205,0,60.0,1641.6288155171474,1527.8013991970877,113.82741632005968,0,-15.0,-1.0,-1.6,-34.0,-8.0,46.7,-55.6,8.9,9.0,0.0,20.0,0.0,0.0,-60.0,0.0,75.0,-75.0,1.0,-6.0,-0.8784,10.0,13.2,1.3333333333333335
12,2023-2312-derrick lewis--marcos rogerio de lima,2023,0,243,360,Derrick Lewis,marcos rogerio de lima,265,185,0,80.0,1573.9690122693387,1500.0,73.96901226933869,1,50.0,40.0,-2.49,26.0,52.0,80.0,0.0,20.0,14.0,0.0,30.0,0.0,0.5,40.0,100.0,100.0,0.0,1.0,-2.0,0.12160000000000003,10.0,13.2,1.3333333333333335
12,2023-2313-derrick lewis--serghei spivac,2023,0,243,838,Derrick Lewis,Serghei Spivac,265,265,1,0.0,1593.1572007890704,1506.8757439084122,86.2814568806582,0,2.0,-10.0,1.7599999999999998,-36.0,-11.0,42.5,-37.5,-5.0,9.0,0.0,16.0,0.0,0.0,-40.0,25.0,25.0,0.0,1.0,-6.0,-0.8527999999999999,4.0,7.2,1.3333333333333335
12,2023-2314-devin clark--kennedy nzechukwu,2023,0,508,544,Kennedy Nzechukwu,devin clark,265,185,0,80.0,1482.8847236810334,1500.0,-17.115276318966608,1,46.0,51.0,-4.89,45.0,80.0,70.0,10.0,20.0,0.0,0.0,16.0,0.0,0.5,80.0,100.0,100.0,0.0,0.0,-1.0,0.4,-0.0,-0.0,0.11111111111111116
12,2023-2315-diego ferreira--michael johnson,2023,0,81,224,Michael Johnson,Diego Ferreira,155,155,1,0.0,1425.3094581266828,1500.9037405818067,-75.5942824551239,0,-1.0,3.0,-0.33000000000000007,8.0,24.0,-12.5,-20.0,32.5,2.0,0.0,15.0,0.0,0.15000000000000002,0.0,0.0,50.0,-50.0,0.0,4.0,0.6319999999999999,-0.0,-8.0,-0.6
12,2023-2316-diego lopes--gavin tucker,2023,0,562,1017,Gavin Tucker,Diego Lopes,185,145,0,40.0,1500.0,1487.1328125,12.8671875,0,-47.0,-46.0,4.76,-40.0,-67.0,-40.0,-20.0,-40.0,-3.0,0.0,-8.0,0.0,-0.35,0.0,0.0,0.0,0.0,0.0,1.0,0.0,-0.0,-0.0,1.0
12,2023-2317-diego lopes--movsar evloev,2023,0,793,1017,Movsar Evloev,Diego Lopes,145,145,1,0.0,1594.0543692482602,1493.9452800712522,100.10908917700795,1,1.0,14.0,2.0999999999999996,8.0,-6.0,-40.0,-20.0,60.0,2.0,0.0,1.0,0.0,0.15000000000000002,100.0,0.0,0.0,0.0,0.0,6.0,1.0,7.5,7.5,3.2
12,2023-2318-diego lopes--pat sabatini,2023,0,1017,1037,Diego Lopes,Pat Sabatini,145,145,1,0.0,1471.5323710275284,1519.1573774364276,-47.62500640889925,1,-15.0,-3.0,-3.54,-8.0,17.0,40.0,-22.9,-17.1,3.0,0.0,-1.0,0.0,-0.15000000000000002,-80.0,-25.0,0.0,-25.0,0.0,-2.0,-0.76,-0.0,-0.0,-4.0
12,2023-2319-don shainis--jack jenkins,2023,0,1146,1150,don shainis,Jack Jenkins,185,145,0,40.0,1500.0,1470.3663023657148,29.633697634285227,0,-61.0,-58.0,2.97,-64.0,-67.0,-50.0,0.0,-50.0,0.0,0.0,-6.0,0.0,-0.5,-100.0,-100.0,-100.0,0.0,0.0,-1.0,-1.0,-0.0,-0.0,0.0
12,2023-2320-drakkar klose--joe solecki,2023,0,538,858,Drakkar Klose,joe solecki,155,185,0,-30.0,1514.1152730312,1500.0,14.115273031200104,1,55.0,49.0,-3.65,26.0,69.0,20.0,0.0,80.0,0.0,0.0,13.0,0.0,0.5,80.0,25.0,25.0,0.0,0.0,2.0,0.904,-0.0,-0.0,1.8
12,2023-2321-drew dober--matt frevola,2023,0,32,586,Drew Dober,Matt Frevola,155,155,1,0.0,1507.2953639127868,1452.4054368950212,54.88992701776556,0,0.0,-6.0,-0.6400000000000001,-22.0,20.0,21.5,-9.6,-11.899999999999999,0.0,0.0,13.0,0.0,0.0,0.0,33.33333333333333,33.33333333333333,0.0,0.0,1.0,0.07040000000000002,6.0,6.5,0.5111111111111111
12,2023-2322-drew dober--ricky glenn,2023,0,32,561,Drew Dober,ricky glenn,155,185,0,-30.0,1478.1354800039524,1500.0,-21.864519996047648,1,40.0,51.0,-4.33,17.0,56.0,71.5,7.1,21.4,1.0,0.0,25.0,0.0,0.5,60.0,100.0,100.0,0.0,0.0,3.0,0.9359999999999999,6.0,6.5,0.7333333333333333
12,2023-2323-dricus du plessis--robert whittaker,2023,0,121,896,Robert Whittaker,Dricus Du Plessis,185,185,1,0.0,1699.53055576774,1699.681229792696,-0.15067402495606075,0,-5.0,7.0,0.9700000000000002,-13.0,48.0,-9.20000000000001,-22.2,31.400000000000006,6.0,-1.0,14.0,0.0,0.0,-20.0,-75.0,-50.0,-25.0,1.0,-5.0,-0.6,1.8000000000000007,6.75,0.5333333333333334
12,2023-2324-dustin jacoby--kennedy nzechukwu,2023,0,96,508,Dustin Jacoby,Kennedy Nzechukwu,205,265,0,-60.0,1494.8734771281343,1489.7177856637559,5.155691464378378,1,1.0,6.0,0.8700000000000001,-20.0,-18.0,-10.0,-10.0,20.0,2.0,0.0,1.0,0.0,0.0,0.0,-50.0,-50.0,0.0,0.0,3.0,0.504,6.0,6.0,0.4222222222222223
12,2023-2325-dustin poirier--justin gaethje,2023,0,136,552,dustin poirier,Justin Gaethje,185,155,0,30.0,1500.0,1638.2947677599013,-138.29476775990133,0,-58.0,-51.0,7.18,-14.0,-68.0,-66.7,0.0,-33.3,-9.0,-1.0,-14.0,0.0,-0.5,-60.0,-66.66666666666667,-66.66666666666667,0.0,-2.0,1.0,-0.36160000000000003,-14.0,-16.0,-1.6666666666666667
12,2023-2326-dustin stoltzfus--punahele soriano,2023,0,802,898,Punahele Soriano,Dustin Stoltzfus,170,185,0,-15.0,1472.2475220780989,1404.2901726490195,67.95734942907939,0,8.0,1.0,-0.7399999999999998,15.0,-9.0,16.700000000000003,-25.0,8.299999999999997,0.0,0.0,0.0,0.0,0.0,20.0,16.66666666666667,16.66666666666667,0.0,0.0,-2.0,-0.2639999999999999,-0.0,-0.0,-0.16666666666666652
12,2023-2327-edgar chairez--tatsuro taira,2023,0,1125,1136,Tatsuro Taira,Edgar Chairez,125,125,1,0.0,1533.057818839129,1480.78125,52.27656883912891,1,16.0,5.0,2.54,48.0,12.0,28.500000000000007,-57.1,28.6,2.0,0.0,3.0,0.0,0.0,100.0,50.0,0.0,50.0,0.0,3.0,1.0,-0.0,-0.0,4.333333333333334
12,2023-2328-edson barboza--sodiq yusuff,2023,0,72,705,Edson Barboza,Sodiq Yusuff,155,155,1,0.0,1525.3284160759242,1554.895695307278,-29.567279231353723,1,-5.0,2.0,-0.3099999999999996,27.0,11.0,21.4,-14.3,-7.100000000000001,9.0,0.0,20.0,0.0,0.0,-40.0,25.0,50.0,-25.0,0.0,-3.0,-0.6384000000000001,2.9333333333333336,0.5333333333333332,-2.7333333333333334
12,2023-2329-eduardo neves--jhonata diniz,2023,0,1149,1291,eduardo neves,Jhonata Diniz,185,265,0,-80.0,1500.0,1500.0,0.0,0,-56.0,-59.0,3.71,0.0,-78.0,-50.0,0.0,-50.0,0.0,0.0,-5.0,0.0,0.0,0.0,0.0,0.0,0.0,0.0,0.0,0.0,-0.0,-0.0,0.0
12,2023-2330-eli aronov--zachary reese,2023,0,1281,1292,Zachary Reese,eli aronov,185,185,1,0.0,1463.9273904435074,1500.0,-36.07260955649258,1,54.0,43.0,-2.99,58.0,57.0,25.0,25.0,50.0,0.0,0.0,6.0,0.0,0.0,0.0,0.0,0.0,0.0,0.0,0.0,0.0,-0.0,-0.0,0.0
12,2023-2331-elves brener--guram kutateladze,2023,0,914,1293,guram kutateladze,Elves Brener,185,155,0,30.0,1500.0,1500.0,0.0,0,-47.0,-50.0,5.86,-16.0,-76.0,-66.7,0.0,-33.3,0.0,0.0,-6.0,0.0,0.0,0.0,0.0,0.0,0.0,0.0,0.0,0.0,-0.0,-0.0,0.0
12,2023-2332-elves brener--kaynan kruschewsky,2023,0,1293,1294,Elves Brener,kaynan kruschewsky,155,185,0,-30.0,1506.75,1500.0,6.75,1,47.0,50.0,-5.86,16.0,76.0,66.7,0.0,33.3,0.0,0.0,6.0,0.0,0.0,0.0,0.0,0.0,0.0,0.0,0.0,0.0,-0.0,-0.0,0.0
12,2023-2333-elves brener--zubaira tukhugov,2023,0,249,1293,zubaira tukhugov,Elves Brener,185,155,0,30.0,1500.0,1513.4672192700978,-13.467219270097758,0,-47.0,-50.0,5.86,-16.0,-76.0,-66.7,0.0,-33.3,0.0,0.0,-6.0,0.0,0.0,0.0,0.0,0.0,0.0,0.0,0.0,0.0,-0.0,-0.0,0.0
12,2023-2334-emrah sonmez--hyder amil,2023,0,1295,1296,Hyder Amil,emrah sonmez,145,185,0,-40.0,1500.0,1500.0,0.0,1,57.0,51.0,-4.18,20.0,81.0,50.0,0.0,50.0,0.0,0.0,5.0,0.0,0.0,0.0,0.0,0.0,0.0,0.0,0.0,0.0,-0.0,-0.0,0.0
12,2023-2335-erick gonzalez--trevor peek,2023,0,1024,1202,erick gonzalez,Trevor Peek,185,145,0,40.0,1500.0,1464.5417346241018,35.458265375898236,0,-53.0,-43.0,3.88,-50.0,-52.0,-66.7,0.0,-33.3,0.0,0.0,-6.0,0.0,-0.5,-100.0,-100.0,-100.0,0.0,0.0,-1.0,-1.0,-0.0,-0.0,0.0
12,2023-2336-eryk anders--marcandre barriault,2023,0,554,730,Eryk Anders,Marc-Andre Barriault,185,185,1,0.0,1452.6484579474354,1449.673668923004,2.974789024431402,0,1.0,0.0,1.54,-4.0,12.0,5.600000000000001,-16.7,11.100000000000001,0.0,0.0,3.0,0.0,0.0,-20.0,-16.66666666666667,16.666666666666664,-33.333333333333336,0.0,0.0,0.03199999999999997,7.0,-0.0,-0.30000000000000004
12,2023-2337-esteban ribovics--kamuela kirk,2023,0,745,1155,kamuela kirk,Esteban Ribovics,185,155,0,30.0,1500.0,1504.21875,-4.21875,0,-43.0,-54.0,6.3,-66.0,-70.0,-40.0,0.0,-60.0,0.0,0.0,-7.0,0.0,-0.5,-100.0,-100.0,-100.0,0.0,0.0,-1.0,-1.0,-0.0,-0.0,0.0
12,2023-2338-esteban ribovics--loik radzhabov,2023,0,1155,1297,Esteban Ribovics,Loik Radzhabov,155,155,1,0.0,1514.13854691967,1500.0,14.138546919670034,0,-1.0,8.0,-2.54,9.0,28.0,-10.0,0.0,10.0,0.0,0.0,3.0,0.0,0.5,100.0,100.0,100.0,0.0,0.0,1.0,1.0,-0.0,-0.0,0.0
12,2023-2339-evan elder--genaro valdez,2023,0,1157,1162,Evan Elder,genaro valdez,155,185,0,-30.0,1471.680018490585,1500.0,-28.3199815094149,1,50.0,57.0,-4.94,15.0,40.0,0.0,33.3,66.7,0.0,0.0,5.0,0.0,0.5,0.0,0.0,0.0,0.0,0.0,-1.0,0.0,-0.0,-0.0,-3.3333333333333335
12,2023-2340-evan elder--nazim sadykhov,2023,0,1082,1157,Nazim Sadykhov,Evan Elder,155,155,1,0.0,1504.21875,1486.9339946490554,17.28475535094458,1,0.0,-7.0,-0.9499999999999993,40.0,35.0,80.0,-13.299999999999997,-66.7,0.0,0.0,1.0,0.0,0.0,100.0,100.0,100.0,0.0,0.0,2.0,1.0,-0.0,-0.0,3.3333333333333335
12,2023-2341-fares ziam--jai herbert,2023,0,788,903,Fares Ziam,Jai Herbert,155,155,1,0.0,1492.0278103678115,1469.5189380374904,22.508872330321083,1,11.0,11.0,1.6399999999999997,19.0,4.0,-18.999999999999996,0.0,19.0,0.0,0.0,0.0,0.0,0.0,20.0,-50.0,-50.0,0.0,0.0,0.0,0.09600000000000003,-5.0,-5.0,-0.5833333333333334
12,2023-2342-farid basharat--kleydson rodrigues,2023,0,1090,1298,Farid Basharat,kleydson rodrigues,135,185,0,-50.0,1526.6732498689462,1500.0,26.673249868946186,1,55.0,59.0,-2.57,44.0,80.0,0.0,20.0,80.0,0.0,0.0,5.0,0.0,0.5,100.0,0.0,0.0,0.0,0.0,1.0,1.0,-0.0,-0.0,3.6666666666666665
12,2023-2343-felipe dos santos--manel kape,2023,0,964,1299,Manel Kape,felipe dos santos,125,185,0,-60.0,1531.8477734485446,1500.0,31.847773448544558,1,55.0,57.0,-4.05,30.0,81.0,66.7,0.0,33.3,4.0,0.0,9.0,0.0,0.5,60.0,66.66666666666667,66.66666666666667,0.0,0.0,1.0,0.664,13.0,13.0,-0.11111111111111109
12,2023-2344-fernando padilla--julian erosa,2023,0,352,1300,Julian Erosa,Fernando Padilla,145,145,1,0.0,1477.772924263579,1500.0,-22.227075736421057,0,8.0,-4.0,-0.5299999999999994,43.0,-39.0,-20.0,-10.0,30.0,0.0,0.0,14.0,0.0,0.5,60.0,33.333333333333336,33.333333333333336,0.0,0.0,2.0,0.8784,-0.0,-0.0,0.5
12,2023-2345-fernando padilla--kyle nelson,2023,0,664,1300,Kyle Nelson,Fernando Padilla,155,145,0,10.0,1464.7789676756347,1506.6421897904218,-41.86322211478705,1,5.0,-1.0,1.0200000000000005,20.0,-27.0,0.0,-50.0,50.0,0.0,0.0,6.0,0.0,0.5,20.0,100.0,100.0,0.0,0.0,-3.0,0.038400000000000004,-0.0,-0.0,-1.0
12,2023-2346-fernie garcia--rinya nakamura,2023,0,1114,1164,fernie garcia,Rinya Nakamura,185,135,0,50.0,1500.0,1508.4204260468964,-8.42042604689641,0,-52.0,-63.0,1.72,-81.0,-100.0,-50.0,-16.7,-33.3,0.0,-1.0,-7.0,0.0,-0.5,-100.0,-100.0,-50.0,-50.0,0.0,-2.0,-1.0,-0.0,-0.0,0.0
12,2023-2347-francis marshall--isaac dulgarian,2023,0,1137,1301,Francis Marshall,Isaac Dulgarian,145,145,1,0.0,1519.749459332393,1500.0,19.749459332392917,0,-31.0,13.0,-2.2799999999999994,-8.0,66.0,-16.700000000000003,-50.0,66.7,0.0,0.0,3.0,0.0,0.5,100.0,50.0,50.0,0.0,0.0,2.0,1.0,-0.0,-0.0,3.3333333333333335
12,2023-2348-francis marshall--william gomis,2023,0,1137,1179,Francis Marshall,William Gomis,145,145,1,0.0,1485.5203580992327,1505.3125,-19.79214190076732,0,-16.0,-7.0,-1.3399999999999999,6.0,-6.0,13.299999999999997,0.0,-13.299999999999997,0.0,0.0,0.0,0.0,0.0,0.0,50.0,50.0,0.0,0.0,1.0,0.0,-0.0,-0.0,2.666666666666667
12,2023-2349-francisco prado--jamie mullarkey,2023,0,750,1302,Jamie Mullarkey,Francisco Prado,155,170,0,-15.0,1471.4776577967982,1500.0,-28.522342203201788,1,3.0,-1.0,0.41999999999999993,15.0,28.0,-60.0,0.0,60.0,0.0,0.0,6.0,0.0,0.5,60.0,66.66666666666667,66.66666666666667,0.0,0.0,-1.0,0.3744,-0.0,-0.0,-1.1111111111111112
12,2023-2350-francisco prado--ottman azaitar,2023,0,834,1302,Ottman Azaitar,Francisco Prado,155,170,0,-15.0,1481.7048567728723,1459.4360196300754,22.268837142796883,0,1.0,-2.0,0.8399999999999999,-19.0,50.0,0.0,0.0,0.0,0.0,0.0,0.0,0.0,0.5,66.66666666666667,100.0,100.0,0.0,0.0,-1.0,0.4,-0.0,-0.0,0.0
12,2023-2351-gabriel bonfim--mounir lazzez,2023,0,1160,1303,Gabriel Bonfim,mounir lazzez,170,185,0,-15.0,1504.21875,1500.0,4.21875,1,45.0,63.0,-3.53,55.0,76.0,0.0,66.7,33.3,1.0,0.0,7.0,0.0,0.5,100.0,100.0,0.0,100.0,0.0,1.0,1.0,-0.0,-0.0,0.0
12,2023-2352-gabriel bonfim--nicolas dalby,2023,0,330,1160,Nicolas Dalby,Gabriel Bonfim,170,170,1,0.0,1495.9636632364072,1510.948260473143,-14.98459723673568,1,-2.0,-11.0,-0.16000000000000014,-28.0,-18.0,14.3,-66.7,52.400000000000006,-1.0,0.0,6.0,0.0,0.0,-40.0,-100.0,0.0,-100.0,0.0,0.0,-0.26560000000000006,-0.0,-0.0,0.0
12,2023-2353-gabriel bonfim--trevin giles,2023,0,797,1160,trevin giles,Gabriel Bonfim,185,170,0,15.0,1500.0,1476.8345838395549,23.165416160445147,0,-45.0,-63.0,3.53,-55.0,-76.0,0.0,-66.7,-33.3,-1.0,0.0,-7.0,0.0,-0.5,-100.0,-100.0,0.0,-100.0,0.0,-1.0,-1.0,-0.0,-0.0,0.0
12,2023-2354-gabriel santos--lerone murphy,2023,0,942,1290,Lerone Murphy,Gabriel Santos,145,145,1,0.0,1514.2519858546634,1465.6777900355025,48.57419581916088,1,-7.0,16.0,1.7999999999999998,0.0,-36.0,33.3,-50.0,16.700000000000003,4.0,0.0,6.0,0.0,0.35,100.0,66.66666666666667,66.66666666666667,0.0,0.0,3.0,1.0,-0.0,-0.0,1.6666666666666667
12,2023-2355-garrett armfield--toshiomi kazama,2023,0,1144,1200,Garrett Armfield,Toshiomi Kazama,135,135,1,0.0,1478.732342893822,1511.84375,-33.11140710617792,1,0.0,18.0,0.9199999999999995,34.0,-2.0,50.0,-50.0,0.0,0.0,0.0,0.0,0.0,0.0,-100.0,0.0,0.0,0.0,0.0,-2.0,-1.0,-0.0,-0.0,-2.3333333333333335
12,2023-2356-geoff neal--shavkat rakhmonov,2023,0,525,848,Geoff Neal,Shavkat Rakhmonov,170,170,1,0.0,1582.2407179533902,1565.8932949156413,16.347423037748968,0,-9.0,6.0,-3.3100000000000005,20.0,2.0,52.400000000000006,-60.300000000000004,7.899999999999999,0.0,0.0,7.0,0.0,0.0,-40.0,-66.66666666666666,8.333333333333336,-75.0,0.0,-3.0,-0.2784,0.40000000000000036,1.5,-0.6666666666666666
12,2023-2357-gerald meerschaert--joe pyfer,2023,0,439,899,Gerald Meerschaert,Joe Pyfer,185,185,1,0.0,1439.3256627289336,1511.7375581168124,-72.41189538787876,0,2.0,-1.0,-0.29000000000000004,-12.0,-18.0,-58.3,75.0,-16.7,0.0,0.0,16.0,0.0,0.0,13.333333333333329,0.0,-100.0,100.0,0.0,-3.0,-0.43999999999999995,7.0,-0.0,-1.888888888888889
12,2023-2358-gilbert burns--jorge masvidal,2023,0,189,216,jorge masvidal,Gilbert Burns,185,170,0,15.0,1500.0,1590.087287473646,-90.08728747364603,0,-48.0,-52.0,3.64,-37.0,-53.0,-20.0,-33.3,-46.7,-5.0,0.0,-24.0,0.0,-0.5,-60.0,-33.333333333333336,-33.333333333333336,0.0,-1.0,2.0,-0.16000000000000003,-14.75,-14.75,-1.5333333333333334
12,2023-2359-gilbert burns--neil magny,2023,0,187,216,Neil Magny,Gilbert Burns,170,170,1,0.0,1597.0550297434027,1639.030447089543,-41.975417346140375,0,-2.0,-1.0,1.17,2.0,2.0,10.399999999999999,-24.599999999999998,14.199999999999996,8.0,0.0,11.0,0.0,0.0,0.0,0.0,-33.333333333333336,33.333333333333336,-1.0,3.0,0.5616,-7.550000000000001,-5.949999999999999,-0.5333333333333334
12,2023-2360-gilbert urbina--orion cosce,2023,0,986,1069,Gilbert Urbina,orion cosce,170,185,0,-15.0,1486.2890625,1500.0,-13.7109375,1,56.0,44.0,-4.62,44.0,0.0,100.0,0.0,0.0,0.0,0.0,4.0,0.0,0.35,0.0,0.0,0.0,0.0,0.0,-1.0,0.0,-0.0,-0.0,0.0
12,2023-2361-glover teixeira--jamahal hill,2023,1,566,723,glover teixeira,Jamahal Hill,185,205,0,-20.0,1500.0,1619.4979499332096,-119.49794993320961,0,-51.0,-44.0,4.03,0.0,-73.0,-71.4,0.0,-28.6,-5.0,-1.0,-11.0,0.0,-0.5,-80.0,-75.0,-75.0,0.0,0.0,-2.0,-0.904,-8.4,-9.25,-1.0
12,2023-2362-grant dawson--king green,2023,0,46,480,King Green,Grant Dawson,155,155,1,0.0,1462.9923814065583,1672.2272650741165,-209.23488366755828,1,0.0,18.0,-1.6100000000000003,-1.0,17.0,1.100000000000005,-18.200000000000003,17.099999999999994,2.0,0.0,18.0,0.0,0.0,-60.0,-30.0,30.0,-60.0,0.0,-4.0,-0.37440000000000007,12.75,16.0,-1.1333333333333333
12,2023-2363-greg velasco--shamil gaziev,2023,0,1304,1305,Shamil Gaziev,greg velasco,265,185,0,80.0,1500.0,1500.0,0.0,1,48.0,44.0,-3.87,30.0,83.0,50.0,25.0,25.0,1.0,0.0,5.0,0.0,0.0,0.0,0.0,0.0,0.0,0.0,0.0,0.0,-0.0,-0.0,0.0
12,2023-2364-guido cannetti--mario bautista,2023,0,680,768,guido cannetti,Mario Bautista,185,135,0,50.0,1500.0,1536.7640544353035,-36.76405443530348,0,-49.0,-55.0,4.45,-33.0,-67.0,-10.0,-30.0,-60.0,-3.0,0.0,-12.0,0.0,-0.5,-80.0,-75.0,-25.0,-50.0,0.0,-3.0,-0.9616,-0.0,-0.0,-2.8333333333333335
12,2023-2365-hanseul kim--taiyilake nueraji,2023,0,1501,1502,Taiyilake Nueraji,hanseul kim,170,185,0,-15.0,1500.0,1500.0,0.0,1,53.0,58.0,-5.01,33.0,100.0,100.0,0.0,0.0,0.0,0.0,2.0,0.0,0.0,0.0,0.0,0.0,0.0,0.0,0.0,0.0,-0.0,-0.0,0.0
12,2023-2366-hyunsung park--seungguk choi,2023,1,1166,1214,HyunSung Park,SeungGuk Choi,125,185,0,-60.0,1508.4204260468964,1500.0,8.42042604689641,1,46.0,59.0,-2.94,33.0,50.0,40.0,60.0,0.0,0.0,1.0,6.0,0.0,0.5,100.0,100.0,50.0,50.0,0.0,2.0,1.0,-0.0,-0.0,0.0
12,2023-2367-hyunsung park--shannon ross,2023,0,1166,1306,HyunSung Park,shannon ross,125,185,0,-60.0,1555.3841951121697,1500.0,55.384195112169664,1,46.0,59.0,-2.94,33.0,50.0,40.0,60.0,0.0,0.0,1.0,6.0,0.0,0.5,100.0,100.0,50.0,50.0,0.0,2.0,1.0,-0.0,-0.0,0.0
12,2023-2368-ian machado garry--neil magny,2023,0,187,1029,Neil Magny,Ian Machado Garry,170,170,1,0.0,1584.147868193281,1565.8174331274217,18.33043506585932,0,-8.0,0.0,0.2999999999999998,6.0,-18.0,-2.8999999999999986,8.7,-5.800000000000004,8.0,0.0,25.0,0.0,0.0,-40.0,0.0,-33.333333333333336,33.333333333333336,0.0,-2.0,-0.2784,7.199999999999999,8.8,-1.666666666666667
12,2023-2369-ian machado garry--song kenan,2023,0,517,1029,Song Kenan,Ian Machado Garry,170,170,1,0.0,1487.1557756739603,1645.6288086616871,-158.4730329877268,0,-8.0,0.0,-3.0500000000000003,-3.0,0.0,16.700000000000003,0.0,-16.700000000000003,-5.0,0.0,1.0,0.0,-0.15000000000000002,-40.0,33.333333333333336,33.333333333333336,0.0,0.0,-4.0,-0.6255999999999999,-0.0,-0.0,-3.666666666666667
12,2023-2370-ibo aslan--paulo renato junior,2023,0,1307,1308,Ibo Aslan,paulo renato junior,205,185,0,20.0,1500.0,1500.0,0.0,1,47.0,59.0,-3.47,0.0,86.0,100.0,0.0,0.0,0.0,0.0,5.0,0.0,0.0,0.0,0.0,0.0,0.0,0.0,0.0,0.0,-0.0,-0.0,0.0
12,2023-2371-ignacio bahamondes--ludovit klein,2023,0,900,943,Ignacio Bahamondes,Ludovit Klein,155,155,1,0.0,1495.178384035908,1497.2374747148729,-2.0590906789648216,0,-7.0,4.0,-0.9900000000000002,-51.0,-1.0,28.5,28.6,-57.10000000000001,1.0,0.0,-1.0,0.0,0.0,15.0,66.66666666666666,33.333333333333336,33.333333333333336,0.0,-1.0,-0.10559999999999992,-0.0,-0.0,-2.666666666666667
12,2023-2372-ignacio bahamondes--trey ogden,2023,0,900,1140,Ignacio Bahamondes,Trey Ogden,155,155,1,0.0,1462.144067548129,1493.432570888809,-31.28850334068011,1,-5.0,1.0,-0.8399999999999999,-32.0,-25.0,57.1,28.6,-85.7,1.0,0.0,4.0,0.0,0.0,25.0,100.0,66.66666666666667,33.333333333333336,0.0,2.0,0.36,-0.0,-0.0,-2.3333333333333335
12,2023-2373-ihor potieria--rodolfo bellato,2023,0,1169,1220,ihor potieria,Rodolfo Bellato,185,205,0,-20.0,1500.0,1478.90625,21.09375,0,-61.0,-45.0,6.0,-36.0,-100.0,-100.0,0.0,0.0,0.0,0.0,-4.0,0.0,-0.5,0.0,0.0,0.0,0.0,0.0,1.0,0.0,-0.0,-0.0,0.0
12,2023-2374-ikram aliskerov--phil hawes,2023,0,920,1170,phil hawes,Ikram Aliskerov,185,185,1,0.0,1500.0,1504.21875,-4.21875,0,-62.0,-41.0,5.78,-33.0,-100.0,-75.0,-25.0,0.0,0.0,0.0,-5.0,0.0,-0.5,-100.0,-100.0,0.0,-100.0,0.0,-1.0,-1.0,-0.0,-0.0,0.0
12,2023-2375-ikram aliskerov--warlley alves,2023,0,320,1170,warlley alves,Ikram Aliskerov,185,185,1,0.0,1500.0,1510.948260473143,-10.94826047314291,0,-62.0,-41.0,5.78,-33.0,-100.0,-75.0,-25.0,0.0,0.0,0.0,-5.0,0.0,-0.5,-100.0,-100.0,0.0,-100.0,0.0,-1.0,-1.0,-0.0,-0.0,0.0
12,2023-2376-ilia topuria--josh emmett,2023,0,461,884,Josh Emmett,Ilia Topuria,145,155,0,-10.0,1730.0580931922698,1592.4026061772997,137.65548701497005,0,-13.0,-4.0,-0.6299999999999999,-24.0,-47.0,-26.700000000000003,-11.1,37.8,2.0,-3.0,6.0,0.0,0.0,0.0,-40.0,-20.0,-20.0,0.0,0.0,0.0,3.4000000000000004,3.0,0.33333333333333326
12,2023-2377-ion cutelaba--tanner boser,2023,0,449,764,Ion Cutelaba,tanner boser,205,185,0,20.0,1431.7637303045976,1500.0,-68.23626969540237,1,43.0,47.0,-3.34,49.0,75.0,50.0,12.5,37.5,1.0,0.0,19.0,0.0,0.5,20.0,0.0,0.0,0.0,0.0,-3.0,0.038400000000000004,7.4,7.0,1.6666666666666667
12,2023-2378-ismael bonfim--terrance mckinney,2023,0,837,1171,Terrance McKinney,Ismael Bonfim,155,155,1,0.0,1497.5685309722871,1477.5732653796726,19.995265592614487,0,1.0,-23.0,0.52,7.0,1.0,23.800000000000004,42.9,-66.7,0.0,0.0,7.0,0.0,0.0,-40.0,100.0,33.333333333333336,66.66666666666667,0.0,0.0,-0.26560000000000006,-0.0,-0.0,-2.3333333333333335
12,2023-2379-israel adesanya--sean strickland,2023,1,276,630,Sean Strickland,Israel Adesanya,185,185,1,0.0,1676.2531326379612,2182.6956807611573,-506.44254812319605,1,-6.0,5.0,-1.37,53.0,0.0,-13.5,6.2,7.299999999999997,-3.0,-7.0,5.0,0.0,0.0,0.0,0.0,0.0,0.0,-5.0,-1.0,-0.2015999999999999,-1.6000000000000005,-4.7,0.19999999999999996
12,2023-2380-issa isakov--marquel mederos,2023,0,1309,1310,MarQuel Mederos,issa isakov,155,185,0,-30.0,1500.0,1500.0,0.0,1,56.0,58.0,-2.99,0.0,83.0,25.0,0.0,75.0,0.0,0.0,4.0,0.0,0.0,0.0,0.0,0.0,0.0,0.0,0.0,0.0,-0.0,-0.0,0.0
12,2023-2381-jack della maddalena--kevin holland,2023,0,691,971,Kevin Holland,Jack Della Maddalena,170,170,1,0.0,1501.2541967654722,1571.7752033373392,-70.52100657186702,0,-2.0,-14.0,1.31,27.0,-14.0,-13.2,26.4,-13.2,1.0,-1.0,18.0,0.0,0.0,-60.0,25.0,-25.0,50.0,0.0,-2.0,-0.16000000000000003,11.4,12.5,-4.133333333333333
12,2023-2382-jack della maddalena--randy brown,2023,0,394,971,Randy Brown,Jack Della Maddalena,170,170,1,0.0,1523.3576207290066,1617.5623899163947,-94.20476918738814,0,-5.0,-10.0,1.2700000000000005,28.0,4.0,-15.899999999999991,10.299999999999999,5.600000000000001,-3.0,-1.0,11.0,0.0,0.0,-20.0,-50.0,-75.0,25.0,0.0,0.0,-0.025600000000000067,9.0,9.0,-2.2
12,2023-2383-jack jenkins--jamall emmers,2023,0,688,1150,Jamall Emmers,Jack Jenkins,145,145,1,0.0,1487.4701392646036,1487.3364321530812,0.1337071115224262,0,-12.0,-2.0,-1.1,-24.0,13.0,0.0,0.0,0.0,0.0,0.0,3.0,0.0,-0.15000000000000002,-75.0,-100.0,-100.0,0.0,0.0,-3.0,-0.904,-0.0,-0.0,1.0
12,2023-2384-jafel filho--muhammad mokaev,2023,0,1128,1176,muhammad mokaev,Jafel Filho,185,125,0,60.0,1500.0,1510.8902596302842,-10.890259630284163,1,-41.0,-47.0,1.63,-42.0,-66.0,-33.3,-66.7,0.0,0.0,0.0,-5.0,0.0,-0.5,-100.0,-100.0,-100.0,0.0,0.0,-1.0,-1.0,-0.0,-0.0,0.0
12,2023-2385-jailton almeida--jairzinho rozenstruik,2023,0,1002,1033,jairzinho rozenstruik,Jailton Almeida,185,205,0,-20.0,1500.0,1624.610655694575,-124.61065569457492,0,-65.0,-41.0,0.89,-60.0,-60.0,-33.3,-55.6,-11.1,-5.0,0.0,-10.0,0.0,-0.5,-100.0,-100.0,-25.0,-75.0,0.0,-4.0,-1.0,-0.0,-0.0,0.0
12,2023-2386-jailton almeida--shamil abdurakhimov,2023,0,429,1033,shamil abdurakhimov,Jailton Almeida,185,205,0,-20.0,1500.0,1715.918464503777,-215.91846450377693,0,-65.0,-41.0,0.89,-60.0,-60.0,-33.3,-55.6,-11.1,-5.0,0.0,-10.0,0.0,-0.5,-100.0,-100.0,-25.0,-75.0,0.0,-4.0,-1.0,-0.0,-0.0,0.0
12,2023-2387-jake collier--mohammed usman,2023,0,922,1210,jake collier,Mohammed Usman,185,265,0,-80.0,1500.0,1504.21875,-4.21875,0,-39.0,-51.0,4.27,-14.0,-66.0,-25.0,0.0,-75.0,0.0,0.0,-6.0,0.0,-0.5,-100.0,-100.0,-100.0,0.0,0.0,-1.0,-1.0,-0.0,-0.0,0.0
12,2023-2388-jake matthews--michael morales,2023,0,239,1063,Jake Matthews,Michael Morales,170,170,1,0.0,1497.0882977882309,1519.2394772570078,-22.151179468776945,0,-6.0,7.0,0.6800000000000002,1.0,-22.0,-43.8,40.0,3.8000000000000043,-2.0,0.0,15.0,0.0,0.0,-40.0,-33.333333333333336,-33.333333333333336,0.0,0.0,-2.0,-0.33599999999999997,-0.0,-0.0,-0.40000000000000013
12,2023-2389-jalin turner--king green,2023,0,46,687,King Green,jalin turner,155,185,0,-30.0,1534.9864304392208,1500.0,34.98643043922084,0,52.0,62.0,-3.72,39.0,74.0,17.699999999999996,23.5,58.8,3.0,0.0,32.0,0.0,0.5,40.0,50.0,50.0,0.0,0.0,1.0,0.6255999999999999,12.75,16.0,1.8666666666666667
12,2023-2390-jalin turner--mateusz gamrot,2023,0,687,915,jalin turner,Mateusz Gamrot,185,155,0,30.0,1500.0,1542.002394306172,-42.00239430617194,0,-51.0,-59.0,3.04,-36.0,-90.0,-37.5,-12.5,-50.0,-6.0,0.0,-11.0,0.0,-0.5,-80.0,-75.0,-50.0,-25.0,0.0,-1.0,-0.76,-10.333333333333334,-10.333333333333334,0.7777777777777778
12,2023-2391-jamal pogues--mick parkin,2023,0,1148,1311,Mick Parkin,jamal pogues,265,185,0,80.0,1514.13854691967,1500.0,14.138546919670034,1,50.0,58.0,-4.13,46.0,50.0,20.0,20.0,60.0,0.0,0.0,6.0,0.0,0.5,100.0,100.0,0.0,100.0,0.0,1.0,1.0,-0.0,-0.0,0.0
12,2023-2392-jamall emmers--khusein askhabov,2023,0,688,1312,Jamall Emmers,khusein askhabov,145,185,0,-40.0,1456.6338394563993,1500.0,-43.3661605436007,1,49.0,56.0,-4.07,40.0,80.0,50.0,0.0,50.0,0.0,0.0,9.0,0.0,0.35,25.0,0.0,0.0,0.0,0.0,-2.0,0.096,-0.0,-0.0,1.0
12,2023-2393-jamie mullarkey--john makdessi,2023,0,459,750,john makdessi,Jamie Mullarkey,185,155,0,30.0,1500.0,1491.8361837937794,8.163816206220645,0,-46.0,-53.0,4.53,-34.0,-78.0,-40.0,0.0,-60.0,0.0,0.0,-11.0,0.0,-0.5,-60.0,-66.66666666666667,-66.66666666666667,0.0,0.0,1.0,-0.3744,-0.0,-0.0,1.1111111111111112
12,2023-2394-jamie mullarkey--muhammad naimov,2023,0,750,882,Jamie Mullarkey,Muhammad Naimov,155,145,0,10.0,1506.8236953243152,1488.943359375,17.880335949315167,0,6.0,8.0,-1.08,-2.0,11.0,0.0,0.0,0.0,0.0,0.0,4.0,0.0,0.15000000000000002,60.0,66.66666666666667,66.66666666666667,0.0,0.0,0.0,0.3744,-0.0,-0.0,0.5555555555555556
12,2023-2395-jamie mullarkey--nasrat haqparast,2023,0,588,750,Nasrat Haqparast,Jamie Mullarkey,155,155,1,0.0,1481.997976015536,1472.6398529316325,9.358123083903592,1,-1.0,10.0,-1.4799999999999995,-14.0,6.0,-20.0,0.0,20.0,0.0,0.0,3.0,0.0,0.0,-20.0,-66.66666666666667,-66.66666666666667,0.0,0.0,0.0,-0.03839999999999999,12.0,12.0,1.2444444444444445
12,2023-2396-jared cannonier--marvin vettori,2023,0,346,368,Jared Cannonier,Marvin Vettori,185,185,1,0.0,1653.4903807262237,1604.4748487580546,49.01553196816917,1,4.0,0.0,0.16999999999999993,-5.0,-1.0,63.6,-22.2,-41.4,4.0,0.0,3.0,0.0,0.0,0.0,0.0,33.333333333333336,-33.333333333333336,0.0,2.0,0.4303999999999999,-4.550000000000001,-0.916666666666667,-1.7333333333333334
12,2023-2397-jared gooden--wellington turman,2023,0,813,1038,Wellington Turman,jared gooden,170,185,0,-15.0,1461.7558016851565,1500.0,-38.244198314843516,0,51.0,45.0,-4.17,20.0,42.0,0.0,33.3,66.7,0.0,0.0,9.0,0.0,0.5,40.0,50.0,0.0,50.0,0.0,1.0,0.6384,-0.0,-0.0,0.16666666666666663
12,2023-2398-jared gordon--mark madsen,2023,0,567,859,Jared Gordon,mark madsen,155,185,0,-30.0,1492.4113199752712,1500.0,-7.588680024728774,1,55.0,56.0,-3.91,32.0,62.0,33.3,0.0,66.7,0.0,0.0,15.0,0.0,0.5,60.0,0.0,0.0,0.0,0.0,-1.0,0.30400000000000005,7.0,-0.0,1.8666666666666667
12,2023-2399-javid basharat--mateus mendonca,2023,0,1040,1313,Javid Basharat,mateus mendonca,135,185,0,-50.0,1524.3683747449172,1500.0,24.36837474491722,1,53.0,61.0,-2.96,40.0,83.0,0.0,25.0,75.0,0.0,0.0,6.0,0.0,0.5,100.0,33.333333333333336,0.0,33.333333333333336,0.0,3.0,1.0,-0.0,-0.0,1.6666666666666667
12,2023-2400-jean matsumoto--kasey tanner,2023,0,1314,1315,Jean Matsumoto,kasey tanner,135,185,0,-50.0,1500.0,1500.0,0.0,1,41.0,48.0,-5.43,41.0,53.0,0.0,25.0,75.0,0.0,0.0,5.0,0.0,0.0,0.0,0.0,0.0,0.0,0.0,0.0,0.0,-0.0,-0.0,0.0
12,2023-2401-jean silva--kevin vallejos,2023,0,1316,1317,Jean Silva,Kevin Vallejos,145,145,1,0.0,1500.0,1500.0,0.0,1,7.0,-1.0,1.1000000000000005,17.0,3.0,-0.10000000000000853,16.7,-16.599999999999998,1.0,0.0,2.0,0.0,0.0,0.0,0.0,0.0,0.0,0.0,0.0,0.0,-0.0,-0.0,0.0
12,2023-2402-jeongyeong lee--yizha,2023,1,1184,1197,JeongYeong Lee,Yizha,145,145,1,0.0,1508.4204260468964,1513.244572619259,-4.824146572362679,1,4.0,3.0,-1.0099999999999998,36.0,18.0,8.3,-25.0,16.700000000000003,0.0,0.0,-2.0,0.0,0.0,0.0,50.0,50.0,0.0,0.0,0.0,0.0,-0.0,-0.0,-1.6666666666666667
12,2023-2403-jeremiah wells--matthew semelsberger,2023,0,1042,1055,Jeremiah Wells,matthew semelsberger,170,185,0,-15.0,1481.092564441801,1500.0,-18.90743555819904,1,43.0,48.0,-1.31,44.0,80.0,50.0,25.0,25.0,0.0,0.0,6.0,0.0,0.5,100.0,100.0,66.66666666666667,33.333333333333336,0.0,3.0,1.0,-0.0,-0.0,0.0
12,2023-2404-jesse butler--jim miller,2023,0,30,1318,Jim Miller,jesse butler,155,185,0,-30.0,1427.2677836816406,1500.0,-72.7322163183594,1,42.0,56.0,-3.44,45.0,48.0,22.299999999999994,48.1,29.6,2.0,0.0,45.0,0.0,0.5,60.0,100.0,66.66666666666667,33.333333333333336,0.0,2.0,0.8784,9.8,-0.0,-1.8
12,2023-2405-jesus aguilar--shannon ross,2023,0,1153,1306,Jesus Aguilar,shannon ross,125,185,0,-60.0,1504.21875,1500.0,4.21875,1,45.0,59.0,-1.1,35.0,40.0,25.0,50.0,25.0,0.0,0.0,6.0,0.0,0.5,100.0,100.0,0.0,100.0,0.0,1.0,1.0,-0.0,-0.0,0.0
12,2023-2406-jesus aguilar--tatsuro taira,2023,0,1125,1153,Tatsuro Taira,Jesus Aguilar,125,125,1,0.0,1556.980051695177,1510.948260473143,46.031791222034144,1,15.0,-12.0,-1.44,13.0,5.0,3.500000000000007,-7.100000000000001,3.6000000000000014,2.0,0.0,2.0,0.0,0.0,0.0,-50.0,0.0,-50.0,0.0,1.0,0.0,-0.0,-0.0,3.3333333333333335
12,2023-2407-joanderson brito--jonathan pearce,2023,0,805,1016,jonathan pearce,Joanderson Brito,185,145,0,40.0,1500.0,1491.3526880984148,8.647311901585226,0,-50.0,-42.0,2.49,-68.0,-56.0,-50.0,-33.3,-16.7,0.0,0.0,-9.0,0.0,-0.5,-75.0,-66.66666666666667,-33.333333333333336,-33.333333333333336,0.0,1.0,-0.4,-0.0,-0.0,0.33333333333333337
12,2023-2408-joanderson brito--westin wilson,2023,0,1016,1320,Joanderson Brito,Westin Wilson,145,145,1,0.0,1498.1446795554277,1500.0,-1.8553204445722713,1,19.0,12.0,4.22,52.0,23.0,50.0,-66.7,16.7,0.0,0.0,5.0,0.0,0.5,75.0,66.66666666666667,33.333333333333336,33.333333333333336,0.0,-1.0,0.4,-0.0,-0.0,-0.33333333333333337
12,2023-2409-joel alvarez--marc diakiese,2023,0,534,773,marc diakiese,Joel Alvarez,185,155,0,30.0,1500.0,1496.2351163773458,3.7648836226542244,0,-53.0,-50.0,3.32,0.0,-40.0,-57.1,-42.9,0.0,-1.0,0.0,-9.0,0.0,-0.5,-60.0,-100.0,-33.333333333333336,-66.66666666666667,0.0,1.0,-0.3744,-6.0,-6.0,3.0
12,2023-2410-john castaneda--kyung ho kang,2023,0,527,696,John Castaneda,kyung ho kang,135,185,0,-50.0,1473.6032853899446,1500.0,-26.39671461005537,1,50.0,53.0,-4.94,37.0,73.0,20.0,20.0,60.0,0.0,0.0,9.0,0.0,0.5,60.0,66.66666666666667,33.333333333333336,33.333333333333336,0.0,1.0,0.7216,-0.0,-0.0,-1.0
12,2023-2411-john castaneda--muin gafurov,2023,0,527,992,John Castaneda,Muin Gafurov,135,135,1,0.0,1493.9314875289315,1488.046875,5.884612528931484,1,5.0,1.0,-2.7300000000000004,11.0,3.0,20.0,20.0,-40.0,0.0,0.0,4.0,0.0,0.15000000000000002,60.0,66.66666666666667,33.333333333333336,33.333333333333336,0.0,2.0,0.7216,-0.0,-0.0,0.0
12,2023-2412-johnny walker--paul craig,2023,0,446,682,Paul Craig,Johnny Walker,205,205,1,0.0,1567.5776492043738,1600.6594445965163,-33.08179539214257,0,-10.0,-2.0,0.04999999999999982,-42.0,-22.0,-33.400000000000006,55.6,-22.2,-2.0,0.0,5.0,0.0,0.0,40.0,0.0,0.0,0.0,0.0,2.0,0.4944,-1.75,-0.9499999999999993,-2.111111111111111
12,2023-2413-jonathan martinez--said nurmagomedov,2023,0,617,694,Jonathan Martinez,Said Nurmagomedov,135,135,1,0.0,1579.8384671712054,1554.014996673028,25.823470498177358,1,1.0,1.0,-2.04,20.0,5.0,11.499999999999993,-42.9,31.4,-1.0,0.0,4.0,0.0,0.0,-20.0,-55.0,-15.0,-40.0,0.0,-2.0,-0.03839999999999999,-6.5,-6.5,1.2000000000000002
12,2023-2414-jordan leavitt--victor martinez,2023,0,934,1031,Jordan Leavitt,Victor Martinez,155,155,1,0.0,1445.8762943587233,1504.8234375,-58.94714314127668,1,10.0,4.0,5.87,-3.0,-50.0,33.3,50.0,-83.3,0.0,0.0,6.0,0.0,0.15000000000000002,-40.0,66.66666666666667,0.0,66.66666666666667,0.0,0.0,-0.33599999999999997,-0.0,-0.0,-1.0
12,2023-2415-josh culibao--lerone murphy,2023,0,942,1049,Lerone Murphy,josh culibao,145,185,0,-40.0,1532.1095551516912,1500.0,32.10955515169121,1,53.0,61.0,-2.51,54.0,51.0,33.3,0.0,66.7,4.0,0.0,10.0,0.0,0.35,100.0,66.66666666666667,66.66666666666667,0.0,0.0,3.0,1.0,-0.0,-0.0,1.6666666666666667
12,2023-2416-josh culibao--melsik baghdasaryan,2023,0,891,1049,Melsik Baghdasaryan,josh culibao,145,185,0,-40.0,1511.7623698140076,1500.0,11.76236981400757,0,59.0,56.0,-3.14,0.0,72.0,25.0,0.0,75.0,0.0,0.0,6.0,0.0,0.35,100.0,33.333333333333336,33.333333333333336,0.0,0.0,3.0,1.0,-0.0,-0.0,0.5
12,2023-2417-josh emmett--yair rodriguez,2023,1,273,461,Yair Rodriguez,Josh Emmett,145,145,1,0.0,1617.3934753918468,1681.293877829423,-63.900402437576304,1,11.0,-8.0,0.6800000000000002,-8.0,13.0,-3.6000000000000014,9.1,-5.5,0.0,2.0,0.0,0.0,0.0,-20.0,35.0,35.0,0.0,0.0,-4.0,-0.24,-0.0,2.8,-0.2666666666666664
12,2023-2418-josh fremd--roman kopylov,2023,0,812,1100,Roman Kopylov,josh fremd,185,185,1,0.0,1488.1479253225834,1500.0,-11.852074677416567,1,50.0,53.0,-5.08,42.0,87.0,83.3,0.0,16.7,0.0,0.0,10.0,0.0,0.5,33.333333333333336,100.0,100.0,0.0,0.0,1.0,0.6,-0.0,-0.0,-2.3333333333333335
12,2023-2419-josh fremd--sedriques dumas,2023,0,1100,1206,josh fremd,Sedriques Dumas,185,185,1,0.0,1500.0,1534.5161710802663,-34.516171080266304,1,-45.0,-55.0,2.5,-35.0,-40.0,0.0,-25.0,-75.0,0.0,0.0,-7.0,0.0,-0.5,-100.0,-100.0,0.0,-100.0,0.0,-1.0,-1.0,-0.0,-0.0,0.0
12,2023-2420-josh quinlan--trey waters,2023,0,1161,1323,Trey Waters,josh quinlan,170,185,0,-15.0,1478.90625,1500.0,-21.09375,1,44.0,55.0,-5.83,33.0,85.0,0.0,0.0,100.0,0.0,0.0,4.0,0.0,0.5,0.0,0.0,0.0,0.0,0.0,-1.0,0.0,-0.0,-0.0,0.0
12,2023-2421-joshua van--kevin borjas,2023,0,1324,1325,Joshua Van,Kevin Borjas,125,125,1,0.0,1500.0,1500.0,0.0,1,12.0,8.0,-0.6200000000000001,63.0,10.0,25.0,0.0,-25.0,3.0,0.0,4.0,0.0,0.0,0.0,0.0,0.0,0.0,0.0,0.0,0.0,-0.0,-0.0,0.0
12,2023-2422-joshua van--zhalgas zhumagulov,2023,0,966,1324,zhalgas zhumagulov,Joshua Van,185,125,0,60.0,1500.0,1509.95,-9.950000000000045,0,-56.0,-57.0,6.36,-63.0,-81.0,-25.0,0.0,-75.0,-3.0,0.0,-9.0,0.0,0.0,0.0,0.0,0.0,0.0,0.0,0.0,0.0,-0.0,-0.0,0.0
12,2023-2423-journey newson--marcus mcghee,2023,0,809,1326,journey newson,Marcus McGhee,185,135,0,50.0,1500.0,1500.0,0.0,0,-45.0,-57.0,3.64,-14.0,-90.0,-50.0,-25.0,-25.0,-1.0,0.0,-5.0,0.0,0.0,0.0,0.0,0.0,0.0,0.0,0.0,0.0,-0.0,-0.0,0.0
12,2023-2424-jp buys--marcus mcghee,2023,0,1051,1326,jp buys,Marcus McGhee,185,135,0,50.0,1500.0,1506.75,-6.75,0,-45.0,-57.0,3.64,-14.0,-90.0,-50.0,-25.0,-25.0,-1.0,0.0,-5.0,0.0,0.0,0.0,0.0,0.0,0.0,0.0,0.0,0.0,-0.0,-0.0,0.0
12,2023-2425-julian marquez--marcandre barriault,2023,0,730,1163,Marc-Andre Barriault,julian marquez,185,185,1,0.0,1469.666371508251,1500.0,-30.333628491749096,1,47.0,50.0,-5.63,28.0,68.0,50.0,16.7,33.3,0.0,0.0,15.0,0.0,0.5,60.0,66.66666666666667,33.333333333333336,33.333333333333336,0.0,-1.0,0.30400000000000005,-0.0,-0.0,-0.5
12,2023-2426-junior tafa--mohammed usman,2023,0,1210,1327,Mohammed Usman,Junior Tafa,265,205,0,60.0,1517.4617619681358,1500.0,17.46176196813576,1,-12.0,0.0,-1.7799999999999994,14.0,-3.0,-75.0,0.0,75.0,0.0,0.0,0.0,0.0,0.5,100.0,100.0,100.0,0.0,0.0,1.0,1.0,-0.0,-0.0,0.0
12,2023-2427-junior tafa--parker porter,2023,0,1178,1327,parker porter,Junior Tafa,185,205,0,-20.0,1500.0,1470.6234868268573,29.376513173142712,0,-51.0,-51.0,2.49,0.0,-69.0,-100.0,0.0,0.0,0.0,0.0,-6.0,0.0,0.0,0.0,0.0,0.0,0.0,0.0,0.0,0.0,-0.0,-0.0,0.0
12,2023-2428-justin gaethje--rafael fiziev,2023,0,552,722,Justin Gaethje,Rafael Fiziev,155,155,1,0.0,1759.3056750337344,1610.8420527403264,148.46362229340798,1,6.0,1.0,-2.41,-58.0,-22.0,23.800000000000004,0.0,-23.800000000000004,6.0,1.0,3.0,0.0,0.0,-40.0,6.666666666666671,6.666666666666671,0.0,2.0,-6.0,-0.6384,3.5,5.5,-0.22222222222222232
12,2023-2429-justin tafa--parker porter,2023,0,811,1178,Justin Tafa,parker porter,265,185,0,80.0,1477.0293605376057,1500.0,-22.970639462394274,1,54.0,47.0,-5.11,0.0,53.0,100.0,0.0,0.0,0.0,0.0,9.0,0.0,0.35,40.0,100.0,100.0,0.0,0.0,-2.0,0.13440000000000002,-0.0,-0.0,-1.6666666666666667
12,2023-2430-kaik brito--oban elliott,2023,0,1328,1329,Oban Elliott,kaik brito,170,185,0,-15.0,1500.0,1500.0,0.0,1,48.0,60.0,-2.24,44.0,55.0,25.0,0.0,75.0,0.0,0.0,5.0,0.0,0.0,0.0,0.0,0.0,0.0,0.0,0.0,0.0,-0.0,-0.0,0.0
12,2023-2431-kamaru usman--khamzat chimaev,2023,0,337,907,Kamaru Usman,Khamzat Chimaev,170,185,0,-15.0,1949.9012644936636,1702.0543048372901,247.84695965637343,0,-9.0,12.0,-0.3500000000000001,-11.0,4.0,2.699999999999992,-38.199999999999996,35.5,6.0,6.0,10.0,0.0,0.0,-20.0,-30.0,30.0,-60.0,5.0,-6.0,-0.6,-3.0666666666666673,3.133333333333333,2.6666666666666665
12,2023-2432-kamaru usman--leon edwards,2023,1,228,337,Leon Edwards,Kamaru Usman,170,170,1,0.0,2122.735974133099,1933.2430880169704,189.49288611612837,1,3.0,-2.0,0.25,-8.0,-26.0,-3.500000000000007,0.8999999999999995,2.6000000000000085,-3.0,-4.0,-1.0,0.0,0.0,20.0,-10.0,-10.0,0.0,-4.0,6.0,0.6,-3.0,-6.55,-1.6666666666666665
12,2023-2433-karl williams--lukasz brzeski,2023,0,1020,1330,Lukasz Brzeski,karl williams,265,185,0,80.0,1484.8828266200346,1500.0,-15.11717337996538,0,50.0,54.0,-3.65,33.0,35.0,0.0,50.0,50.0,0.0,0.0,8.0,0.0,0.5,50.0,100.0,0.0,100.0,0.0,-1.0,0.4,-0.0,-0.0,-1.0
12,2023-2434-kaue fernandes--marc diakiese,2023,0,534,1331,marc diakiese,Kaue Fernandes,185,155,0,30.0,1500.0,1500.0,0.0,1,-55.0,-62.0,1.42,-100.0,-76.0,-66.7,0.0,-33.3,0.0,0.0,-4.0,0.0,0.0,0.0,0.0,0.0,0.0,0.0,0.0,0.0,-0.0,-0.0,0.0
12,2023-2435-kelvin gastelum--sean brady,2023,0,163,769,Kelvin Gastelum,Sean Brady,185,170,0,15.0,1527.160622254211,1555.420081856407,-28.259459602196102,0,-13.0,-2.0,-0.5500000000000003,-20.0,-28.0,23.1,-34.6,11.5,5.0,1.0,14.0,0.0,-0.15000000000000002,-60.0,-50.0,0.0,-50.0,1.0,2.0,0.19999999999999996,-3.5,-0.5,-3.511111111111111
12,2023-2436-kevin borjas--victor dias,2023,0,1325,1332,Kevin Borjas,victor dias,125,185,0,-60.0,1470.25,1500.0,-29.75,1,44.0,49.0,-5.74,0.0,71.0,0.0,0.0,100.0,0.0,0.0,5.0,0.0,0.0,0.0,0.0,0.0,0.0,0.0,0.0,0.0,-0.0,-0.0,0.0
12,2023-2437-kevin holland--michael chiesa,2023,0,114,691,Michael Chiesa,Kevin Holland,170,170,1,0.0,1568.335147019552,1478.7337948306938,89.6013521888583,0,-10.0,7.0,1.4900000000000002,9.0,12.0,-31.299999999999994,19.6,11.7,1.0,1.0,-6.0,0.0,-0.15000000000000002,20.0,-100.0,-50.0,-50.0,0.0,-1.0,-0.17599999999999993,-2.0,-1.0,3.1333333333333333
12,2023-2438-kevin holland--santiago ponzinibbio,2023,0,203,691,Santiago Ponzinibbio,Kevin Holland,170,170,1,0.0,1505.016361810677,1527.529214178975,-22.512852368298127,0,-9.0,11.0,-1.4599999999999995,-11.0,16.0,27.000000000000004,-37.5,10.500000000000004,-1.0,0.0,-7.0,0.0,0.0,0.0,-50.0,0.0,-50.0,0.0,-3.0,-0.5616,-1.8000000000000007,-5.5,1.0666666666666667
12,2023-2439-kevin jousset--kiefer crosbie,2023,0,1333,1334,kevin jousset,Kiefer Crosbie,185,170,0,15.0,1500.0,1500.0,0.0,1,-64.0,-46.0,5.8,0.0,-40.0,-100.0,0.0,0.0,0.0,0.0,-3.0,0.0,0.0,0.0,0.0,0.0,0.0,0.0,0.0,0.0,-0.0,-0.0,0.0
12,2023-2440-kevin jousset--song kenan,2023,0,517,1333,Song Kenan,kevin jousset,170,185,0,-15.0,1457.0078989512515,1500.0,-42.99210104874851,0,46.0,51.0,-5.82,30.0,73.0,50.0,0.0,50.0,0.0,0.0,11.0,0.0,0.35,60.0,66.66666666666667,66.66666666666667,0.0,0.0,-1.0,0.3744,-0.0,-0.0,-1.0
12,2023-2441-kevin lee--rinat fakhretdinov,2023,0,205,1097,kevin lee,Rinat Fakhretdinov,185,170,0,15.0,1500.0,1535.8753383028602,-35.8753383028602,0,-52.0,-54.0,3.61,-34.0,-91.0,-16.600000000000005,-16.7,-66.7,0.0,0.0,-7.0,0.0,-0.5,-100.0,0.0,0.0,0.0,0.0,-2.0,-1.0,-0.0,-0.0,-4.0
12,2023-2442-khaos williams--rolando bedoya,2023,0,839,1335,Khaos Williams,Rolando Bedoya,170,155,0,15.0,1485.9243034804258,1500.0,-14.075696519574194,1,-10.0,-12.0,0.9900000000000002,0.0,18.0,-33.3,0.0,33.3,0.0,0.0,7.0,0.0,0.5,80.0,75.0,75.0,0.0,0.0,-1.0,0.4,-0.0,-0.0,-0.11111111111111109
12,2023-2443-king green--tony ferguson,2023,0,46,154,King Green,tony ferguson,155,185,0,-30.0,1509.5825033470226,1500.0,9.582503347022566,1,52.0,62.0,-3.72,39.0,74.0,17.699999999999996,23.5,58.8,3.0,0.0,32.0,0.0,0.5,40.0,50.0,50.0,0.0,0.0,1.0,0.6255999999999999,12.75,16.0,1.8666666666666667
12,2023-2444-kyler phillips--raoni barcelos,2023,0,571,645,Kyler Phillips,Raoni Barcelos,135,135,1,0.0,1519.5746899911483,1500.0918637761288,19.482826215019486,1,-10.0,0.0,0.5700000000000003,12.0,-10.0,6.400000000000002,-7.899999999999999,1.5,2.0,0.0,-3.0,0.0,0.0,20.0,16.666666666666664,-8.333333333333336,25.0,0.0,3.0,0.6,7.0,7.0,0.1777777777777778
12,2023-2445-landon quinones--nasrat haqparast,2023,0,588,1336,Nasrat Haqparast,landon quinones,155,185,0,-30.0,1488.7025344558538,1500.0,-11.297465544146235,1,45.0,63.0,-6.01,20.0,84.0,20.0,0.0,80.0,0.0,0.0,14.0,0.0,0.5,40.0,0.0,0.0,0.0,0.0,-1.0,0.336,12.0,12.0,0.13333333333333336
12,2023-2446-loik radzhabov--mateusz rebecki,2023,0,1208,1297,Mateusz Rebecki,Loik Radzhabov,155,155,1,0.0,1504.21875,1510.0511705078916,-5.832420507891584,1,2.0,9.0,-0.7700000000000005,8.0,8.0,-30.0,40.0,-10.0,0.0,0.0,3.0,0.0,0.5,100.0,100.0,0.0,100.0,0.0,1.0,1.0,-0.0,-0.0,0.0
12,2023-2447-lucas almeida--pat sabatini,2023,0,1010,1037,Lucas Almeida,Pat Sabatini,145,145,1,0.0,1457.1469365755627,1484.2579903864378,-27.11105381087509,0,-23.0,-5.0,-3.8200000000000003,-48.0,3.0,50.0,-42.9,-7.100000000000001,0.0,0.0,-3.0,0.0,0.0,-30.0,75.0,100.0,-25.0,0.0,0.0,-0.16000000000000003,-0.0,-0.0,-4.0
12,2023-2448-lukasz brzeski--waldo cortesacosta,2023,0,1020,1131,Lukasz Brzeski,Waldo Cortes-Acosta,265,265,1,0.0,1442.2678445070533,1525.8009563004732,-83.53311179341995,0,2.0,-1.0,-0.14000000000000012,-17.0,-36.0,-37.5,50.0,-12.5,-2.0,0.0,-2.0,0.0,0.0,-50.0,66.66666666666666,-33.333333333333336,100.0,0.0,-4.0,-0.6,-0.0,-0.0,-2.666666666666667
12,2023-2449-maheshate--viacheslav borshchev,2023,0,955,997,Maheshate,Viacheslav Borshchev,155,155,1,0.0,1481.335068693915,1453.7486658194257,27.586402874489295,0,-23.0,-6.0,-1.2299999999999995,0.0,5.0,-41.7,0.0,41.7,0.0,0.0,-3.0,0.0,0.0,16.66666666666667,-50.0,-50.0,0.0,0.0,0.0,0.09599999999999997,-0.0,-0.0,2.0
12,2023-2450-manolo zecchini--morgan charriere,2023,0,1337,1338,Morgan Charriere,Manolo Zecchini,145,185,0,-40.0,1500.0,1500.0,0.0,1,50.0,53.0,-4.54,46.0,83.0,100.0,0.0,0.0,0.0,0.0,5.0,0.0,0.0,0.0,0.0,0.0,0.0,0.0,0.0,0.0,-0.0,-0.0,0.0
12,2023-2451-manuel torres--nikolas motta,2023,0,930,1057,Nikolas Motta,Manuel Torres,155,155,1,0.0,1489.9278543717687,1506.9498388705344,-17.021984498765732,0,-22.0,0.0,-1.08,-66.0,-5.0,-30.0,-20.0,50.0,0.0,0.0,1.0,0.0,0.0,-33.33333333333333,-50.0,-50.0,0.0,0.0,-3.0,-0.6,-0.0,-0.0,3.0
12,2023-2452-marcin prachnio--vitor petrino,2023,0,700,1219,Marcin Prachnio,Vitor Petrino,205,265,0,-60.0,1461.005440404358,1525.7697995892997,-64.76435918494167,0,9.0,7.0,-0.5499999999999998,-38.0,-18.0,-8.400000000000006,-33.3,41.7,0.0,0.0,3.0,0.0,0.0,-60.0,-50.0,-50.0,0.0,0.0,-2.0,-0.6639999999999999,-0.0,-0.0,0.0
12,2023-2453-marcin prachnio--william knight,2023,0,700,877,Marcin Prachnio,william knight,205,185,0,20.0,1428.8102805091232,1500.0,-71.18971949087677,1,54.0,54.0,-3.15,20.0,53.0,25.0,0.0,75.0,0.0,0.0,11.0,0.0,0.5,40.0,50.0,50.0,0.0,0.0,-1.0,0.336,-0.0,-0.0,0.0
12,2023-2454-marcin tybura--tom aspinall,2023,0,467,843,Marcin Tybura,Tom Aspinall,265,265,1,0.0,1589.8290661603623,1602.6449174118543,-12.81585125149195,0,-19.0,-10.0,-0.43999999999999995,-67.0,-25.0,-39.2,-17.9,57.1,3.0,-2.0,14.0,0.0,0.0,0.0,-75.0,-25.0,-50.0,0.0,1.0,0.14400000000000002,-0.5999999999999996,-0.6666666666666661,1.2
12,2023-2455-marco tulio--yousri belgaroui,2023,0,1339,1340,Marco Tulio,yousri belgaroui,185,185,1,0.0,1500.0,1500.0,0.0,1,0.0,4.0,0.1200000000000001,20.0,-81.0,-25.0,0.0,25.0,0.0,0.0,2.0,0.0,0.0,0.0,0.0,0.0,0.0,0.0,0.0,0.0,-0.0,-0.0,0.0
12,2023-2456-marcos rogerio de lima--waldo cortesacosta,2023,0,360,1131,marcos rogerio de lima,Waldo Cortes-Acosta,185,265,0,-80.0,1500.0,1544.8567144937995,-44.85671449379947,1,-48.0,-55.0,3.51,-50.0,-71.0,-37.5,0.0,-62.5,-2.0,0.0,-10.0,0.0,-0.5,-100.0,-33.333333333333336,-33.333333333333336,0.0,0.0,-3.0,-1.0,-0.0,-0.0,-1.6666666666666667
12,2023-2457-mark climaco--rei tsuruya,2023,0,1341,1342,Rei Tsuruya,mark climaco,125,185,0,-60.0,1500.0,1500.0,0.0,1,52.0,42.0,-2.01,37.0,50.0,25.0,25.0,50.0,0.0,1.0,5.0,0.0,0.0,0.0,0.0,0.0,0.0,0.0,0.0,0.0,-0.0,-0.0,0.0
12,2023-2458-marlon vera--pedro munhoz,2023,0,280,281,Marlon Vera,Pedro Munhoz,135,135,1,0.0,1635.327369731697,1587.559258714395,47.76811101730209,1,8.0,-5.0,0.9199999999999999,23.0,-10.0,16.599999999999994,-3.3000000000000007,-13.3,-2.0,0.0,4.0,0.0,0.15000000000000002,40.0,0.0,0.0,0.0,0.0,3.0,0.3488,-1.5999999999999996,-3.4000000000000004,1.2
12,2023-2459-martin buday--shamil gaziev,2023,0,1133,1304,martin buday,Shamil Gaziev,185,265,0,-80.0,1500.0,1506.75,-6.75,0,-48.0,-44.0,3.87,-30.0,-83.0,-50.0,-25.0,-25.0,-1.0,0.0,-5.0,0.0,0.0,0.0,0.0,0.0,0.0,0.0,0.0,0.0,-0.0,-0.0,0.0
12,2023-2460-marvin vettori--roman dolidze,2023,0,368,932,Marvin Vettori,Roman Dolidze,185,185,1,0.0,1580.1355044022646,1572.5795559987782,7.555948403486354,1,4.0,8.0,-0.7999999999999994,6.0,39.0,-55.6,22.2,33.4,0.0,0.0,4.0,0.0,0.0,-20.0,-41.666666666666664,-75.0,33.333333333333336,1.0,-4.0,-0.6576,3.75,3.666666666666667,-0.4222222222222223
12,2023-2461-mateo vogel--timmy cuamba,2023,0,1343,1344,Timmy Cuamba,mateo vogel,145,185,0,-40.0,1500.0,1500.0,0.0,1,42.0,58.0,-4.3,26.0,80.0,50.0,0.0,50.0,0.0,0.0,4.0,0.0,0.0,0.0,0.0,0.0,0.0,0.0,0.0,0.0,-0.0,-0.0,0.0
12,2023-2462-mateusz gamrot--rafael fiziev,2023,0,722,915,Rafael Fiziev,Mateusz Gamrot,155,155,1,0.0,1601.8326070444289,1591.1128404920198,10.719766552409055,0,1.0,-9.0,-1.7299999999999995,36.0,0.0,5.399999999999999,-12.5,7.100000000000001,-3.0,0.0,0.0,0.0,0.0,20.0,-15.0,10.0,-25.0,0.0,4.0,0.24,0.16666666666666607,0.16666666666666607,2.666666666666667
12,2023-2463-mateusz rebecki--nick fiore,2023,0,1208,1276,Mateusz Rebecki,nick fiore,155,185,0,-30.0,1510.9970754956964,1500.0,10.997075495696436,1,46.0,55.0,-4.53,65.0,50.0,20.0,40.0,40.0,0.0,0.0,7.0,0.0,0.5,100.0,100.0,0.0,100.0,0.0,1.0,1.0,-0.0,-0.0,0.0
12,2023-2464-mateusz rebecki--roosevelt roberts,2023,0,926,1208,roosevelt roberts,Mateusz Rebecki,185,155,0,30.0,1500.0,1537.3535894576748,-37.35358945767484,0,-46.0,-55.0,4.53,-65.0,-50.0,-20.0,-40.0,-40.0,0.0,0.0,-7.0,0.0,-0.5,-100.0,-100.0,0.0,-100.0,0.0,-1.0,-1.0,-0.0,-0.0,0.0
12,2023-2465-matthew semelsberger--uros medic,2023,0,950,1055,Uros Medic,matthew semelsberger,170,185,0,-15.0,1495.251828839642,1500.0,-4.74817116035797,1,60.0,56.0,-3.5,50.0,55.0,100.0,0.0,0.0,0.0,0.0,9.0,0.0,0.5,75.0,100.0,100.0,0.0,0.0,2.0,0.904,-0.0,-0.0,0.0
12,2023-2466-mauricio ruffy--raimond magomedaliev,2023,0,1345,1346,Mauricio Ruffy,raimond magomedaliev,155,185,0,-30.0,1500.0,1500.0,0.0,1,57.0,60.0,-4.16,0.0,84.0,75.0,0.0,25.0,0.0,0.0,5.0,0.0,0.0,0.0,0.0,0.0,0.0,0.0,0.0,0.0,-0.0,-0.0,0.0
12,2023-2467-max griffin--michael morales,2023,0,410,1063,Max Griffin,Michael Morales,170,170,1,0.0,1487.542314466818,1542.0537900375216,-54.511475570703624,0,-2.0,5.0,-0.3900000000000001,-1.0,-19.0,-19.6,0.0,19.6,-2.0,0.0,11.0,0.0,0.0,-40.0,-33.333333333333336,-33.333333333333336,0.0,0.0,-4.0,-0.6255999999999999,11.0,11.0,-1.6
12,2023-2468-melquizael costa--steve garcia,2023,0,784,1243,Steve Garcia,Melquizael Costa,145,145,1,0.0,1472.9172490082365,1521.6166666666666,-48.69941765843009,1,-1.0,3.0,0.8899999999999997,2.0,30.0,87.5,-40.0,-47.5,1.0,0.0,3.0,0.0,0.5,60.0,100.0,100.0,0.0,0.0,-1.0,0.36160000000000003,-0.0,-0.0,-3.0
12,2023-2469-melquizael costa--thiago moises,2023,0,629,1243,Thiago Moises,Melquizael Costa,155,145,0,10.0,1462.1096242207373,1486.6916825103435,-24.582058289606266,1,-7.0,-1.0,-0.9900000000000002,-3.0,-6.0,22.299999999999994,-6.700000000000003,-15.600000000000001,0.0,0.0,9.0,0.0,0.5,60.0,66.66666666666667,0.0,66.66666666666667,0.0,2.0,0.8655999999999999,8.0,8.0,-0.2000000000000001
12,2023-2470-melsik baghdasaryan--tucker lutz,2023,0,891,1070,Melsik Baghdasaryan,tucker lutz,145,185,0,-40.0,1477.726828838072,1500.0,-22.273171161928076,1,59.0,56.0,-3.14,0.0,72.0,25.0,0.0,75.0,0.0,0.0,6.0,0.0,0.35,100.0,33.333333333333336,33.333333333333336,0.0,0.0,3.0,1.0,-0.0,-0.0,0.5
12,2023-2471-merab dvalishvili--petr yan,2023,0,558,667,Merab Dvalishvili,Petr Yan,135,135,1,0.0,1694.2888719041052,1636.7452169254607,57.543654978644554,1,-12.0,-2.0,1.6599999999999997,-13.0,-3.0,-28.7,7.7,20.999999999999993,0.0,1.0,0.0,0.0,0.0,60.0,-30.0,-30.0,0.0,-4.0,8.0,0.9359999999999999,-0.20000000000000107,-4.0,1.6
12,2023-2472-mike breeden--terrance mckinney,2023,0,837,963,Terrance McKinney,mike breeden,155,185,0,-30.0,1463.333479801991,1500.0,-36.66652019800904,1,56.0,47.0,-2.58,40.0,77.0,57.1,42.9,0.0,0.0,0.0,12.0,0.0,0.5,60.0,100.0,33.333333333333336,66.66666666666667,0.0,1.0,0.7343999999999999,-0.0,-0.0,0.0
12,2023-2473-mike malott--yohan lainesse,2023,0,1066,1159,Mike Malott,yohan lainesse,170,185,0,-15.0,1520.0608723016974,1500.0,20.060872301697373,1,47.0,54.0,-2.96,56.0,16.0,33.3,50.0,16.7,0.0,0.0,7.0,0.0,0.5,100.0,100.0,50.0,50.0,0.0,2.0,1.0,-0.0,-0.0,0.0
12,2023-2474-modestas bukauskas--tyson pedro,2023,0,466,856,tyson pedro,Modestas Bukauskas,185,205,0,-20.0,1500.0,1458.7380838754193,41.261916124580694,0,-43.0,-51.0,3.93,-66.0,-80.0,-42.800000000000004,-14.3,-42.9,0.0,0.0,-11.0,0.0,-0.35,-25.0,-100.0,-100.0,0.0,0.0,2.0,-0.096,-0.0,-0.0,1.0
12,2023-2475-modestas bukauskas--vitor petrino,2023,0,856,1219,Modestas Bukauskas,Vitor Petrino,205,265,0,-60.0,1472.413960054082,1538.6478635473936,-66.23390349331157,0,-2.0,4.0,-1.33,8.0,9.0,9.399999999999999,-18.999999999999996,9.600000000000001,0.0,0.0,3.0,0.0,-0.15000000000000002,-75.0,0.0,0.0,0.0,0.0,-3.0,-0.904,-0.0,-0.0,-1.0
12,2023-2476-modestas bukauskas--zac pauga,2023,0,856,1211,Modestas Bukauskas,zac pauga,205,185,0,20.0,1440.2532492015043,1500.0,-59.74675079849567,1,43.0,51.0,-3.93,66.0,80.0,42.800000000000004,14.3,42.9,0.0,0.0,11.0,0.0,0.35,25.0,100.0,100.0,0.0,0.0,-2.0,0.096,-0.0,-0.0,-1.0
12,2023-2477-mohammad yahya--trevor peek,2023,0,1202,1347,Trevor Peek,Mohammad Yahya,145,145,1,0.0,1471.4633605144522,1500.0,-28.536639485547767,1,14.0,0.0,2.51,30.0,10.0,-33.3,0.0,33.3,0.0,0.0,3.0,0.0,0.5,100.0,100.0,100.0,0.0,0.0,1.0,1.0,-0.0,-0.0,0.0
12,2023-2478-montel jackson--rani yahya,2023,0,17,631,Rani Yahya,Montel Jackson,135,135,1,0.0,1500.909442930932,1535.3628067244372,-34.453363793505105,0,-15.0,-12.0,-0.6900000000000002,-32.0,-39.0,-40.0,54.7,-14.700000000000003,-1.0,0.0,15.0,0.0,-0.15000000000000002,0.0,50.0,-25.0,75.0,0.0,-2.0,-0.07039999999999991,5.5,5.0,-2.8
12,2023-2479-muhammad mokaev--tim elliott,2023,0,140,1128,Tim Elliott,muhammad mokaev,125,185,0,-60.0,1513.9501534366048,1500.0,13.95015343660475,0,44.0,57.0,-2.65,47.0,59.0,0.0,30.0,70.0,9.0,0.0,21.0,0.0,0.5,40.0,0.0,0.0,0.0,0.0,2.0,0.84,12.4,7.800000000000001,0.4666666666666666
12,2023-2480-muhammad naimov--nathaniel wood,2023,0,612,882,Nathaniel Wood,Muhammad Naimov,145,145,1,0.0,1536.2532554851691,1495.7801278535364,40.47312763163268,0,11.0,11.0,-0.43999999999999995,12.0,5.0,-40.0,33.3,6.700000000000003,0.0,0.0,5.0,0.0,0.15000000000000002,60.0,0.0,0.0,0.0,0.0,3.0,0.8784,7.0,7.0,3.5
12,2023-2481-muin gafurov--said nurmagomedov,2023,0,694,992,Said Nurmagomedov,Muin Gafurov,135,135,1,0.0,1524.816780017553,1453.4440035196528,71.37277649790008,1,3.0,3.0,0.16000000000000014,-11.0,-7.0,28.500000000000007,42.9,-71.4,2.0,0.0,6.0,0.0,0.15000000000000002,100.0,80.0,40.0,40.0,0.0,6.0,1.0,6.5,6.5,1.3333333333333333
12,2023-2482-murtaza talha--rodolfo bellato,2023,0,1220,1348,Rodolfo Bellato,murtaza talha,205,185,0,20.0,1485.7585769733214,1500.0,-14.241423026678603,1,61.0,45.0,-6.0,36.0,100.0,100.0,0.0,0.0,0.0,0.0,4.0,0.0,0.5,0.0,0.0,0.0,0.0,0.0,-1.0,0.0,-0.0,-0.0,0.0
12,2023-2483-muslim salikhov--nicolas dalby,2023,0,330,489,Nicolas Dalby,Muslim Salikhov,170,170,1,0.0,1502.7863985631247,1531.5548918973718,-28.76849333424707,1,-6.0,-10.0,-0.77,-5.0,-14.0,-41.3,0.0,41.300000000000004,0.0,0.0,0.0,0.0,0.0,-20.0,-50.0,-50.0,0.0,0.0,2.0,0.3343999999999999,-6.0,-6.0,-2.555555555555556
12,2023-2484-myktybek orolbai--uros medic,2023,0,950,1349,Uros Medic,Myktybek Orolbai,170,155,0,15.0,1502.0248893445923,1500.0,2.0248893445923386,0,12.0,6.0,-0.41999999999999993,5.0,15.0,100.0,-66.7,-33.3,0.0,0.0,5.0,0.0,0.5,75.0,100.0,100.0,0.0,0.0,2.0,0.904,-0.0,-0.0,0.0
12,2023-2485-nassourdine imavov--sean strickland,2023,0,276,935,Sean Strickland,Nassourdine Imavov,185,185,1,0.0,1953.8654327308448,1547.6097971632084,406.2556355676363,1,-12.0,2.0,-1.4000000000000004,32.0,-5.0,-19.4,6.2,13.199999999999996,-1.0,1.0,12.0,0.0,0.0,-20.0,-50.0,-50.0,0.0,0.0,0.0,-0.09599999999999997,2.6999999999999993,4.3,0.9777777777777777
12,2023-2486-nazim sadykhov--terrance mckinney,2023,0,837,1082,Terrance McKinney,Nazim Sadykhov,155,155,1,0.0,1470.2609114253914,1510.8848668691405,-40.62395544374908,0,6.0,-3.0,3.3099999999999996,-15.0,2.0,-22.9,22.9,0.0,0.0,0.0,6.0,0.0,0.0,-40.0,0.0,-66.66666666666666,66.66666666666667,0.0,0.0,-0.26560000000000006,-0.0,-0.0,0.0
12,2023-2487-neil magny--phil rowe,2023,0,187,819,Neil Magny,Phil Rowe,170,170,1,0.0,1520.8151023611922,1501.623934615314,19.191167745878147,1,-3.0,-2.0,1.9099999999999997,3.0,-1.0,-69.6,8.7,60.9,13.0,0.0,27.0,0.0,0.0,-20.0,-66.66666666666666,-100.0,33.333333333333336,0.0,-1.0,-0.1824,7.199999999999999,8.8,2.666666666666667
12,2023-2488-nick aguirre--payton talbott,2023,0,1350,1351,Payton Talbott,nick aguirre,135,185,0,-50.0,1500.0,1500.0,0.0,1,54.0,46.0,-3.26,25.0,76.0,40.0,20.0,40.0,0.0,0.0,6.0,0.0,0.0,0.0,0.0,0.0,0.0,0.0,0.0,0.0,-0.0,-0.0,0.0
12,2023-2489-nicolas dalby--warlley alves,2023,0,320,330,warlley alves,Nicolas Dalby,185,170,0,15.0,1500.0,1524.7984905461938,-24.79849054619376,0,-43.0,-52.0,3.69,-27.0,-58.0,-14.3,0.0,-85.7,0.0,0.0,-13.0,0.0,-0.5,-60.0,0.0,0.0,0.0,0.0,-1.0,-0.7343999999999999,-0.0,-0.0,0.0
12,2023-2490-nikita krylov--ryan spann,2023,0,201,582,Nikita Krylov,Ryan Spann,205,205,1,0.0,1574.8882898693698,1582.9036555230505,-8.015365653680647,1,15.0,1.0,1.5599999999999996,4.0,1.0,6.29999999999999,-4.5,-1.8000000000000007,4.0,0.0,3.0,0.0,0.0,-20.0,-41.666666666666664,-16.666666666666664,-25.0,0.0,-4.0,-0.6,-1.200000000000001,-0.9499999999999993,-1.3333333333333335
12,2023-2491-niko price--robbie lawler,2023,0,5,393,robbie lawler,Niko Price,185,170,0,15.0,1500.0,1454.598530384918,45.40146961508208,1,-43.0,-48.0,5.55,-28.0,-50.0,-50.0,-25.0,-25.0,0.0,0.0,-17.0,0.0,-0.5,-40.0,-50.0,-50.0,0.0,0.0,2.0,-0.12160000000000003,-7.0,-7.0,0.0
12,2023-2492-nurullo aliev--rafael alves,2023,0,1147,1195,rafael alves,Nurullo Aliev,185,155,0,30.0,1500.0,1504.21875,-4.21875,0,-45.0,-58.0,1.07,-54.0,0.0,-33.3,0.0,-66.7,0.0,0.0,-3.0,0.0,-0.5,-100.0,-100.0,-100.0,0.0,0.0,-1.0,-1.0,-0.0,-0.0,0.0
12,2023-2493-nyamjargal tumendemberel--peter danesoe,2023,0,1352,1353,Nyamjargal Tumendemberel,peter danesoe,125,185,0,-60.0,1500.0,1500.0,0.0,1,39.0,52.0,-3.33,38.0,54.0,0.0,66.7,33.3,0.0,0.0,4.0,0.0,0.0,0.0,0.0,0.0,0.0,0.0,0.0,0.0,-0.0,-0.0,0.0
12,2023-2494-nyamjargal tumendemberel--top noi kiwram,2023,0,1168,1352,top noi kiwram,Nyamjargal Tumendemberel,185,125,0,60.0,1500.0,1506.75,-6.75,0,-39.0,-52.0,3.33,-38.0,-54.0,0.0,-66.7,-33.3,0.0,0.0,-4.0,0.0,0.0,0.0,0.0,0.0,0.0,0.0,0.0,0.0,-0.0,-0.0,0.0
12,2023-2495-paddy pimblett--tony ferguson,2023,0,154,1060,tony ferguson,Paddy Pimblett,185,155,0,30.0,1500.0,1530.3962224116185,-30.39622241161851,0,-53.0,-42.0,3.14,-28.0,-50.0,-28.500000000000007,-42.9,-28.6,-2.0,0.0,-7.0,0.0,-0.5,-100.0,-75.0,-25.0,-50.0,0.0,-4.0,-1.0,-0.0,-0.0,-1.0
12,2023-2496-payton talbott--reyes cortez jr,2023,0,1001,1350,reyes cortez jr,Payton Talbott,185,135,0,50.0,1500.0,1506.75,-6.75,0,-54.0,-46.0,3.26,-25.0,-76.0,-40.0,-20.0,-40.0,0.0,0.0,-6.0,0.0,0.0,0.0,0.0,0.0,0.0,0.0,0.0,0.0,-0.0,-0.0,0.0
12,2023-2497-preston parsons--trevin giles,2023,0,797,1008,trevin giles,Preston Parsons,185,170,0,15.0,1500.0,1502.6892641208592,-2.6892641208592067,1,-51.0,-54.0,3.25,-36.0,-71.0,0.0,0.0,-100.0,0.0,0.0,-6.0,0.0,-0.5,-50.0,0.0,0.0,0.0,0.0,-1.0,-0.6,-0.0,-0.0,-3.3333333333333335
12,2023-2498-punahele soriano--roman kopylov,2023,0,802,812,Punahele Soriano,Roman Kopylov,170,185,0,-15.0,1436.8679018897753,1501.763012103158,-64.89511021338262,0,3.0,-5.0,1.2000000000000002,14.0,-50.0,-16.599999999999994,0.0,16.599999999999998,0.0,0.0,0.0,0.0,0.0,26.666666666666664,-33.33333333333333,-33.33333333333333,0.0,0.0,-2.0,-0.23839999999999995,-0.0,-0.0,1.0000000000000002
12,2023-2499-rafael dos anjos--vicente luque,2023,0,34,339,Rafael Dos Anjos,Vicente Luque,170,170,1,0.0,1670.7804280919597,1591.5067268026721,79.2737012892876,0,-4.0,8.0,2.02,-16.0,-7.0,-30.900000000000006,-13.7,44.6,5.0,2.0,13.0,0.0,0.0,0.0,-66.66666666666666,-33.333333333333336,-33.333333333333336,0.0,3.0,0.5616,6.8,1.8000000000000007,1.6666666666666667
12,2023-2500-ramon taveras--serhiy sidey,2023,0,1283,1354,Ramon Taveras,Serhiy Sidey,145,135,0,10.0,1506.75,1500.0,6.75,0,5.0,3.0,-3.1500000000000004,-25.0,80.0,16.700000000000003,0.0,-16.700000000000003,0.0,0.0,0.0,0.0,0.0,0.0,0.0,0.0,0.0,0.0,0.0,0.0,-0.0,-0.0,0.0
12,2023-2501-randy brown--wellington turman,2023,0,394,813,Randy Brown,Wellington Turman,170,170,1,0.0,1491.8409273436457,1428.930831917448,62.91009542619781,1,-4.0,9.0,0.9100000000000001,19.0,31.0,28.6,-11.899999999999999,-16.700000000000003,0.0,0.0,11.0,0.0,0.0,40.0,-25.0,0.0,-25.0,0.0,3.0,0.33599999999999997,9.0,9.0,0.6333333333333334
12,2023-2502-raoni barcelos--umar nurmagomedov,2023,0,645,1075,Raoni Barcelos,Umar Nurmagomedov,135,135,1,0.0,1467.4718408380984,1513.0960919590693,-45.62425112097094,0,-5.0,0.0,-2.2500000000000004,-6.0,7.0,5.5,-11.099999999999998,5.600000000000001,-3.0,0.0,6.0,0.0,0.0,-40.0,-33.333333333333336,33.333333333333336,-66.66666666666667,0.0,-4.0,-0.696,-0.0,-0.0,0.9333333333333333
12,2023-2503-raul rosas jr--terrence mitchell,2023,0,1183,1263,Raul Rosas Jr.,terrence mitchell,135,185,0,-50.0,1488.5634652058181,1500.0,-11.436534794181853,1,44.0,50.0,-1.37,41.0,0.0,16.7,33.3,50.0,0.0,0.0,7.0,0.0,0.5,100.0,50.0,0.0,50.0,0.0,2.0,1.0,-0.0,-0.0,3.0
12,2023-2504-rei tsuruya--ronal siahaan,2023,0,1341,1355,Rei Tsuruya,ronal siahaan,125,185,0,-60.0,1514.95,1500.0,14.950000000000045,1,52.0,42.0,-2.01,37.0,50.0,25.0,25.0,50.0,0.0,1.0,5.0,0.0,0.0,0.0,0.0,0.0,0.0,0.0,0.0,0.0,-0.0,-0.0,0.0
12,2023-2505-ricky simon--song yadong,2023,0,514,549,Song Yadong,Ricky Simon,135,135,1,0.0,1621.9947433432405,1576.9949600553273,44.99978328791326,1,-1.0,-6.0,-0.2799999999999998,-5.0,-2.0,27.200000000000006,-18.200000000000003,-9.0,4.0,0.0,-1.0,0.0,0.0,-40.0,6.666666666666671,46.66666666666667,-40.0,0.0,-4.0,-0.33599999999999997,-0.40000000000000036,2.25,-0.5
12,2023-2506-rinya nakamura--toshiomi kazama,2023,1,1164,1200,Rinya Nakamura,Toshiomi Kazama,135,135,1,0.0,1534.826157225043,1477.292062571233,57.53409465381014,1,-1.0,25.0,2.84,65.0,34.0,50.0,-33.3,-16.700000000000003,0.0,1.0,2.0,0.0,0.0,0.0,100.0,50.0,50.0,0.0,1.0,0.0,-0.0,-0.0,-2.3333333333333335
12,2023-2507-rolando bedoya--song kenan,2023,0,517,1335,Song Kenan,Rolando Bedoya,170,155,0,15.0,1399.2907509978024,1468.8545488432255,-69.5637978454231,1,-3.0,-1.0,0.5599999999999996,30.0,40.0,-50.0,0.0,50.0,0.0,0.0,8.0,0.0,0.35,60.0,66.66666666666667,66.66666666666667,0.0,0.0,-1.0,0.3744,-0.0,-0.0,-1.0
12,2023-2508-rongzhu--sangwook kim,2023,0,982,1356,Rongzhu,sangwook kim,155,185,0,-30.0,1465.9940520456057,1500.0,-34.00594795439429,1,51.0,52.0,-5.44,62.0,84.0,33.3,16.7,50.0,0.0,1.0,9.0,0.0,0.5,33.333333333333336,100.0,100.0,0.0,0.0,-2.0,0.16000000000000003,-0.0,-0.0,-2.0
12,2023-2509-rongzhu--seongchan hong,2023,0,982,1357,Rongzhu,seongchan hong,155,185,0,-30.0,1481.3087035816552,1500.0,-18.69129641834479,1,51.0,52.0,-5.44,62.0,84.0,33.3,16.7,50.0,0.0,1.0,9.0,0.0,0.5,33.333333333333336,100.0,100.0,0.0,0.0,-2.0,0.16000000000000003,-0.0,-0.0,-2.0
12,2023-2510-sam patterson--yanal ashmouz,2023,0,1222,1278,Sam Patterson,Yanal Ashmouz,170,155,0,15.0,1504.21875,1463.6746170666268,40.54413293337325,0,-7.0,-1.0,0.8500000000000001,62.0,-31.0,-10.0,60.0,-50.0,0.0,0.0,2.0,0.0,0.5,100.0,100.0,0.0,100.0,0.0,1.0,1.0,-0.0,-0.0,0.0
12,2023-2511-sangwon kim--yizha,2023,0,1197,1358,Yizha,sangwon kim,145,185,0,-40.0,1482.3042158783812,1500.0,-17.69578412161877,1,45.0,47.0,-2.81,30.0,54.0,16.7,50.0,33.3,0.0,1.0,8.0,0.0,0.5,100.0,50.0,0.0,50.0,0.0,2.0,1.0,-0.0,-0.0,1.6666666666666667
12,2023-2512-sergei pavlovich--tom aspinall,2023,1,606,843,Sergei Pavlovich,Tom Aspinall,265,265,1,0.0,1862.5437709791609,1665.510062848049,197.03370813111178,0,-23.0,-10.0,-0.73,-75.0,-25.0,0.0,-25.0,25.0,2.0,-2.0,2.0,0.0,0.0,20.0,0.0,50.0,-50.0,0.0,4.0,0.24,0.40000000000000036,-0.0,0.0
12,2023-2513-shavkat rakhmonov--stephen thompson,2023,0,131,848,Stephen Thompson,Shavkat Rakhmonov,170,170,1,0.0,1591.3961358268166,1676.5286214572088,-85.13248563039224,0,-14.0,3.0,-0.8300000000000001,10.0,-22.0,35.7,-71.4,35.7,3.0,0.0,15.0,0.0,0.0,-60.0,-50.0,25.0,-75.0,0.0,-3.0,-0.36160000000000003,5.2,2.5999999999999996,0.1333333333333334
12,2023-2514-shayilan nuerdanbieke--steve garcia,2023,0,784,1050,Steve Garcia,Shayilan Nuerdanbieke,145,145,1,0.0,1479.9022458395011,1506.259407564306,-26.357161724804882,1,3.0,7.0,0.43999999999999995,5.0,60.0,54.2,0.0,-54.2,1.0,0.0,4.0,0.0,0.0,-15.0,66.66666666666666,66.66666666666666,0.0,0.0,-3.0,-0.5424,-0.0,-0.0,-3.3333333333333335
12,2023-2515-shohei nose--xiao long,2023,0,1006,1218,Xiao Long,shohei nose,135,185,0,-50.0,1481.5078125,1500.0,-18.4921875,1,46.0,50.0,-4.2,25.0,79.0,33.3,0.0,66.7,0.0,0.0,6.0,0.0,0.35,0.0,0.0,0.0,0.0,0.0,-1.0,0.0,-0.0,-0.0,-3.0
12,2023-2516-shuya kamikubo--xiao long,2023,0,1006,1245,Xiao Long,shuya kamikubo,135,185,0,-50.0,1491.134102154063,1500.0,-8.86589784593707,1,46.0,50.0,-4.2,25.0,79.0,33.3,0.0,66.7,0.0,0.0,6.0,0.0,0.35,0.0,0.0,0.0,0.0,0.0,-1.0,0.0,-0.0,-0.0,-3.0
12,2023-2517-sumudaerji--tim elliott,2023,0,140,697,Tim Elliott,Sumudaerji,125,125,1,0.0,1490.5751143875825,1502.2788482306094,-11.70373384302684,1,-8.0,-3.0,-0.2599999999999998,36.0,-12.0,-20.0,30.0,-10.0,9.0,0.0,12.0,0.0,0.0,-20.0,-33.333333333333336,-33.333333333333336,0.0,0.0,3.0,0.46559999999999996,0.40000000000000036,-4.199999999999999,-2.533333333333333
12,2023-2518-takashi sato--themba gorimbo,2023,0,741,1233,takashi sato,Themba Gorimbo,185,170,0,15.0,1500.0,1466.25,33.75,0,-61.0,-56.0,1.09,-65.0,-82.0,-25.0,0.0,-75.0,0.0,0.0,-6.0,0.0,0.0,0.0,0.0,0.0,0.0,0.0,0.0,0.0,-0.0,-0.0,0.0
12,2023-2519-tim elliott--victor altamirano,2023,0,140,1360,Tim Elliott,victor altamirano,125,185,0,-60.0,1546.3910689237139,1500.0,46.391068923713874,1,44.0,57.0,-2.65,47.0,59.0,0.0,30.0,70.0,9.0,0.0,21.0,0.0,0.5,40.0,0.0,0.0,0.0,0.0,2.0,0.84,12.4,7.800000000000001,0.4666666666666666
12,2023-2520-tony gravely--victor henry,2023,0,1182,1217,tony gravely,Victor Henry,185,135,0,50.0,1500.0,1487.6252643514626,12.374735648537353,0,-53.0,-48.0,5.19,-42.0,-81.0,-25.0,0.0,-75.0,0.0,0.0,-6.0,0.0,-0.5,-50.0,0.0,0.0,0.0,0.0,-1.0,-0.6,-0.0,-0.0,0.0
12,2023-2521-torrez finney--yuri panferov,2023,0,1361,1362,Torrez Finney,yuri panferov,185,185,1,0.0,1500.0,1500.0,0.0,1,68.0,48.0,-1.74,60.0,0.0,25.0,25.0,50.0,0.0,0.0,4.0,0.0,0.0,0.0,0.0,0.0,0.0,0.0,0.0,0.0,-0.0,-0.0,0.0
12,2023-2522-victor madrigal--vinicius oliveira,2023,0,1363,1364,Vinicius Oliveira,victor madrigal,135,185,0,-50.0,1500.0,1500.0,0.0,1,43.0,57.0,-2.89,50.0,80.0,40.0,0.0,60.0,1.0,0.0,5.0,0.0,0.0,0.0,0.0,0.0,0.0,0.0,0.0,0.0,-0.0,-0.0,0.0
12,2023-2523-william gomis--yanis ghemmouri,2023,0,1179,1365,William Gomis,yanis ghemmouri,145,185,0,-40.0,1514.6773510483954,1500.0,14.677351048395394,1,49.0,61.0,-2.76,38.0,72.0,20.0,0.0,80.0,0.0,0.0,6.0,0.0,0.5,100.0,0.0,0.0,0.0,0.0,1.0,1.0,-0.0,-0.0,0.6666666666666666
12,2023-2524-wuziazibieke jiahefu--yizha,2023,0,1197,1366,Yizha,wuziazibieke jiahefu,145,185,0,-40.0,1492.380801183168,1500.0,-7.619198816832068,1,45.0,47.0,-2.81,30.0,54.0,16.7,50.0,33.3,0.0,1.0,8.0,0.0,0.5,100.0,50.0,0.0,50.0,0.0,2.0,1.0,-0.0,-0.0,1.6666666666666667
12,2024-2525-aaron tau--elijah smith,2024,0,1367,1368,Elijah Smith,aaron tau,135,185,0,-50.0,1500.0,1500.0,0.0,1,47.0,47.0,-3.4,53.0,57.0,33.3,0.0,66.7,0.0,0.0,3.0,0.0,0.0,0.0,0.0,0.0,0.0,0.0,0.0,0.0,-0.0,-0.0,0.0
12,2024-2526-abdellah erramy--torrez finney,2024,0,1361,1369,Torrez Finney,abdellah erramy,185,185,1,0.0,1505.0625,1500.0,5.0625,1,68.0,48.0,-1.74,60.0,0.0,25.0,25.0,50.0,0.0,0.0,4.0,0.0,0.75,100.0,100.0,0.0,100.0,0.0,1.0,1.0,-0.0,-0.0,0.0
12,2024-2527-abdulkareem alselwady--loik radzhabov,2024,0,1228,1297,Abdul-Kareem Al-Selwady,Loik Radzhabov,155,155,1,0.0,1514.9625,1482.1196572720569,32.84284272794321,0,-10.0,13.0,0.1599999999999997,-27.0,-22.0,-50.0,0.0,50.0,0.0,0.0,-2.0,0.0,0.0,50.0,0.0,0.0,0.0,0.0,0.0,0.4,-0.0,-0.0,2.0
12,2024-2528-abus magomedov--brunno ferreira,2024,0,1079,1117,Abus Magomedov,Brunno Ferreira,185,185,1,0.0,1467.8189391499077,1482.6619959086406,-14.843056758732928,1,-2.0,5.0,-0.3400000000000003,29.0,43.0,-41.7,-8.299999999999997,50.0,1.0,0.0,-2.0,0.0,0.0,-33.333333333333336,0.0,0.0,0.0,0.0,-3.0,-0.6,13.0,13.0,-1.6666666666666667
12,2024-2529-abus magomedov--warlley alves,2024,0,320,1079,warlley alves,Abus Magomedov,185,185,1,0.0,1500.0,1476.5360019240688,23.46399807593116,0,-48.0,-56.0,3.68,-57.0,-100.0,-25.0,-25.0,-50.0,-1.0,0.0,-6.0,0.0,-0.75,-33.333333333333336,-100.0,-100.0,0.0,0.0,2.0,-0.16000000000000003,-13.0,-13.0,1.6666666666666667
12,2024-2530-adam bramhald--malcolm wellmaker,2024,0,1370,1371,Malcolm Wellmaker,adam bramhald,135,185,0,-50.0,1500.0,1500.0,0.0,1,62.0,60.0,-4.8,0.0,100.0,100.0,0.0,0.0,0.0,0.0,3.0,0.0,0.0,0.0,0.0,0.0,0.0,0.0,0.0,0.0,-0.0,-0.0,0.0
12,2024-2531-adam fugitt--josh quinlan,2024,0,1080,1323,Adam Fugitt,josh quinlan,170,185,0,-15.0,1464.7316563700024,1500.0,-35.26834362999762,1,46.0,51.0,-4.54,25.0,50.0,50.0,0.0,50.0,0.0,0.0,5.0,0.0,0.75,33.333333333333336,100.0,100.0,0.0,0.0,1.0,0.6,-0.0,-0.0,0.0
12,2024-2532-adrian yanez--daniel marcos,2024,0,840,1115,Adrian Yanez,Daniel Marcos,135,135,1,0.0,1507.8954139283085,1527.4901195169646,-19.594705588656097,0,-12.0,-7.0,-1.87,-46.0,-3.0,65.7,0.0,-65.7,0.0,0.0,4.0,0.0,0.0,-40.0,66.66666666666666,66.66666666666666,0.0,0.0,-5.0,-0.84,10.5,10.5,-0.33333333333333326
12,2024-2533-adrian yanez--vinicius salvador,2024,0,840,1372,Adrian Yanez,vinicius salvador,135,185,0,-50.0,1448.6583299545314,1500.0,-51.34167004546862,1,41.0,54.0,-5.75,0.0,81.0,85.7,0.0,14.3,0.0,0.0,10.0,0.0,0.75,60.0,100.0,100.0,0.0,0.0,-2.0,0.16000000000000003,10.5,10.5,1.6666666666666667
12,2024-2534-aiemann zahabi--javid basharat,2024,0,482,1040,Aiemann Zahabi,Javid Basharat,135,135,1,0.0,1511.1044423856197,1537.8156352745414,-26.711192888921687,1,-7.0,8.0,-1.17,-26.0,0.0,28.6,-25.0,-3.5999999999999943,1.0,0.0,3.0,0.0,0.0,-20.0,25.0,50.0,-25.0,0.0,-1.0,-0.03839999999999999,-0.0,-0.0,-1.3333333333333335
12,2024-2535-aiemann zahabi--pedro munhoz,2024,0,281,482,Pedro Munhoz,Aiemann Zahabi,135,135,1,0.0,1549.2785703688733,1535.5393420877272,13.739228281146097,0,-5.0,-14.0,-2.16,2.0,-1.0,1.3999999999999986,30.0,-31.400000000000006,7.0,0.0,11.0,0.0,0.0,-40.0,-50.0,-50.0,0.0,0.0,-2.0,-0.26560000000000006,10.6,11.6,-0.7555555555555555
12,2024-2536-aj cunningham--ludovit klein,2024,0,943,1231,Ludovit Klein,AJ Cunningham,155,135,0,20.0,1511.5828449168714,1474.7433134255823,36.83953149128911,1,23.0,4.0,2.9699999999999998,51.0,30.0,-71.4,0.0,71.4,0.0,0.0,8.0,0.0,0.0,60.0,0.0,0.0,0.0,0.0,4.0,0.9359999999999999,-0.0,-0.0,1.1666666666666667
12,2024-2537-aj dobson--edmen shahbazyan,2024,0,619,1084,Edmen Shahbazyan,aj dobson,185,185,1,0.0,1468.5396347677556,1500.0,-31.460365232244385,1,48.0,48.0,-3.62,37.0,66.0,66.7,11.1,22.2,1.0,0.0,14.0,0.0,0.75,20.0,100.0,100.0,0.0,0.0,-1.0,0.24,10.75,11.333333333333334,-0.5
12,2024-2538-alatengheili--kleydson rodrigues,2024,0,715,1298,Alatengheili,kleydson rodrigues,135,185,0,-50.0,1483.8504485739104,1500.0,-16.1495514260896,1,32.0,57.0,-5.12,43.0,75.0,20.0,0.0,80.0,1.0,0.0,9.0,0.0,0.75,60.0,33.333333333333336,33.333333333333336,0.0,0.0,-1.0,0.36160000000000003,6.0,5.0,-0.2
12,2024-2539-aleksandar rakic--jiri prochazka,2024,0,485,927,Aleksandar Rakic,Jiri Prochazka,205,205,1,0.0,1566.7439387427225,1681.126045971497,-114.38210722877443,0,-5.0,8.0,2.79,-37.0,17.0,-46.7,-20.0,66.7,-1.0,-1.0,3.0,0.0,-0.25,-15.0,-66.66666666666666,-33.333333333333336,-33.333333333333336,-2.0,0.0,-0.02560000000000001,-1.0666666666666673,-1.0666666666666673,2.5333333333333337
12,2024-2540-aleksandar rakic--magomed ankalaev,2024,0,485,699,Aleksandar Rakic,Magomed Ankalaev,205,205,1,0.0,1556.8760199952217,1670.614655374352,-113.7386353791303,0,-2.0,-6.0,-0.4500000000000002,1.0,-2.0,-16.700000000000003,0.0,16.700000000000003,-4.0,-1.0,-4.0,0.0,0.0,-40.0,-6.666666666666664,-6.666666666666664,0.0,0.0,-6.0,-0.6255999999999999,2.0,1.0999999999999996,0.5333333333333337
12,2024-2541-alessandro costa--kevin borjas,2024,0,1086,1325,Alessandro Costa,Kevin Borjas,125,125,1,0.0,1484.239106913884,1485.3093593002068,-1.0702523863228635,1,3.0,8.0,2.24,12.0,19.0,66.7,0.0,-66.7,0.0,0.0,0.0,0.0,0.0,0.0,50.0,50.0,0.0,0.0,0.0,0.09599999999999997,9.0,9.0,0.33333333333333337
12,2024-2542-alex caceres--sean woodson,2024,0,86,816,Alex Caceres,Sean Woodson,145,145,1,0.0,1515.166317966428,1521.3052731431633,-6.13895517673518,0,3.0,4.0,1.0899999999999999,13.0,-20.0,-25.0,25.0,0.0,1.0,0.0,18.0,0.0,0.0,-20.0,-16.666666666666664,-16.666666666666664,0.0,0.0,-2.0,-0.2976,10.4,8.0,-1.977777777777778
12,2024-2543-alex morono--court mcgee,2024,0,67,371,Court McGee,Alex Morono,170,170,1,0.0,1449.5307950393608,1494.4268360239582,-44.89604098459745,0,-4.0,4.0,1.1300000000000003,0.0,23.0,-15.4,11.9,3.5,-1.0,1.0,2.0,0.0,0.0,-20.0,-66.66666666666667,-33.333333333333336,-33.333333333333336,0.0,-2.0,-0.44320000000000004,-6.5,-5.0,-1.5999999999999999
12,2024-2544-alex morono--daniel rodriguez,2024,0,371,776,Alex Morono,Daniel Rodriguez,170,170,1,0.0,1505.388001387154,1514.59196052517,-9.203959138015989,0,-9.0,-1.0,0.6200000000000001,-26.0,-17.0,-11.9,6.300000000000001,5.600000000000001,-2.0,0.0,7.0,0.0,0.0,0.0,33.333333333333336,0.0,33.333333333333336,0.0,2.0,0.41759999999999997,-0.25,-1.0,0.13333333333333308
12,2024-2545-alex morono--niko price,2024,0,371,393,Alex Morono,Niko Price,170,170,1,0.0,1471.8614679726093,1421.8664632922612,49.995004680348075,0,-3.0,8.0,0.7699999999999996,-4.0,-3.0,-34.6,-9.6,44.2,1.0,0.0,5.0,0.0,0.0,40.0,66.66666666666667,33.333333333333336,33.333333333333336,0.0,4.0,0.6832,-0.5,-2.0,1.4666666666666666
12,2024-2546-alex pereira--jamahal hill,2024,1,723,962,Jamahal Hill,Alex Pereira,205,205,1,0.0,1698.1182996829525,1909.1650098983528,-211.04671021540025,0,-11.0,-9.0,-0.5300000000000002,-50.0,-5.0,-6.3999999999999915,0.0,6.400000000000002,-1.0,-4.0,0.0,0.0,0.0,0.0,25.0,25.0,0.0,-1.0,4.0,0.5616,-9.35,-6.75,1.5
12,2024-2547-alex pereira--jiri prochazka,2024,1,927,962,Jiri Prochazka,Alex Pereira,205,205,1,0.0,1806.5733808535203,2110.466617737415,-303.8932368838948,0,-7.0,-10.0,-2.2,10.0,-10.0,2.200000000000003,20.0,-22.2,-2.0,-4.0,-4.0,0.0,0.0,-5.0,50.0,16.66666666666667,33.333333333333336,0.0,0.0,0.0,-2.083333333333333,-2.083333333333333,-2.0
12,2024-2548-alex pereira--khalil rountree jr,2024,1,384,962,Khalil Rountree Jr.,Alex Pereira,205,205,1,0.0,1612.8502650661949,2309.4782173185495,-696.6279522523546,0,-22.0,-4.0,-0.7400000000000002,-50.0,-20.0,-7.799999999999997,0.0,7.800000000000001,-2.0,-5.0,5.0,0.0,0.0,0.0,25.0,25.0,0.0,-2.0,5.0,0.5743999999999999,-9.416666666666666,-9.416666666666666,-2.166666666666667
12,2024-2549-alex perez--matheus nicolau,2024,0,491,1061,Alex Perez,matheus nicolau,125,185,0,-60.0,1549.7258823059262,1500.0,49.725882305926234,1,46.0,58.0,-3.2,46.0,77.0,37.5,37.5,25.0,4.0,0.0,13.0,0.0,0.5,60.0,66.66666666666667,33.333333333333336,33.333333333333336,1.0,-1.0,0.36160000000000003,14.2,13.5,3.0
12,2024-2550-alex perez--muhammad mokaev,2024,0,491,1128,Alex Perez,muhammad mokaev,125,185,0,-60.0,1681.157897381257,1500.0,181.15789738125704,0,46.0,58.0,-3.2,46.0,77.0,37.5,37.5,25.0,4.0,0.0,13.0,0.0,0.5,60.0,66.66666666666667,33.333333333333336,33.333333333333336,1.0,-1.0,0.36160000000000003,14.2,13.5,3.0
12,2024-2551-alex perez--tatsuro taira,2024,0,491,1125,Alex Perez,Tatsuro Taira,125,125,1,0.0,1656.4377710354515,1562.3182046406307,94.11956639482082,0,-14.0,11.0,-0.6600000000000001,-2.0,32.0,8.999999999999993,-5.399999999999999,-3.6000000000000014,2.0,0.0,5.0,0.0,-0.25,-40.0,6.666666666666671,13.333333333333336,-6.666666666666664,1.0,-6.0,-0.6384,14.2,13.5,0.33333333333333304
12,2024-2552-alex reyes--tom nolan,2024,0,495,1251,Alex Reyes,Tom Nolan,155,155,1,0.0,1471.6122860827345,1505.0625,-33.4502139172655,0,1.0,2.0,-2.0700000000000003,16.0,-66.0,50.0,0.0,-50.0,0.0,0.0,-2.0,0.0,0.0,-100.0,-100.0,-100.0,0.0,0.0,-3.0,-1.0,-0.0,-0.0,0.0
12,2024-2553-alexander hernandez--austin hubbard,2024,0,602,739,Alexander Hernandez,Austin Hubbard,155,155,1,0.0,1410.043403189156,1446.510649169664,-36.467245980508096,1,-2.0,3.0,-0.5,8.0,5.0,19.4,0.0,-19.4,3.0,0.0,4.0,0.0,0.0,-20.0,-50.0,-50.0,0.0,0.0,2.0,0.3344,6.800000000000001,-0.0,1.2
12,2024-2554-alexander hernandez--damon jackson,2024,0,602,885,Alexander Hernandez,damon jackson,155,185,0,-30.0,1424.49493617175,1500.0,-75.50506382825006,0,40.0,58.0,-4.6,36.0,73.0,44.4,0.0,55.6,3.0,0.0,16.0,0.0,0.75,20.0,0.0,0.0,0.0,0.0,1.0,0.6,6.800000000000001,-0.0,0.20000000000000004
12,2024-2555-alexander volkanovski--ilia topuria,2024,1,375,884,Alexander Volkanovski,Ilia Topuria,145,155,0,-10.0,1953.3140744001284,1674.3508787126607,278.96319568746776,0,8.0,-6.0,0.4700000000000002,-27.0,-23.0,-31.0,-11.1,42.099999999999994,4.0,4.0,8.0,0.0,0.0,-40.0,6.666666666666671,26.66666666666667,-20.0,5.0,-6.0,-0.696,5.866666666666666,7.666666666666666,-1.1
12,2024-2556-alexander volkov--ciryl gane,2024,0,377,761,Alexander Volkov,Ciryl Gane,265,265,1,0.0,1696.6859722256809,1761.8374106302408,-65.15143840455994,0,-4.0,-7.0,-0.7600000000000002,41.0,29.0,10.0,-11.7,1.7000000000000028,5.0,-1.0,5.0,0.0,0.0,20.0,33.33333333333333,8.333333333333329,25.0,-2.0,3.0,0.6,-3.5999999999999996,-5.050000000000001,-2.5166666666666666
12,2024-2557-alexander volkov--sergei pavlovich,2024,0,377,606,Alexander Volkov,Sergei Pavlovich,265,265,1,0.0,1685.1023890976262,1762.0341243809721,-76.93173528334592,1,13.0,-1.0,0.6299999999999999,41.0,-3.0,-25.0,8.3,16.700000000000003,5.0,0.0,6.0,0.0,0.0,0.0,0.0,-25.0,25.0,-1.0,1.0,0.14400000000000002,-0.20000000000000018,-3.4000000000000004,0.4000000000000001
12,2024-2558-alexandr romanov--jailton almeida,2024,0,1033,1088,Jailton Almeida,alexandr romanov,205,185,0,20.0,1696.8483697332301,1500.0,196.84836973323013,1,65.0,41.0,-0.89,60.0,60.0,33.3,55.6,11.1,5.0,0.0,10.0,0.0,0.75,100.0,80.0,40.0,40.0,0.0,5.0,1.0,8.666666666666666,8.666666666666666,5.666666666666667
12,2024-2559-alexandre pantoja--kai asakura,2024,1,498,1373,Alexandre Pantoja,Kai Asakura,125,125,1,0.0,1913.0852245823153,1500.0,413.0852245823153,1,18.0,-3.0,-0.3500000000000001,47.0,19.0,-85.8,42.9,42.9,11.0,5.0,15.0,0.0,0.75,100.0,40.0,0.0,40.0,2.0,5.0,1.0,10.4,15.25,0.7333333333333333
12,2024-2560-alexandre pantoja--steve erceg,2024,1,498,1234,Alexandre Pantoja,Steve Erceg,125,125,1,0.0,2051.0852245823153,1559.7899684080726,491.2952561742427,1,5.0,-3.0,-0.08999999999999986,20.0,7.0,-10.799999999999994,42.9,-32.1,7.0,5.0,10.0,0.0,0.0,0.0,40.0,0.0,40.0,2.0,3.0,0.0,2.4000000000000004,7.25,-0.6000000000000002
12,2024-2561-aljamain sterling--calvin kattar,2024,0,212,506,Aljamain Sterling,Calvin Kattar,145,145,1,0.0,1867.3654241798688,1555.504184411858,311.8612397680108,1,15.0,5.0,4.34,1.0,-33.0,-45.3,23.5,15.899999999999999,9.0,4.0,7.0,0.0,0.25,40.0,-25.0,-25.0,0.0,5.0,0.0,0.13440000000000007,1.3999999999999995,4.133333333333333,2.5333333333333337
12,2024-2562-aljamain sterling--movsar evloev,2024,0,212,793,Aljamain Sterling,Movsar Evloev,145,145,1,0.0,1942.0140595007417,1626.0648175542187,315.949241946523,0,4.0,-1.0,0.4500000000000002,-18.0,-17.0,11.8,23.5,-41.2,8.0,4.0,13.0,0.0,0.0,-20.0,25.0,25.0,0.0,5.0,-4.0,-0.24,4.466666666666666,10.0,0.1333333333333333
12,2024-2563-alonzo menifield--azamat murzakanov,2024,0,504,976,Alonzo Menifield,Azamat Murzakanov,205,205,1,0.0,1546.6722153958394,1543.6115787583135,3.0606366375259313,0,-4.0,-11.0,-0.8999999999999999,16.0,-5.0,-33.3,16.7,16.599999999999998,1.0,0.0,12.0,0.0,0.0,0.0,5.0,-35.0,40.0,0.0,1.0,0.0,-1.5,-1.5,-0.6666666666666667
12,2024-2564-alonzo menifield--carlos ulberg,2024,0,504,867,Alonzo Menifield,Carlos Ulberg,205,205,1,0.0,1510.7378958598915,1546.308010114107,-35.57011425421547,0,-2.0,-1.0,0.4500000000000002,-29.0,-7.0,-5.600000000000001,5.6,0.0,4.0,0.0,8.0,0.0,0.0,0.0,0.0,-20.0,20.0,0.0,0.0,0.0,5.5,5.5,-2.6666666666666665
12,2024-2565-amir albazi--brandon moreno,2024,0,390,853,Brandon Moreno,Amir Albazi,125,125,1,0.0,1927.844538413182,1658.1755085412133,269.66902987196863,1,10.0,-1.0,0.08999999999999986,12.0,14.0,7.200000000000006,-12.7,5.5,5.0,3.0,12.0,0.0,0.0,-40.0,40.0,46.66666666666667,-6.666666666666664,5.0,-4.0,-0.33599999999999997,-0.34999999999999964,7.583333333333333,-1.5333333333333334
12,2024-2566-an tuan ho--loneer kavanagh,2024,0,1374,1375,Lone'er Kavanagh,an tuan ho,125,185,0,-60.0,1500.0,1500.0,0.0,1,49.0,58.0,-3.69,50.0,88.0,33.3,0.0,66.7,0.0,0.0,4.0,0.0,0.0,0.0,0.0,0.0,0.0,0.0,0.0,0.0,-0.0,-0.0,0.0
12,2024-2567-andre fili--cub swanson,2024,0,18,159,Cub Swanson,Andre Fili,145,145,1,0.0,1496.9655728975963,1461.4224241465345,35.543148751061835,0,14.0,8.0,0.23000000000000043,5.0,-8.0,4.199999999999999,10.0,-14.200000000000003,5.0,0.0,9.0,0.0,0.0,20.0,16.66666666666667,16.66666666666667,0.0,0.0,2.0,0.38560000000000005,5.8,6.0,0.9333333333333333
12,2024-2568-andre fili--dan ige,2024,0,159,535,Andre Fili,Dan Ige,145,145,1,0.0,1472.4464040542575,1523.3443923745294,-50.89798832027191,0,-8.0,-5.0,-0.6700000000000004,20.0,15.0,-10.799999999999994,-16.7,27.5,-4.0,0.0,3.0,0.0,0.0,-20.0,-16.66666666666667,-16.66666666666667,0.0,0.0,-3.0,-0.5871999999999999,-5.6,-8.4,1.0
12,2024-2569-andre lima--felipe dos santos,2024,0,1235,1299,Andre Lima,felipe dos santos,125,185,0,-60.0,1514.9625,1500.0,14.962500000000091,1,60.0,57.0,-2.49,75.0,75.0,0.0,20.0,60.0,0.0,0.0,5.0,0.0,0.75,100.0,0.0,0.0,0.0,0.0,1.0,1.0,-0.0,-0.0,3.0
12,2024-2570-andre lima--igor severino,2024,0,1235,1376,Andre Lima,igor severino,125,185,0,-60.0,1529.4631135772981,1500.0,29.463113577298145,1,60.0,57.0,-2.49,75.0,75.0,0.0,20.0,60.0,0.0,0.0,5.0,0.0,0.75,100.0,0.0,0.0,0.0,0.0,1.0,1.0,-0.0,-0.0,3.0
12,2024-2571-andre lima--mitch raposo,2024,0,1036,1235,Mitch Raposo,Andre Lima,125,125,1,0.0,1489.716796875,1539.2516161722133,-49.53481929721329,0,-27.0,-2.0,-0.71,-38.0,-25.0,100.0,-20.0,-60.0,0.0,0.0,-2.0,0.0,-0.4,-100.0,0.0,0.0,0.0,0.0,-2.0,-1.0,-0.0,-0.0,-3.0
12,2024-2572-andre petroski--dylan budka,2024,0,968,1377,Andre Petroski,dylan budka,185,185,1,0.0,1514.3149623263803,1500.0,14.314962326380282,1,49.0,52.0,-2.75,51.0,86.0,12.5,25.0,62.5,0.0,0.0,11.0,0.0,0.75,80.0,50.0,25.0,25.0,0.0,1.0,0.76,-0.0,-0.0,1.6666666666666667
12,2024-2573-andre petroski--jacob malkoun,2024,0,921,968,Jacob Malkoun,Andre Petroski,185,185,1,0.0,1482.4630418451834,1535.4204295822037,-52.957387737020326,1,7.0,0.0,0.27,-9.0,-66.0,12.5,-25.0,12.5,0.0,0.0,-4.0,0.0,0.0,-20.0,-50.0,-25.0,-25.0,0.0,-2.0,-0.45599999999999996,-0.0,-0.0,-0.16666666666666674
12,2024-2574-andre petroski--josh fremd,2024,0,968,1100,Andre Petroski,josh fremd,185,185,1,0.0,1490.6647216945794,1500.0,-9.335278305420616,1,49.0,52.0,-2.75,51.0,86.0,12.5,25.0,62.5,0.0,0.0,11.0,0.0,0.75,80.0,50.0,25.0,25.0,0.0,1.0,0.76,-0.0,-0.0,1.6666666666666667
12,2024-2575-andreas gustafsson--pat pytlik,2024,0,1378,1379,Andreas Gustafsson,pat pytlik,170,185,0,-15.0,1500.0,1500.0,0.0,1,71.0,45.0,-3.63,58.0,100.0,50.0,0.0,50.0,0.0,0.0,3.0,0.0,0.0,0.0,0.0,0.0,0.0,0.0,0.0,0.0,-0.0,-0.0,0.0
12,2024-2576-andrei arlovski--waldo cortesacosta,2024,0,507,1131,andrei arlovski,Waldo Cortes-Acosta,185,265,0,-80.0,1500.0,1510.6138303251469,-10.613830325146864,0,-48.0,-55.0,3.51,-50.0,-71.0,-37.5,0.0,-62.5,-2.0,0.0,-10.0,0.0,-0.75,-80.0,-50.0,-50.0,0.0,0.0,1.0,-0.4,-0.0,-0.0,-0.7777777777777778
12,2024-2577-andrey pulyaev--liam anderson,2024,0,1380,1381,Andrey Pulyaev,liam anderson,185,185,1,0.0,1500.0,1500.0,0.0,1,60.0,48.0,-3.51,16.0,64.0,50.0,0.0,50.0,0.0,0.0,3.0,0.0,0.0,0.0,0.0,0.0,0.0,0.0,0.0,0.0,-0.0,-0.0,0.0
12,2024-2578-angad bisht--donghun choi,2024,0,1382,1383,DongHun Choi,angad bisht,125,185,0,-60.0,1500.0,1500.0,0.0,1,66.0,58.0,-3.13,14.0,81.0,33.3,0.0,66.7,0.0,0.0,3.0,0.0,0.0,0.0,0.0,0.0,0.0,0.0,0.0,0.0,-0.0,-0.0,0.0
12,2024-2579-ange loosa--gabriel bonfim,2024,0,972,1160,ange loosa,Gabriel Bonfim,185,170,0,15.0,1500.0,1487.772699140159,12.22730085984108,0,-45.0,-63.0,3.53,-55.0,-76.0,0.0,-66.7,-33.3,-1.0,0.0,-7.0,0.0,-0.75,-75.0,-100.0,0.0,-100.0,0.0,-2.0,-0.904,-0.0,-0.0,0.0
12,2024-2580-angel pacheco--caolan loughran,2024,0,1238,1384,Angel Pacheco,caolan loughran,135,185,0,-50.0,1470.1875,1500.0,-29.8125,0,39.0,41.0,-11.47,0.0,28.0,100.0,0.0,0.0,0.0,0.0,2.0,0.0,0.75,0.0,0.0,0.0,0.0,0.0,-1.0,0.0,-0.0,-0.0,-3.0
12,2024-2581-anthony hernandez--michel pereira,2024,0,731,779,Anthony Hernandez,Michel Pereira,185,185,1,0.0,1520.773612052672,1552.6494052508556,-31.8757931981836,1,10.0,-2.0,1.8199999999999998,-4.0,-8.0,-0.09999999999999432,22.300000000000004,-22.2,3.0,0.0,-3.0,0.0,0.0,0.0,50.0,0.0,50.0,0.0,0.0,0.0,-6.0,-6.0,1.7333333333333334
12,2024-2582-anthony hernandez--roman kopylov,2024,0,731,812,Anthony Hernandez,Roman Kopylov,185,185,1,0.0,1584.2939842674093,1515.8087007638028,68.48528350360652,1,12.0,-4.0,2.5500000000000003,6.0,-19.0,-61.099999999999994,55.6,5.5,4.0,0.0,1.0,0.0,0.0,0.0,-25.0,-75.0,50.0,0.0,0.0,0.0,-0.0,-0.0,4.666666666666667
12,2024-2583-anthony smith--dominick reyes,2024,0,546,618,Dominick Reyes,anthony smith,205,185,0,20.0,1485.3563770346561,1500.0,-14.643622965343866,1,54.0,50.0,-3.54,28.0,82.0,66.7,11.1,22.2,6.0,0.0,13.0,0.0,0.5,20.0,0.0,0.0,0.0,2.0,-4.0,0.025600000000000008,14.2,13.5,0.7777777777777777
12,2024-2584-anthony smith--roman dolidze,2024,0,618,932,anthony smith,Roman Dolidze,185,185,1,0.0,1500.0,1541.8362062055637,-41.83620620556371,0,-41.0,-48.0,3.72,-39.0,-26.0,-55.6,0.0,-44.4,-4.0,0.0,-13.0,0.0,-0.75,-60.0,-100.0,-100.0,0.0,0.0,1.0,-0.3744,-14.0,-14.0,-0.5
12,2024-2585-anthony smith--vitor petrino,2024,0,618,1219,anthony smith,Vitor Petrino,185,265,0,-80.0,1500.0,1543.4582175442054,-43.458217544205354,1,-45.0,-47.0,2.6,-58.0,-71.0,-33.400000000000006,-33.3,-33.3,0.0,0.0,-8.0,0.0,-0.75,-100.0,-75.0,-50.0,-25.0,0.0,-4.0,-1.0,-0.0,-0.0,-3.3333333333333335
12,2024-2586-anton turkalj--ibo aslan,2024,0,1101,1307,anton turkalj,Ibo Aslan,185,205,0,-20.0,1500.0,1505.0625,-5.0625,0,-47.0,-59.0,3.47,0.0,-86.0,-100.0,0.0,0.0,0.0,0.0,-5.0,0.0,-0.75,-100.0,-100.0,-100.0,0.0,0.0,-1.0,-1.0,-0.0,-0.0,0.0
12,2024-2587-antonio monteiro--yadier del valle,2024,0,1513,1514,Yadier del Valle,antonio monteiro,145,185,0,-40.0,1500.0,1500.0,0.0,1,67.0,52.0,-3.46,42.0,66.0,0.0,50.0,50.0,0.0,0.0,2.0,0.0,0.0,0.0,0.0,0.0,0.0,0.0,0.0,0.0,-0.0,-0.0,0.0
12,2024-2588-antonio trocoli--shara magomedov,2024,0,1260,1385,Shara Magomedov,Antonio Trocoli,185,185,1,0.0,1514.9625,1500.0,14.962500000000091,1,12.0,20.0,1.94,-11.0,21.0,-60.0,0.0,60.0,0.0,0.0,4.0,0.0,0.75,100.0,0.0,0.0,0.0,0.0,1.0,1.0,-0.0,-0.0,3.0
12,2024-2589-antonio trocoli--tresean gore,2024,0,1119,1385,Tresean Gore,Antonio Trocoli,185,185,1,0.0,1472.7447293836367,1457.3390134948736,15.405715888763098,1,-8.0,17.0,-1.6900000000000004,64.0,38.0,-100.0,100.0,0.0,0.0,0.0,4.0,0.0,0.5,33.333333333333336,100.0,0.0,100.0,0.0,-2.0,0.16000000000000003,-0.0,-0.0,-1.0
12,2024-2590-aoriqileng--raul rosas jr,2024,0,973,1183,Aoriqileng,Raul Rosas Jr.,135,135,1,0.0,1471.2430994023275,1496.5267444335536,-25.283645031226115,0,5.0,-2.0,-4.09,5.0,58.0,16.599999999999998,-33.3,16.700000000000003,0.0,0.0,0.0,0.0,0.0,-15.0,-33.333333333333336,0.0,-33.333333333333336,0.0,0.0,-0.02560000000000001,-0.0,-0.0,-1.0833333333333333
12,2024-2591-arman tsarukyan--charles oliveira,2024,0,63,733,Charles Oliveira,Arman Tsarukyan,155,155,1,0.0,1828.2072480634704,1712.80897670181,115.39827136166036,0,7.0,-5.0,-1.4199999999999997,2.0,-19.0,-27.0,69.6,-42.6,7.0,2.0,23.0,0.0,0.0,0.0,25.0,-25.0,50.0,3.0,-1.0,-0.057599999999999985,4.6000000000000005,7.000000000000001,0.044444444444444065
12,2024-2592-armen petrosyan--rodolfo vieira,2024,0,833,1105,Rodolfo Vieira,armen petrosyan,185,185,1,0.0,1484.858452386997,1500.0,-15.141547613003013,1,55.0,51.0,-4.12,23.0,100.0,0.0,83.3,16.7,0.0,0.0,9.0,0.0,0.75,60.0,100.0,0.0,100.0,0.0,1.0,0.664,-0.0,-0.0,-1.0
12,2024-2593-armen petrosyan--shara magomedov,2024,0,1105,1260,armen petrosyan,Shara Magomedov,185,185,1,0.0,1500.0,1523.4946973010253,-23.494697301025326,0,-62.0,-43.0,3.85,0.0,-71.0,-40.0,0.0,-60.0,0.0,0.0,-6.0,0.0,-0.75,-100.0,0.0,0.0,0.0,0.0,-1.0,-1.0,-0.0,-0.0,-3.0
12,2024-2594-arnold allen--giga chikadze,2024,0,297,627,Arnold Allen,Giga Chikadze,145,145,1,0.0,1664.2312190980335,1567.9354878667955,96.29573123123805,1,-1.0,1.0,0.6000000000000001,14.0,10.0,-19.3,18.2,1.1000000000000014,1.0,0.0,1.0,0.0,0.0,0.0,0.0,0.0,0.0,0.0,-2.0,-0.36,4.5,4.5,0.19999999999999996
12,2024-2595-arnold allen--movsar evloev,2024,0,297,793,Arnold Allen,Movsar Evloev,145,145,1,0.0,1724.3310615188611,1757.3747637363201,-33.043702217458986,0,-7.0,1.0,-0.21999999999999975,-1.0,14.0,18.2,18.2,-36.4,-1.0,0.0,4.0,0.0,0.0,-20.0,50.0,50.0,0.0,0.0,-6.0,-0.6,5.166666666666666,5.166666666666666,-0.8666666666666669
12,2024-2596-arthur lopes--tallison teixeira,2024,0,1386,1387,Tallison Teixeira,arthur lopes,265,185,0,80.0,1500.0,1500.0,0.0,1,59.0,56.0,-8.98,0.0,0.0,100.0,0.0,0.0,0.0,0.0,3.0,0.0,0.0,0.0,0.0,0.0,0.0,0.0,0.0,0.0,-0.0,-0.0,0.0
12,2024-2597-asu almabayev--cj vergara,2024,0,1003,1242,cj vergara,Asu Almabayev,185,125,0,60.0,1500.0,1504.9469324472902,-4.946932447290237,0,-54.0,-52.0,1.75,-43.0,-50.0,0.0,-20.0,-80.0,-2.0,0.0,-6.0,0.0,-0.75,-100.0,-100.0,0.0,-100.0,0.0,-1.0,-1.0,-0.0,-0.0,0.0
12,2024-2598-asu almabayev--jose johnson,2024,0,1242,1270,Asu Almabayev,jose johnson,125,185,0,-60.0,1526.196029020557,1500.0,26.196029020557035,1,54.0,52.0,-1.75,43.0,50.0,0.0,20.0,80.0,2.0,0.0,6.0,0.0,0.75,100.0,100.0,0.0,100.0,0.0,1.0,1.0,-0.0,-0.0,0.0
12,2024-2599-asu almabayev--matheus nicolau,2024,0,1061,1242,matheus nicolau,Asu Almabayev,185,125,0,60.0,1500.0,1553.3258241354895,-53.32582413548948,0,-54.0,-52.0,1.75,-43.0,-50.0,0.0,-20.0,-80.0,-2.0,0.0,-6.0,0.0,-0.75,-100.0,-100.0,0.0,-100.0,0.0,-1.0,-1.0,-0.0,-0.0,0.0
12,2024-2600-ateba gautier--yura naito,2024,0,1388,1389,Ateba Gautier,yura naito,185,185,1,0.0,1500.0,1500.0,0.0,1,61.0,52.0,-2.19,0.0,90.0,100.0,0.0,0.0,0.0,0.0,3.0,0.0,0.0,0.0,0.0,0.0,0.0,0.0,0.0,0.0,-0.0,-0.0,0.0
12,2024-2601-austen lane--jhonata diniz,2024,0,623,1291,Austen Lane,Jhonata Diniz,265,265,1,0.0,1473.6649028764332,1505.0625,-31.39759712356681,0,-6.0,-19.0,1.48,28.0,-45.0,0.0,0.0,0.0,0.0,0.0,2.0,0.0,0.0,-66.66666666666666,0.0,0.0,0.0,0.0,-2.0,-0.76,-0.0,-0.0,0.0
12,2024-2602-austen lane--robelis despaigne,2024,0,623,1390,Austen Lane,robelis despaigne,265,185,0,80.0,1431.5115559621433,1500.0,-68.48844403785665,1,50.0,40.0,-2.23,28.0,33.0,50.0,0.0,50.0,0.0,0.0,7.0,0.0,0.75,33.333333333333336,100.0,100.0,0.0,0.0,-1.0,0.24,-0.0,-0.0,0.0
12,2024-2603-austin bashi--dorian ramos,2024,0,1478,1515,austin bashi,dorian ramos,145,185,0,-40.0,1500.0,1500.0,0.0,1,47.0,48.0,-2.34,41.0,62.0,0.0,100.0,0.0,0.0,0.0,3.0,0.0,0.0,0.0,0.0,0.0,0.0,0.0,0.0,0.0,-0.0,-0.0,0.0
12,2024-2604-austin hubbard--michal figlak,2024,0,739,1158,Austin Hubbard,michal figlak,155,185,0,-30.0,1384.8564759125618,1500.0,-115.14352408743821,1,42.0,55.0,-4.1,28.0,68.0,25.0,0.0,75.0,0.0,0.0,12.0,0.0,0.75,40.0,50.0,50.0,0.0,0.0,-1.0,0.2656,-0.0,-0.0,-1.0
12,2024-2605-azat maksum--charles johnson,2024,0,1129,1244,Charles Johnson,Azat Maksum,125,125,1,0.0,1418.9165012707367,1507.125,-88.20849872926328,1,21.0,4.0,1.2200000000000002,-8.0,-19.0,42.9,0.0,-42.9,1.0,0.0,9.0,0.0,0.0,-80.0,100.0,100.0,0.0,0.0,0.0,-0.4,-0.0,-0.0,-2.4
12,2024-2606-baergeng jieleyisi--li yunfeng,2024,0,1246,1391,Baergeng Jieleyisi,li yunfeng,145,185,0,-40.0,1476.875,1500.0,-23.125,1,35.0,52.0,-2.62,38.0,78.0,0.0,50.0,50.0,0.0,0.0,5.0,0.0,0.75,0.0,0.0,0.0,0.0,0.0,-1.0,0.0,-0.0,-0.0,-1.6666666666666667
12,2024-2607-baergeng jieleyisi--suyoung you,2024,0,1246,1392,Baergeng Jieleyisi,SuYoung You,145,135,0,10.0,1485.6433065012202,1500.0,-14.356693498779805,0,-11.0,-18.0,-0.6600000000000001,-9.0,12.0,0.0,50.0,-50.0,0.0,0.0,0.0,0.0,0.75,0.0,0.0,0.0,0.0,0.0,-1.0,0.0,-0.0,-0.0,-1.6666666666666667
12,2024-2608-baergeng jieleyisi--tokitaka nakanishi,2024,0,1246,1393,Baergeng Jieleyisi,tokitaka nakanishi,145,185,0,-40.0,1442.7986087876925,1500.0,-57.2013912123075,1,35.0,52.0,-2.62,38.0,78.0,0.0,50.0,50.0,0.0,0.0,5.0,0.0,0.75,0.0,0.0,0.0,0.0,0.0,-1.0,0.0,-0.0,-0.0,-1.6666666666666667
12,2024-2609-bartosz szewczyk--diyar nurgozhay,2024,0,1394,1395,Diyar Nurgozhay,bartosz szewczyk,205,185,0,20.0,1500.0,1500.0,0.0,1,50.0,61.0,-2.99,100.0,100.0,100.0,0.0,0.0,0.0,0.0,3.0,0.0,0.0,0.0,0.0,0.0,0.0,0.0,0.0,0.0,-0.0,-0.0,0.0
12,2024-2610-bassil hafez--mickey gall,2024,0,403,1247,Mickey Gall,Bassil Hafez,170,170,1,0.0,1462.3824866869409,1482.6700084481195,-20.287521761178596,0,11.0,8.0,0.96,8.0,-13.0,0.0,83.3,-83.3,0.0,0.0,10.0,0.0,-0.25,20.0,100.0,0.0,100.0,0.0,0.0,0.24,-6.0,-6.0,-0.08333333333333326
12,2024-2611-bassil hafez--oban elliott,2024,0,1247,1328,Bassil Hafez,Oban Elliott,170,170,1,0.0,1500.3993300487762,1505.875,-5.475669951223836,0,-10.0,-19.0,-3.4399999999999995,-20.0,-5.0,-25.0,0.0,25.0,0.0,0.0,-2.0,0.0,0.0,-100.0,0.0,0.0,0.0,0.0,-2.0,-1.0,6.0,6.0,-1.6666666666666665
12,2024-2612-bekzat almakhan--umar nurmagomedov,2024,0,1075,1396,Umar Nurmagomedov,Bekzat Almakhan,135,135,1,0.0,1559.774024128657,1500.0,59.77402412865695,1,17.0,28.0,2.14,39.0,78.0,-83.3,33.3,50.0,3.0,0.0,5.0,0.0,0.75,100.0,75.0,25.0,50.0,0.0,4.0,1.0,9.0,9.0,0.0
12,2024-2613-belal muhammad--leon edwards,2024,1,228,366,Leon Edwards,Belal Muhammad,170,170,1,0.0,2083.743404084813,1770.6937436964067,313.0496603884062,0,11.0,-2.0,1.3599999999999999,-2.0,-27.0,8.199999999999992,0.39999999999999947,-8.599999999999994,2.0,2.0,-1.0,0.0,0.0,0.0,0.0,0.0,0.0,3.0,0.0,0.0,-3.4000000000000004,3.0,-0.5333333333333337
12,2024-2614-benardo sopaj--vinicius oliveira,2024,0,1363,1397,Vinicius Oliveira,Benardo Sopaj,135,135,1,0.0,1505.0625,1500.0,5.0625,1,-13.0,8.0,1.9899999999999998,-21.0,4.0,40.0,0.0,-40.0,1.0,0.0,3.0,0.0,0.75,100.0,100.0,100.0,0.0,0.0,1.0,1.0,-0.0,-0.0,0.0
12,2024-2615-benoit saint denis--dustin poirier,2024,0,136,979,dustin poirier,Benoit Saint Denis,185,155,0,30.0,1500.0,1553.4312978696416,-53.43129786964164,1,-55.0,-42.0,4.19,-37.0,-70.0,-42.9,-57.1,0.0,-3.0,0.0,-10.0,0.0,-0.75,-100.0,-100.0,-60.0,-40.0,0.0,-5.0,-1.0,-6.0,-6.0,3.0
12,2024-2616-benoit saint denis--renato moicano,2024,0,291,979,Renato Moicano,Benoit Saint Denis,155,155,1,0.0,1522.2662876051659,1540.1281900628246,-17.861902457658744,1,-7.0,17.0,0.6200000000000006,4.0,-8.0,-26.2,-7.100000000000001,33.3,4.0,0.0,9.0,0.0,-0.25,-20.0,0.0,-60.0,60.0,0.0,-4.0,-0.24,7.4,7.5,2.8333333333333335
12,2024-2617-bill algeo--dooho choi,2024,0,247,980,Dooho Choi,bill algeo,145,185,0,-40.0,1492.1597842143415,1500.0,-7.840215785658529,1,56.0,56.0,-4.02,53.0,47.0,100.0,0.0,0.0,0.0,0.0,9.0,0.0,0.2,40.0,100.0,100.0,0.0,0.0,-2.0,0.12160000000000003,13.5,13.5,-2.3333333333333335
12,2024-2618-bill algeo--kyle nelson,2024,0,664,980,Kyle Nelson,bill algeo,155,185,0,-30.0,1483.8453823067111,1500.0,-16.154617693288856,1,45.0,51.0,-4.72,20.0,73.0,50.0,0.0,50.0,0.0,0.0,10.0,0.0,0.75,40.0,0.0,0.0,0.0,0.0,2.0,0.84,-0.0,-0.0,1.0
12,2024-2619-billy quarantillo--cub swanson,2024,0,18,743,Cub Swanson,Billy Quarantillo,145,145,1,0.0,1462.355403419861,1481.1166115110289,-18.761208091167873,1,-3.0,17.0,1.83,26.0,2.0,-22.1,-4.300000000000001,26.4,7.0,0.0,21.0,0.0,0.0,0.0,0.0,0.0,0.0,0.0,2.0,0.2896,6.8,-0.0,0.9666666666666666
12,2024-2620-billy quarantillo--youssef zalal,2024,0,743,861,Billy Quarantillo,Youssef Zalal,145,145,1,0.0,1437.4099989387296,1488.0660849301576,-50.65608599142797,0,4.0,-24.0,-4.03,-6.0,2.0,57.1,-28.599999999999998,-28.5,-1.0,0.0,1.0,0.0,0.4,0.0,66.66666666666667,66.66666666666667,0.0,0.0,1.0,0.21439999999999998,6.0,6.0,-1.5
12,2024-2621-billy ray goff--trey waters,2024,0,1109,1161,Billy Ray Goff,Trey Waters,170,170,1,0.0,1508.2111953548572,1499.3690122908622,8.84218306399498,0,2.0,4.0,0.8100000000000005,-17.0,-19.0,100.0,0.0,-100.0,0.0,0.0,0.0,0.0,0.0,50.0,100.0,100.0,0.0,0.0,1.0,0.4,-0.0,-0.0,-3.0
12,2024-2622-blake bilder--jeongyeong lee,2024,0,1184,1248,JeongYeong Lee,blake bilder,145,185,0,-40.0,1536.2940165395094,1500.0,36.29401653950936,1,49.0,50.0,-3.82,66.0,72.0,25.0,25.0,50.0,0.0,1.0,6.0,0.0,0.75,100.0,66.66666666666667,33.333333333333336,33.333333333333336,1.0,3.0,1.0,-0.0,-0.0,1.6666666666666667
12,2024-2623-bo nickal--cody brundage,2024,0,878,1111,Cody Brundage,Bo Nickal,185,185,1,0.0,1431.782487608865,1531.328139210752,-99.5456516018869,0,-8.0,-9.0,-0.6100000000000003,-7.0,-32.0,43.400000000000006,-46.7,-16.7,0.0,0.0,6.0,0.0,0.0,-40.0,-33.33333333333333,8.333333333333336,-41.666666666666664,0.0,-6.0,-0.84,-0.0,-0.0,-1.6666666666666667
12,2024-2624-bo nickal--paul craig,2024,0,446,1111,Paul Craig,Bo Nickal,205,185,0,20.0,1532.5377380210641,1563.4224157491872,-30.88467772812305,0,-14.0,-15.0,-0.9300000000000002,-35.0,-65.0,16.700000000000006,0.0,-16.7,4.0,0.0,13.0,0.0,0.0,-60.0,0.0,25.0,-25.0,0.0,-5.0,-0.7216,8.2,9.2,-3.0
12,2024-2625-bogdan grad--michael aswell,2024,0,1252,1400,Bogdan Grad,michael aswell,145,145,1,0.0,1474.6875,1500.0,-25.3125,1,7.0,-5.0,2.5299999999999994,36.0,18.0,-50.0,0.0,50.0,0.0,0.0,2.0,0.0,0.75,0.0,0.0,0.0,0.0,0.0,-1.0,0.0,-0.0,-0.0,0.0
12,2024-2626-bogdan guskov--ryan spann,2024,0,582,1253,Ryan Spann,Bogdan Guskov,205,205,1,0.0,1550.903278820886,1485.6586694455896,65.24460937529648,0,-16.0,-2.0,-0.8399999999999999,34.0,-5.0,-45.0,25.0,20.0,0.0,0.0,12.0,0.0,0.0,60.0,100.0,66.66666666666667,33.333333333333336,0.0,-1.0,0.16000000000000003,-0.5999999999999996,-0.0,0.7777777777777778
12,2024-2627-bogdan guskov--zac pauga,2024,0,1211,1253,zac pauga,Bogdan Guskov,185,205,0,-20.0,1500.0,1559.6655275730325,-59.66552757303248,0,-55.0,-45.0,3.3,0.0,-57.0,-75.0,-25.0,0.0,-3.0,0.0,-5.0,0.0,-0.75,0.0,0.0,0.0,0.0,0.0,1.0,0.0,-11.0,-11.0,0.0
12,2024-2628-bolaji oki--chris duncan,2024,0,998,1254,Chris Duncan,Bolaji Oki,155,155,1,0.0,1518.7472377901759,1505.0625,13.68473779017586,1,0.0,-10.0,0.6200000000000001,-18.0,-16.0,-16.599999999999998,33.3,-16.700000000000003,0.0,0.0,3.0,0.0,0.0,-25.0,-66.66666666666666,-66.66666666666666,0.0,0.0,2.0,-0.06400000000000006,-0.0,-0.0,2.0
12,2024-2629-bolaji oki--timmy cuamba,2024,0,1254,1343,Bolaji Oki,Timmy Cuamba,155,145,0,10.0,1462.3619307018153,1507.4625,-45.10056929818484,1,2.0,3.0,-0.8500000000000005,34.0,-14.0,-16.700000000000003,0.0,16.700000000000003,0.0,0.0,1.0,0.0,0.0,0.0,100.0,100.0,0.0,0.0,0.0,0.0,-0.0,-0.0,-1.0
12,2024-2630-brad katona--garrett armfield,2024,0,748,1144,brad katona,Garrett Armfield,185,135,0,50.0,1500.0,1489.2320102846816,10.767989715318436,0,-53.0,-56.0,3.64,-50.0,-64.0,-50.0,0.0,-50.0,0.0,0.0,-5.0,0.0,-0.75,-50.0,-100.0,-100.0,0.0,0.0,-1.0,-0.6,-0.0,-0.0,0.0
12,2024-2631-brad katona--jean matsumoto,2024,0,748,1314,brad katona,Jean Matsumoto,185,135,0,50.0,1500.0,1509.9625,-9.962500000000091,0,-41.0,-48.0,5.43,-41.0,-53.0,0.0,-25.0,-75.0,0.0,0.0,-5.0,0.0,-0.75,-100.0,0.0,0.0,0.0,0.0,-1.0,-1.0,-0.0,-0.0,-1.6666666666666667
12,2024-2632-brad tavares--gregory rodrigues,2024,0,309,913,brad tavares,Gregory Rodrigues,185,185,1,0.0,1501.8236892613174,1472.2885418417186,29.535147419598843,0,-8.0,4.0,1.6800000000000002,-12.0,-9.0,-62.5,0.0,62.5,6.0,0.0,15.0,0.0,0.0,0.0,-100.0,-100.0,0.0,0.0,0.0,0.0,6.0,7.0,-0.13333333333333328
12,2024-2633-brad tavares--junyong park,2024,0,309,732,brad tavares,JunYong Park,185,185,1,0.0,1457.7843874614339,1514.361543027424,-56.5771555659901,0,-7.0,1.0,0.22999999999999998,-16.0,24.0,12.5,-33.3,20.799999999999997,6.0,0.0,15.0,0.0,0.0,-20.0,-75.0,0.0,-75.0,0.0,-3.0,-0.6,6.0,7.0,-1.6666666666666665
12,2024-2634-brady hiestand--garrett armfield,2024,0,981,1144,Brady Hiestand,Garrett Armfield,135,135,1,0.0,1501.277097863445,1500.6447304679243,0.6323673955207596,1,-3.0,-5.0,-0.10999999999999988,-4.0,-22.0,-16.599999999999994,33.3,-16.700000000000003,0.0,0.0,-1.0,0.0,0.0,16.66666666666667,-50.0,-50.0,0.0,0.0,1.0,0.24,-0.0,-0.0,0.0
12,2024-2635-brandon moreno--brandon royval,2024,0,390,865,Brandon Moreno,Brandon Royval,125,125,1,0.0,2043.4412690514464,1650.1122088585107,393.3290601929357,0,3.0,17.0,0.6100000000000003,-31.0,19.0,13.0,-15.599999999999998,2.6000000000000014,2.0,3.0,7.0,0.0,0.0,0.0,33.33333333333333,33.333333333333336,0.0,4.0,0.0,-0.07039999999999991,-3.8,4.333333333333333,1.133333333333333
12,2024-2636-brandon royval--tatsuro taira,2024,0,865,1125,Brandon Royval,Tatsuro Taira,125,125,1,0.0,1805.3908762275382,1744.3839990692263,61.00687715831191,1,-19.0,-4.0,-1.6900000000000004,27.0,0.0,-14.3,0.0,14.299999999999997,5.0,0.0,3.0,0.0,0.0,-40.0,6.666666666666671,13.333333333333336,-6.666666666666664,1.0,-4.0,-0.26560000000000006,14.2,14.0,-4.333333333333334
12,2024-2637-brendan allen--chris curtis,2024,0,642,713,Chris Curtis,Brendan Allen,170,185,0,-15.0,1488.097763972685,1696.5998022975814,-208.50203832489638,0,-3.0,7.0,-2.2300000000000004,-41.0,26.0,49.900000000000006,-57.1,7.199999999999996,-3.0,0.0,-7.0,0.0,0.0,-40.0,-13.333333333333329,66.66666666666667,-80.0,0.0,-6.0,-0.696,-0.33333333333333215,-0.33333333333333215,-2.555555555555556
12,2024-2638-brendan allen--nassourdine imavov,2024,0,713,935,Brendan Allen,Nassourdine Imavov,185,185,1,0.0,1759.5662692071537,1521.409633586692,238.15663562046166,0,-1.0,-11.0,-0.79,9.0,-25.0,-37.2,57.1,-19.9,-2.0,0.0,7.0,0.0,0.0,40.0,13.333333333333329,-66.66666666666667,80.0,0.0,6.0,0.696,-2.333333333333334,-2.333333333333334,1.6944444444444446
12,2024-2639-brendon marotte--isaac dulgarian,2024,0,1256,1301,brendon marotte,Isaac Dulgarian,185,145,0,40.0,1500.0,1505.134365184974,-5.134365184974058,0,-64.0,-41.0,1.82,-52.0,0.0,-50.0,-50.0,0.0,0.0,0.0,-3.0,0.0,-0.75,-100.0,-100.0,-100.0,0.0,0.0,-1.0,-1.0,-0.0,-0.0,0.0
12,2024-2640-brendson ribeiro--caio machado,2024,0,1257,1261,Brendson Ribeiro,caio machado,205,185,0,20.0,1505.0625,1500.0,5.0625,1,42.0,53.0,-4.0,42.0,18.0,33.400000000000006,33.3,33.3,0.0,0.0,7.0,0.0,0.75,100.0,100.0,100.0,0.0,0.0,1.0,1.0,-0.0,-0.0,0.0
12,2024-2641-brendson ribeiro--magomed gadzhiyasulov,2024,0,1257,1321,Brendson Ribeiro,magomed gadzhiyasulov,205,185,0,20.0,1515.7733430842575,1500.0,15.773343084257476,0,42.0,53.0,-4.0,42.0,18.0,33.400000000000006,33.3,33.3,0.0,0.0,7.0,0.0,0.75,100.0,100.0,100.0,0.0,0.0,1.0,1.0,-0.0,-0.0,0.0
12,2024-2642-brendson ribeiro--zhang mingyang,2024,0,1224,1257,Zhang Mingyang,Brendson Ribeiro,205,205,1,0.0,1503.1640625,1483.3261192554694,19.837943244530607,1,18.0,-10.0,-1.33,-42.0,57.0,66.6,-33.3,-33.3,1.0,0.0,-2.0,0.0,-0.25,0.0,0.0,0.0,0.0,0.0,0.0,0.0,-0.0,-0.0,0.0
12,2024-2643-brian kelleher--cody gibson,2024,0,213,523,Cody Gibson,brian kelleher,135,185,0,-50.0,1457.4376527795857,1500.0,-42.56234722041427,1,45.0,57.0,-3.18,37.0,69.0,33.400000000000006,33.3,33.3,0.0,0.0,9.0,0.0,0.75,20.0,100.0,100.0,0.0,0.0,-3.0,0.038400000000000004,-0.0,-0.0,-1.4444444444444446
12,2024-2644-brian ortega--diego lopes,2024,0,311,1017,Brian Ortega,Diego Lopes,145,145,1,0.0,1548.194720129509,1483.8841863281448,64.31053380136427,0,-10.0,3.0,-1.62,-15.0,-13.0,-2.5,30.0,-27.5,3.0,0.0,5.0,0.0,-0.25,-10.0,-50.0,0.0,-50.0,2.0,-1.0,-0.2016,3.8,7.0,1.5
12,2024-2645-brian ortega--yair rodriguez,2024,0,273,311,Yair Rodriguez,Brian Ortega,145,145,1,0.0,1698.132940241619,1478.4172960557603,219.71564418585876,0,9.0,3.0,2.6,4.0,5.0,-1.1000000000000014,-40.9,42.0,1.0,2.0,2.0,0.0,0.25,20.0,16.66666666666667,-16.666666666666664,33.333333333333336,0.0,3.0,0.5871999999999999,-2.3999999999999995,-1.0,0.9000000000000004
12,2024-2646-brunno ferreira--dustin stoltzfus,2024,0,898,1117,Dustin Stoltzfus,Brunno Ferreira,185,185,1,0.0,1433.524572515013,1439.076682037835,-5.552109522822093,0,-5.0,-4.0,0.19999999999999973,13.0,-11.0,-16.700000000000003,-8.299999999999997,25.0,0.0,0.0,2.0,0.0,0.0,-26.66666666666667,-50.0,-100.0,50.0,0.0,1.0,0.07999999999999996,-0.0,-0.0,-1.1666666666666667
12,2024-2647-brunno ferreira--phil hawes,2024,0,920,1117,phil hawes,Brunno Ferreira,185,185,1,0.0,1500.0,1447.6672275441301,52.33277245586987,0,-50.0,-51.0,3.34,-28.0,-57.0,-66.7,-33.3,0.0,0.0,0.0,-8.0,0.0,-0.75,-66.66666666666667,-100.0,-100.0,0.0,0.0,-1.0,-0.76,-0.0,-0.0,0.0
12,2024-2648-bruno lopes--mikheil sazhiniani,2024,0,1258,1401,Bruno Lopes,mikheil sazhiniani,205,185,0,20.0,1474.6875,1500.0,-25.3125,1,43.0,57.0,-3.38,33.0,100.0,50.0,0.0,50.0,0.0,0.0,4.0,0.0,0.75,0.0,0.0,0.0,0.0,0.0,-1.0,0.0,-0.0,-0.0,0.0
12,2024-2649-bruno silva--cody durden,2024,0,870,880,bruno silva,Cody Durden,185,125,0,60.0,1500.0,1504.166999551006,-4.166999551006029,1,-44.0,-50.0,4.35,-47.0,-73.0,-16.600000000000005,-16.7,-66.7,-1.0,0.0,-13.0,0.0,-0.75,-60.0,-33.333333333333336,-33.333333333333336,0.0,0.0,-2.0,-0.8655999999999999,-8.0,-8.0,-2.1666666666666665
12,2024-2650-bruno silva--ismail naurdiev,2024,0,755,870,Ismail Naurdiev,bruno silva,185,185,1,0.0,1496.2497102845643,1500.0,-3.750289715435656,1,52.0,64.0,-1.77,40.0,73.0,0.0,0.0,100.0,0.0,0.0,6.0,0.0,0.35,50.0,0.0,0.0,0.0,0.0,-1.0,0.30400000000000005,-0.0,-0.0,1.0
12,2024-2651-bruno silva--manel kape,2024,0,870,964,bruno silva,Manel Kape,185,125,0,60.0,1500.0,1571.3483345499524,-71.34833454995237,0,-55.0,-57.0,4.05,-30.0,-81.0,-66.7,0.0,-33.3,-4.0,0.0,-9.0,0.0,-0.75,-60.0,-33.333333333333336,-33.333333333333336,0.0,0.0,-2.0,-0.8655999999999999,-12.0,-12.0,-0.33333333333333337
12,2024-2652-bryan barberena--gerald meerschaert,2024,0,396,439,bryan barberena,Gerald Meerschaert,185,185,1,0.0,1500.0,1411.271973174368,88.72802682563201,0,-45.0,-53.0,3.49,-30.0,-42.0,-8.3,-91.7,0.0,0.0,0.0,-24.0,0.0,-0.75,-40.0,-100.0,0.0,-100.0,0.0,3.0,-0.06400000000000002,-7.0,-0.0,1.6666666666666667
12,2024-2653-bryan battle--randy brown,2024,0,394,985,Randy Brown,Bryan Battle,170,185,0,-15.0,1501.009031187318,1500.0,1.0090311873179871,0,47.0,54.0,-3.26,39.0,73.0,28.6,21.4,50.0,0.0,0.0,20.0,0.0,0.75,80.0,25.0,0.0,25.0,0.0,-1.0,0.4,9.0,-0.0,0.7333333333333333
12,2024-2654-bryce mitchell--kron gracie,2024,0,632,720,Bryce Mitchell,kron gracie,135,185,0,-50.0,1573.2424296808695,1500.0,73.24242968086946,1,59.0,58.0,-1.6,36.0,33.0,11.1,11.1,77.8,4.0,0.0,12.0,0.0,0.75,60.0,0.0,0.0,0.0,0.0,1.0,0.7216,8.6,9.5,2.8666666666666667
12,2024-2655-caio borralho--jared cannonier,2024,0,346,953,Jared Cannonier,Caio Borralho,185,185,1,0.0,1693.0964157970238,1597.6362334770324,95.46018231999142,0,-7.0,-4.0,-1.8499999999999996,-8.0,-12.0,41.400000000000006,-11.1,-30.300000000000004,6.0,0.0,10.0,0.0,0.0,-20.0,5.0,25.0,-20.0,1.0,-3.0,-0.09599999999999997,11.2,14.25,-1.4666666666666666
12,2024-2656-caio borralho--paul craig,2024,0,446,953,Paul Craig,Caio Borralho,205,185,0,20.0,1462.2069527834717,1762.54460760465,-300.3376548211784,0,-11.0,-17.0,-0.54,-30.0,-41.0,11.099999999999998,55.6,-66.7,2.0,0.0,10.0,0.0,0.0,-60.0,80.0,50.0,30.0,0.0,-6.0,-0.7216,8.2,9.2,-5.0
12,2024-2657-cam rowston--torrez finney,2024,0,1361,1402,Torrez Finney,cam rowston,185,185,1,0.0,1513.6560834048112,1500.0,13.65608340481117,1,19.0,-2.0,0.5999999999999999,10.0,-28.0,-75.0,25.0,50.0,0.0,0.0,2.0,0.0,0.75,100.0,100.0,0.0,100.0,0.0,1.0,1.0,-0.0,-0.0,0.0
12,2024-2658-cam teague--kevin vallejos,2024,0,1317,1403,Kevin Vallejos,cam teague,145,185,0,-40.0,1477.6875,1500.0,-22.3125,1,45.0,57.0,-5.23,33.0,83.0,66.7,0.0,33.3,0.0,0.0,4.0,0.0,0.75,0.0,0.0,0.0,0.0,0.0,-1.0,0.0,-0.0,-0.0,-1.0
12,2024-2659-cameron saaiman--payton talbott,2024,0,1121,1350,Cameron Saaiman,Payton Talbott,135,135,1,0.0,1492.3658151491231,1512.4887590819412,-20.12294393281809,0,-8.0,5.0,-0.8799999999999999,3.0,-29.0,35.0,-20.0,-15.0,0.0,0.0,1.0,0.0,0.0,-20.0,25.0,75.0,-50.0,0.0,0.0,-0.09599999999999997,-0.0,-0.0,-1.5
12,2024-2660-cameron smotherman--jake hadley,2024,0,1035,1265,jake hadley,Cameron Smotherman,185,135,0,50.0,1500.0,1474.6875,25.3125,0,-37.0,-58.0,3.52,0.0,-62.0,0.0,0.0,-100.0,0.0,0.0,-4.0,0.0,-0.75,0.0,0.0,0.0,0.0,0.0,1.0,0.0,-0.0,-0.0,0.0
12,2024-2661-carlos hernandez--nyamjargal tumendemberel,2024,0,988,1352,carlos hernandez,Nyamjargal Tumendemberel,185,125,0,60.0,1500.0,1512.1528981184365,-12.152898118436497,1,-39.0,-52.0,3.33,-38.0,-54.0,0.0,-66.7,-33.3,0.0,0.0,-4.0,0.0,-0.75,-100.0,-50.0,0.0,-50.0,0.0,-2.0,-1.0,-0.0,-0.0,-1.0
12,2024-2662-carlos hernandez--rei tsuruya,2024,0,988,1341,carlos hernandez,Rei Tsuruya,185,125,0,60.0,1500.0,1516.2205743008458,-16.220574300845783,0,-52.0,-42.0,2.01,-37.0,-50.0,-25.0,-25.0,-50.0,0.0,-1.0,-5.0,0.0,-0.75,-100.0,-50.0,0.0,-50.0,0.0,-2.0,-1.0,-0.0,-0.0,-2.0
12,2024-2663-carlos leal--rinat fakhretdinov,2024,0,1097,1404,Rinat Fakhretdinov,Carlos Leal,170,170,1,0.0,1536.7710580961614,1500.0,36.77105809616137,1,2.0,1.0,4.0,9.0,1.0,-83.39999999999999,16.7,66.7,0.0,0.0,4.0,0.0,0.75,100.0,33.333333333333336,0.0,33.333333333333336,0.0,3.0,1.0,-0.0,-0.0,4.0
12,2024-2664-carlos prates--charles radtke,2024,0,1249,1266,Charles Radtke,Carlos Prates,170,170,1,0.0,1511.2125,1505.0625,6.150000000000091,0,-5.0,4.0,1.1399999999999997,-88.0,16.0,-33.3,0.0,33.3,-2.0,0.0,-2.0,0.0,0.0,0.0,-100.0,-100.0,0.0,0.0,0.0,0.0,-0.0,-0.0,2.0
12,2024-2665-carlos prates--li jingliang,2024,0,241,1266,Li Jingliang,Carlos Prates,170,170,1,0.0,1501.1183616140152,1513.725664060363,-12.60730244634783,0,-12.0,8.0,0.8499999999999996,-59.0,-24.0,-27.299999999999997,0.0,27.3,0.0,0.0,11.0,0.0,-0.25,-60.0,0.0,0.0,0.0,0.0,0.0,-0.30400000000000005,6.75,7.0,0.20000000000000004
12,2024-2666-carlos prates--neil magny,2024,0,187,1266,Neil Magny,Carlos Prates,170,170,1,0.0,1546.6028148715975,1530.8192461700087,15.78356870158882,0,-8.0,3.0,2.3299999999999996,-61.0,-29.0,-69.6,8.7,60.9,11.0,0.0,28.0,0.0,0.0,-60.0,-100.0,-100.0,0.0,0.0,-2.0,-0.7216,7.199999999999999,9.4,-0.8
12,2024-2667-carlos prates--trevin giles,2024,0,797,1266,trevin giles,Carlos Prates,185,170,0,15.0,1500.0,1574.4336883630085,-74.43368836300851,0,-54.0,-48.0,4.8,-100.0,-84.0,-100.0,0.0,0.0,-2.0,0.0,-7.0,0.0,-0.75,-100.0,-100.0,-100.0,0.0,0.0,-1.0,-1.0,-0.0,-0.0,0.0
12,2024-2668-carlos ulberg--volkan oezdemir,2024,0,576,867,Volkan Oezdemir,Carlos Ulberg,205,205,1,0.0,1591.886194464346,1588.3330766086817,3.553117855664368,0,-7.0,4.0,-0.009999999999999787,-31.0,-5.0,-5.600000000000001,1.4000000000000004,4.200000000000003,8.0,0.0,5.0,0.0,0.0,-60.0,-30.0,-60.0,30.0,0.0,-3.0,-0.16000000000000003,13.2,11.8,-3.2
12,2024-2669-carlos vera--rinya nakamura,2024,0,1164,1405,Rinya Nakamura,Carlos Vera,135,135,1,0.0,1564.9581136692716,1500.0,64.9581136692716,1,-5.0,14.0,1.07,81.0,75.0,50.0,-83.3,33.3,0.0,1.0,5.0,0.0,0.75,100.0,75.0,50.0,25.0,1.0,4.0,1.0,-0.0,-0.0,3.3333333333333335
12,2024-2670-carlston harris--khaos williams,2024,0,839,990,Khaos Williams,Carlston Harris,170,170,1,0.0,1499.165658984934,1508.507027832178,-9.341368847243984,1,-4.0,-14.0,-1.9299999999999997,-22.0,-4.0,41.7,-50.0,8.299999999999997,0.0,0.0,3.0,0.0,0.0,0.0,-25.0,25.0,-50.0,0.0,-1.0,-0.14400000000000002,-0.0,-0.0,-2.6666666666666665
12,2024-2671-cesar almeida--dylan budka,2024,0,1268,1377,Cesar Almeida,dylan budka,185,185,1,0.0,1512.4624999999999,1500.0,12.462499999999864,1,58.0,48.0,-2.32,0.0,60.0,50.0,0.0,50.0,0.0,0.0,5.0,0.0,0.75,100.0,0.0,0.0,0.0,0.0,1.0,1.0,-0.0,-0.0,2.3333333333333335
12,2024-2672-cesar almeida--ihor potieria,2024,0,1169,1268,ihor potieria,Cesar Almeida,185,185,1,0.0,1500.0,1521.0101885570425,-21.01018855704251,0,-58.0,-48.0,2.32,0.0,-60.0,-50.0,0.0,-50.0,0.0,0.0,-5.0,0.0,-0.75,-100.0,0.0,0.0,0.0,0.0,-1.0,-1.0,-0.0,-0.0,-2.3333333333333335
12,2024-2673-cesar almeida--roman kopylov,2024,0,812,1268,Roman Kopylov,Cesar Almeida,185,185,1,0.0,1479.704992683281,1548.2426833858801,-68.5376907025991,1,-8.0,5.0,-2.7600000000000002,42.0,27.0,33.3,0.0,-33.3,0.0,0.0,5.0,0.0,0.0,-20.0,100.0,100.0,0.0,0.0,3.0,-0.025600000000000067,-0.0,-0.0,-4.666666666666667
12,2024-2674-chad anheliger--charalampos grigoriou,2024,0,991,1264,Chad Anheliger,charalampos grigoriou,135,185,0,-50.0,1461.489184291995,1500.0,-38.51081570800511,1,46.0,53.0,-2.76,30.0,38.0,33.3,0.0,66.7,0.0,0.0,6.0,0.0,0.75,50.0,50.0,50.0,0.0,0.0,-1.0,0.30400000000000005,-0.0,-0.0,-1.0
12,2024-2675-chad anheliger--cody gibson,2024,0,213,991,Cody Gibson,Chad Anheliger,135,135,1,0.0,1466.3254891316692,1476.552055786599,-10.226566654929911,1,-1.0,4.0,-0.4200000000000004,7.0,31.0,0.10000000000000853,33.3,-33.400000000000006,0.0,0.0,3.0,0.0,0.0,-30.0,50.0,50.0,0.0,0.0,-2.0,-0.26560000000000006,-0.0,-0.0,-0.44444444444444464
12,2024-2676-changho lee--xiao long,2024,0,1006,1273,Xiao Long,ChangHo Lee,135,135,1,0.0,1500.5210208769518,1510.1004144525732,-9.579393575621452,0,-21.0,11.0,-1.85,-8.0,42.0,-41.7,0.0,41.7,0.0,0.0,2.0,0.0,0.0,-33.33333333333333,-100.0,-100.0,0.0,0.0,0.0,-0.16000000000000003,-0.0,-0.0,-0.3333333333333333
12,2024-2677-charalampos grigoriou--toshiomi kazama,2024,0,1200,1264,Toshiomi Kazama,charalampos grigoriou,135,185,0,-50.0,1458.694987084369,1500.0,-41.305012915631096,1,53.0,38.0,-4.56,16.0,66.0,0.0,50.0,50.0,0.0,0.0,5.0,0.0,0.75,33.333333333333336,0.0,0.0,0.0,1.0,-2.0,0.16000000000000003,-0.0,-0.0,2.3333333333333335
12,2024-2678-charles johnson--jake hadley,2024,0,1035,1129,jake hadley,Charles Johnson,185,125,0,60.0,1500.0,1430.9452555444127,69.0547444555873,0,-49.0,-56.0,3.78,-20.0,-66.0,-42.9,0.0,-57.1,-1.0,0.0,-12.0,0.0,-0.75,-20.0,-100.0,-100.0,0.0,0.0,-1.0,-0.6,-0.0,-0.0,1.4
12,2024-2679-charles johnson--joshua van,2024,0,1129,1324,Charles Johnson,Joshua Van,125,125,1,0.0,1442.82568744933,1514.5365017877061,-71.71081433837617,1,-7.0,-1.0,2.5800000000000005,-43.0,-15.0,17.9,0.0,-17.9,-2.0,0.0,3.0,0.0,0.0,-80.0,100.0,100.0,0.0,0.0,-1.0,-0.4,-0.0,-0.0,-2.4
12,2024-2680-charles johnson--sumudaerji,2024,0,697,1129,Sumudaerji,Charles Johnson,125,125,1,0.0,1485.4456894897376,1460.953360781703,24.49232870803462,0,3.0,4.0,1.3899999999999997,-9.0,5.0,-22.9,0.0,22.9,-1.0,0.0,-3.0,0.0,0.0,40.0,-66.66666666666666,-66.66666666666666,0.0,0.0,-3.0,-0.43999999999999995,11.0,11.0,4.4
12,2024-2681-charles jourdain--jean silva,2024,0,757,1316,Charles Jourdain,Jean Silva,135,145,0,-10.0,1483.0783746293018,1507.4625,-24.384125370698257,0,-4.0,0.0,-0.13999999999999968,-29.0,-39.0,-38.09999999999999,26.2,11.900000000000002,-1.0,0.0,9.0,0.0,0.0,-40.0,66.66666666666667,0.0,66.66666666666667,0.0,2.0,-0.06400000000000006,6.0,6.0,-0.6
12,2024-2682-charles jourdain--sean woodson,2024,0,757,816,Charles Jourdain,Sean Woodson,135,145,0,-10.0,1440.7087968491555,1548.492989017512,-107.78419216835641,0,2.0,-2.0,-0.08999999999999986,-34.0,-37.0,-8.999999999999993,42.9,-33.9,0.0,0.0,4.0,0.0,0.0,-20.0,16.66666666666667,-50.0,66.66666666666667,0.0,0.0,-0.025600000000000067,6.0,6.0,-2.0444444444444447
12,2024-2683-charles jourdain--victor henry,2024,0,757,1217,Charles Jourdain,Victor Henry,135,135,1,0.0,1409.4954836366705,1500.42961629458,-90.93413265790946,1,-5.0,8.0,0.9200000000000008,-21.0,-34.0,3.500000000000007,42.9,-46.4,0.0,0.0,9.0,0.0,0.0,-6.666666666666671,66.66666666666667,0.0,66.66666666666667,0.0,1.0,0.09599999999999997,6.0,6.0,-0.15555555555555556
12,2024-2684-charles oliveira--michael chandler,2024,0,55,63,Michael Chandler,Charles Oliveira,155,155,1,0.0,1560.7476274156975,1812.0711575958871,-251.32353018018966,0,-6.0,-5.0,-1.2599999999999998,2.0,5.0,57.6,-44.599999999999994,-13.0,-11.0,-2.0,-25.0,0.0,-0.25,-40.0,0.0,50.0,-50.0,-2.0,-1.0,-0.20800000000000007,3.2,-1.2000000000000002,-2.7777777777777777
12,2024-2685-charles radtke--gilbert urbina,2024,0,986,1249,Gilbert Urbina,Charles Radtke,170,170,1,0.0,1494.8292166397928,1467.896679698185,26.93253694160785,0,7.0,-8.0,-0.96,32.0,-100.0,33.3,0.0,-33.3,0.0,0.0,-1.0,0.0,0.0,-50.0,100.0,100.0,0.0,0.0,0.0,-0.4,-0.0,-0.0,-2.0
12,2024-2686-charles radtke--matthew semelsberger,2024,0,1055,1249,matthew semelsberger,Charles Radtke,185,170,0,15.0,1500.0,1476.688494043999,23.31150595600093,0,-49.0,-52.0,3.66,-12.0,-100.0,-66.7,0.0,-33.3,0.0,0.0,-5.0,0.0,-0.75,-100.0,0.0,0.0,0.0,0.0,-1.0,-1.0,-0.0,-0.0,-2.0
12,2024-2687-charlie campbell--trevor peek,2024,0,1130,1202,Charlie Campbell,Trevor Peek,155,145,0,10.0,1489.0986941102046,1491.3153484997217,-2.216654389517089,1,1.0,12.0,0.1499999999999999,-10.0,19.0,-16.700000000000003,0.0,16.700000000000003,0.0,0.0,-3.0,0.0,0.0,-25.0,33.33333333333333,33.33333333333333,0.0,0.0,0.0,-0.16000000000000003,-0.0,-0.0,0.33333333333333326
12,2024-2688-chase hooper--clay guida,2024,0,66,636,clay guida,Chase Hooper,185,155,0,30.0,1500.0,1489.6379428369387,10.362057163061309,0,-49.0,-39.0,2.98,-33.0,-55.0,-22.300000000000008,-44.4,-33.3,0.0,0.0,-13.0,0.0,-0.75,-60.0,-66.66666666666667,-33.333333333333336,-33.333333333333336,0.0,-3.0,-0.9359999999999999,-0.0,-0.0,0.5
12,2024-2689-chase hooper--viacheslav borshchev,2024,0,636,997,Chase Hooper,Viacheslav Borshchev,155,155,1,0.0,1507.016522431716,1470.4742794073159,36.54224302440025,1,-5.0,-18.0,1.7500000000000004,33.0,13.0,-52.69999999999999,44.4,8.299999999999997,0.0,0.0,3.0,0.0,0.0,0.0,-33.33333333333333,-66.66666666666666,33.333333333333336,0.0,1.0,0.07040000000000002,-0.0,-0.0,2.5
12,2024-2690-chasen blair--kody steele,2024,0,1406,1407,Kody Steele,chasen blair,155,185,0,-30.0,1500.0,1500.0,0.0,1,32.0,52.0,-7.17,14.0,100.0,100.0,0.0,0.0,0.0,0.0,2.0,0.0,0.0,0.0,0.0,0.0,0.0,0.0,0.0,0.0,-0.0,-0.0,0.0
12,2024-2691-chepe mariscal--damon jackson,2024,0,885,1277,damon jackson,Chepe Mariscal,185,145,0,40.0,1500.0,1520.0128946309762,-20.012894630976234,0,-56.0,-51.0,3.07,-39.0,-73.0,-20.0,0.0,-80.0,0.0,0.0,-5.0,0.0,-0.75,-100.0,-50.0,-50.0,0.0,0.0,-2.0,-1.0,-0.0,-0.0,-3.0
12,2024-2692-chepe mariscal--morgan charriere,2024,0,1277,1337,Chepe Mariscal,Morgan Charriere,145,145,1,0.0,1555.4786246379476,1505.0625,50.41612463794763,1,6.0,-2.0,1.4700000000000002,-7.0,-10.0,-80.0,0.0,80.0,0.0,0.0,0.0,0.0,0.0,0.0,-50.0,-50.0,0.0,0.0,1.0,0.0,-0.0,-0.0,3.0
12,2024-2693-chidi njokuani--jared gooden,2024,0,994,1038,Chidi Njokuani,jared gooden,170,185,0,-15.0,1446.1395918625626,1500.0,-53.86040813743739,1,62.0,57.0,-2.64,0.0,73.0,66.7,0.0,33.3,0.0,0.0,10.0,0.0,0.75,40.0,100.0,100.0,0.0,0.0,-2.0,0.13440000000000002,-0.0,-0.0,-1.0
12,2024-2694-chidi njokuani--rhys mckee,2024,0,847,994,Rhys McKee,Chidi Njokuani,170,170,1,0.0,1442.9679643297509,1468.2844992005992,-25.316534870848272,0,-22.0,-10.0,-4.51,0.0,-26.0,33.3,0.0,-33.3,0.0,0.0,-4.0,0.0,0.0,-40.0,-100.0,-100.0,0.0,0.0,-1.0,-0.13440000000000002,-0.0,-0.0,-1.3333333333333335
12,2024-2695-chris barnett--kennedy nzechukwu,2024,0,508,978,Kennedy Nzechukwu,Chris Barnett,265,265,1,0.0,1470.095969383635,1475.095555331552,-4.999585947917012,1,-1.0,12.0,1.6400000000000006,45.0,47.0,-30.0,10.0,20.0,0.0,0.0,11.0,0.0,0.25,10.0,0.0,-33.33333333333333,33.333333333333336,0.0,2.0,0.36,5.0,5.0,3.111111111111111
12,2024-2696-chris curtis--marcandre barriault,2024,0,642,730,Chris Curtis,Marc-Andre Barriault,170,185,0,-15.0,1469.8610278203203,1487.5952151720887,-17.73418735176847,1,3.0,4.0,-0.5600000000000005,-28.0,14.0,7.100000000000001,-16.7,9.600000000000001,2.0,0.0,-4.0,0.0,0.0,0.0,0.0,33.333333333333336,-33.333333333333336,0.0,-3.0,-0.5743999999999999,7.333333333333334,7.333333333333334,-0.9777777777777779
12,2024-2697-chris duncan--manuel torres,2024,0,998,1057,Chris Duncan,Manuel Torres,155,155,1,0.0,1544.3675793690866,1515.2134642207518,29.154115148334768,0,-16.0,-1.0,-0.33000000000000007,-24.0,-38.0,-63.3,13.299999999999997,50.0,0.0,0.0,2.0,0.0,0.0,-25.0,-66.66666666666666,-66.66666666666666,0.0,0.0,0.0,-0.06400000000000006,-0.0,-0.0,2.0
12,2024-2698-chris gutierrez--quang le,2024,0,646,1408,Chris Gutierrez,Quang Le,135,135,1,0.0,1564.830099428577,1500.0,64.83009942857689,1,21.0,16.0,1.8800000000000003,-10.0,-30.0,30.0,-100.0,70.0,2.0,0.0,11.0,0.0,0.75,60.0,66.66666666666667,66.66666666666667,0.0,0.0,-1.0,0.30400000000000005,9.25,9.25,-0.06666666666666661
12,2024-2699-chris padilla--james llontop,2024,0,1409,1410,Chris Padilla,james llontop,155,185,0,-30.0,1500.0,1500.0,0.0,1,51.0,57.0,-3.68,30.0,100.0,33.400000000000006,33.3,33.3,0.0,0.0,3.0,0.0,0.0,0.0,0.0,0.0,0.0,0.0,0.0,0.0,-0.0,-0.0,0.0
12,2024-2700-chris padilla--rongzhu,2024,0,982,1409,Rongzhu,Chris Padilla,155,155,1,0.0,1491.1120500115767,1508.625,-17.512949988423316,0,0.0,-5.0,-1.7600000000000002,32.0,-16.0,-0.10000000000000853,-16.599999999999998,16.700000000000003,0.0,1.0,6.0,0.0,0.75,60.0,66.66666666666667,66.66666666666667,0.0,0.0,2.0,0.8655999999999999,-0.0,-0.0,0.0
12,2024-2701-chris weidman--eryk anders,2024,0,529,554,chris weidman,Eryk Anders,185,185,1,0.0,1500.0,1434.6100303867584,65.38996961324165,0,-48.0,-50.0,4.09,-24.0,-80.0,-55.6,0.0,-44.4,0.0,0.0,-18.0,0.0,-0.75,-40.0,-50.0,-50.0,0.0,0.0,2.0,-0.13440000000000002,-7.0,-0.0,1.6
12,2024-2702-christian leroy duncan--claudio ribeiro,2024,0,1241,1279,Christian Leroy Duncan,claudio ribeiro,185,185,1,0.0,1485.3786486151953,1500.0,-14.621351384804711,1,59.0,51.0,-2.94,11.0,71.0,80.0,0.0,20.0,0.0,0.0,7.0,0.0,0.75,66.66666666666667,100.0,100.0,0.0,0.0,1.0,0.76,-0.0,-0.0,-1.6666666666666667
12,2024-2703-christian leroy duncan--gregory rodrigues,2024,0,913,1241,Gregory Rodrigues,Christian Leroy Duncan,185,185,1,0.0,1481.0964022016954,1502.8100272158053,-21.713625014109994,1,-8.0,-1.0,-2.1,27.0,19.0,-5.0,0.0,5.0,0.0,0.0,5.0,0.0,0.0,-6.666666666666671,0.0,0.0,0.0,0.0,-2.0,-0.45599999999999996,-0.0,-0.0,2.0
12,2024-2704-christian rodriguez--isaac dulgarian,2024,0,1000,1301,Christian Rodriguez,Isaac Dulgarian,145,145,1,0.0,1518.432402936361,1513.7275026770842,4.704900259276883,1,-14.0,15.0,-1.03,-12.0,67.0,-50.0,-33.3,83.3,0.0,0.0,7.0,0.0,0.0,-20.0,-75.0,-100.0,25.0,0.0,1.0,-0.09599999999999997,-0.0,-0.0,1.1666666666666667
12,2024-2705-christian rodriguez--julian erosa,2024,0,352,1000,Julian Erosa,Christian Rodriguez,145,145,1,0.0,1458.4214814836027,1540.6070813252409,-82.18559984163812,1,-2.0,-8.0,-3.4199999999999995,3.0,-6.0,30.0,23.3,-53.3,0.0,0.0,8.0,0.0,0.0,-20.0,8.333333333333336,33.333333333333336,-25.0,0.0,-3.0,-0.5424,-0.0,-0.0,-0.6666666666666667
12,2024-2706-christien savoie--jacobe smith,2024,0,1411,1412,Jacobe Smith,christien savoie,170,185,0,-15.0,1500.0,1500.0,0.0,1,66.0,47.0,-2.86,90.0,100.0,66.7,33.3,0.0,0.0,0.0,3.0,0.0,0.0,0.0,0.0,0.0,0.0,0.0,0.0,0.0,-0.0,-0.0,0.0
12,2024-2707-christos giagos--ignacio bahamondes,2024,0,226,900,christos giagos,Ignacio Bahamondes,185,155,0,30.0,1500.0,1484.3503739422658,15.649626057734167,0,-45.0,-56.0,4.33,0.0,-75.0,-57.1,-28.6,-14.3,-1.0,0.0,-10.0,0.0,-0.75,-60.0,-66.66666666666667,-33.333333333333336,-33.333333333333336,0.0,-1.0,-0.7216,-0.0,-0.0,0.3333333333333333
12,2024-2708-cj vergara--ramazan temirov,2024,0,1003,1413,cj vergara,Ramazan Temirov,185,125,0,60.0,1500.0,1500.0,0.0,0,-40.0,-59.0,3.93,-50.0,-100.0,-50.0,0.0,-50.0,-1.0,0.0,-2.0,0.0,0.0,0.0,0.0,0.0,0.0,0.0,0.0,0.0,-0.0,-0.0,0.0
12,2024-2709-claudio puelles--fares ziam,2024,0,402,788,Claudio Puelles,Fares Ziam,155,155,1,0.0,1517.4361906117356,1503.8222261567093,13.613964455026235,0,-2.0,-18.0,-1.1599999999999997,-4.0,-10.0,-14.3,60.0,-45.7,0.0,0.0,-1.0,0.0,-0.25,0.0,50.0,0.0,50.0,0.0,0.0,0.0,8.0,8.0,2.333333333333333
12,2024-2710-clayton carpenter--lucas rocha,2024,0,1135,1288,Clayton Carpenter,Lucas Rocha,125,125,1,0.0,1510.1703855743435,1505.0625,5.107885574343527,1,11.0,16.0,1.7300000000000004,46.0,-19.0,-100.0,66.7,33.3,0.0,0.0,2.0,0.0,0.0,0.0,-50.0,-100.0,50.0,0.0,1.0,0.0,-0.0,-0.0,1.0
12,2024-2711-cody durden--joshua van,2024,0,880,1324,Cody Durden,Joshua Van,125,125,1,0.0,1468.2041389601934,1469.217318456774,-1.0131794965805057,0,-12.0,-7.0,2.0100000000000007,-16.0,-8.0,-8.399999999999995,16.7,-8.299999999999997,-2.0,0.0,4.0,0.0,0.0,-40.0,33.333333333333336,33.333333333333336,0.0,0.0,0.0,-0.13440000000000007,8.0,8.0,1.1666666666666665
12,2024-2712-cody durden--matt schnell,2024,0,469,880,Matt Schnell,Cody Durden,125,125,1,0.0,1529.4692095829864,1403.3242115735404,126.144998009446,0,-4.0,5.0,0.17999999999999972,-7.0,-30.0,-16.600000000000005,26.2,-9.600000000000001,3.0,0.0,1.0,0.0,-0.25,0.0,33.333333333333336,-33.333333333333336,66.66666666666667,0.0,-3.0,-0.5615999999999999,2.5999999999999996,1.5999999999999996,-0.7222222222222219
12,2024-2713-cody garbrandt--deiveson figueiredo,2024,0,317,539,Cody Garbrandt,Deiveson Figueiredo,135,135,1,0.0,1534.677609404962,1760.2403030260639,-225.56269362110197,0,-15.0,10.0,-0.0,-8.0,25.0,36.0,-30.8,-5.200000000000003,-7.0,-2.0,-3.0,0.0,0.0,0.0,33.333333333333336,33.333333333333336,0.0,-3.0,3.0,0.5039999999999999,-0.7999999999999998,-1.916666666666667,-0.8999999999999999
12,2024-2714-cody gibson--miles johns,2024,0,213,766,Cody Gibson,Miles Johns,135,135,1,0.0,1489.4862935765352,1490.4451935814197,-0.9589000048845264,0,1.0,-9.0,-0.18999999999999995,11.0,-14.0,4.800000000000004,33.3,-38.10000000000001,0.0,0.0,-2.0,0.0,0.25,-40.0,33.33333333333333,33.33333333333333,0.0,0.0,-2.0,-0.32320000000000004,-0.0,-0.0,-2.3333333333333335
12,2024-2715-cody stamann--damon blackshear,2024,0,608,1285,cody stamann,Da'Mon Blackshear,185,135,0,50.0,1500.0,1463.9880738911647,36.01192610883527,0,-45.0,-52.0,4.19,-33.0,-71.0,-20.0,-60.0,-20.0,0.0,0.0,-10.0,0.0,-0.75,-50.0,-100.0,-50.0,-50.0,0.0,1.0,-0.336,-0.0,-0.0,1.3333333333333335
12,2024-2716-colby covington--joaquin buckley,2024,0,221,918,Colby Covington,Joaquin Buckley,170,170,1,0.0,1602.1058709232266,1494.3039390585204,107.80193186470615,0,2.0,-5.0,-0.1599999999999997,-3.0,-4.0,-47.7,16.7,30.999999999999996,2.0,1.0,1.0,0.0,0.0,-20.0,-16.666666666666664,-16.666666666666664,0.0,2.0,-5.0,-0.6703999999999999,8.1,4.666666666666667,0.511111111111111
12,2024-2717-connor matthews--dennis buzukja,2024,0,892,1138,Dennis Buzukja,connor matthews,145,185,0,-40.0,1444.8827978313823,1500.0,-55.11720216861772,1,43.0,48.0,-4.82,27.0,75.0,50.0,0.0,50.0,0.0,0.0,6.0,0.0,0.75,25.0,0.0,0.0,0.0,0.0,-2.0,0.096,-0.0,-0.0,-0.6666666666666666
12,2024-2718-cortavious romious--gaston bolanos,2024,0,1226,1284,Gaston Bolanos,cortavious romious,135,185,0,-50.0,1512.4624999999999,1500.0,12.462499999999864,1,49.0,50.0,-2.4,100.0,42.0,0.0,0.0,100.0,0.0,0.0,4.0,0.0,0.75,100.0,0.0,0.0,0.0,0.0,1.0,1.0,-0.0,-0.0,2.3333333333333335
12,2024-2719-cory sandhagen--umar nurmagomedov,2024,0,624,1075,Cory Sandhagen,Umar Nurmagomedov,135,135,1,0.0,1747.5382640560867,1632.596112326816,114.94215172927079,0,-12.0,-4.0,-1.19,-5.0,-15.0,37.8,-24.199999999999996,-13.600000000000001,5.0,0.0,8.0,0.0,0.0,-20.0,-25.0,25.0,-50.0,0.0,0.0,-0.025600000000000067,7.4,5.8,1.0
12,2024-2720-court mcgee--tim means,2024,0,67,119,Court McGee,Tim Means,170,170,1,0.0,1414.0824346484521,1424.892902814433,-10.810468165980865,1,-13.0,0.0,-0.0,-16.0,6.0,-40.0,14.0,26.0,0.0,1.0,-5.0,0.0,0.0,0.0,-50.0,-50.0,0.0,0.0,0.0,0.012799999999999978,-15.0,-0.0,-0.46666666666666673
12,2024-2721-cristian quinonez--raoni barcelos,2024,0,645,1005,Raoni Barcelos,Cristian Quinonez,135,135,1,0.0,1439.224305442489,1485.3899717099866,-46.16566626749773,1,12.0,5.0,0.14999999999999947,-4.0,1.0,-27.8,22.2,5.600000000000001,0.0,0.0,9.0,0.0,0.0,-46.66666666666667,-50.0,-50.0,0.0,0.0,-2.0,-0.36160000000000003,9.0,9.0,-2.7333333333333334
12,2024-2722-curtis blaydes--jailton almeida,2024,0,405,1033,Curtis Blaydes,Jailton Almeida,265,205,0,60.0,1684.4911799033644,1784.070968841933,-99.57978893856875,1,-15.0,17.0,-1.1099999999999999,-12.0,-29.0,23.800000000000004,-55.6,31.799999999999997,8.0,0.0,9.0,0.0,0.0,-40.0,-13.333333333333329,26.66666666666667,-40.0,0.0,-6.0,-0.6384,4.333333333333334,5.733333333333334,-3.266666666666667
12,2024-2723-curtis blaydes--tom aspinall,2024,1,405,843,Curtis Blaydes,Tom Aspinall,265,265,1,0.0,1806.2826462718526,1765.7916371319047,40.49100913994789,0,-17.0,-7.0,0.8900000000000001,-52.0,-69.0,-17.9,-25.0,42.9,8.0,-2.0,10.0,0.0,0.0,-20.0,-33.33333333333333,16.66666666666667,-50.0,-1.0,-4.0,-0.6,0.20000000000000018,-0.09999999999999964,2.4
12,2024-2724-da woon jung--oumar sy,2024,0,1007,1415,da woon jung,Oumar Sy,185,205,0,-20.0,1500.0,1500.0,0.0,0,-48.0,-70.0,1.72,-36.0,-100.0,-33.400000000000006,-33.3,-33.3,0.0,0.0,-4.0,0.0,0.0,0.0,0.0,0.0,0.0,0.0,0.0,0.0,-0.0,-0.0,0.0
12,2024-2725-daermisi zhawupasi--suyoung you,2024,0,1274,1392,daermisi zhawupasi,SuYoung You,185,135,0,50.0,1500.0,1517.8059099833506,-17.805909983350602,0,-46.0,-70.0,1.96,-47.0,-66.0,0.0,0.0,-100.0,0.0,0.0,-5.0,0.0,0.0,0.0,0.0,0.0,0.0,0.0,0.0,0.0,-0.0,-0.0,0.0
12,2024-2726-damon blackshear--montel jackson,2024,0,631,1285,Montel Jackson,Da'Mon Blackshear,135,135,1,0.0,1546.2717226052623,1472.8357736653338,73.4359489399285,1,8.0,10.0,2.8000000000000007,29.0,-3.0,20.0,-50.0,30.0,1.0,0.0,2.0,0.0,0.0,50.0,-60.0,-10.0,-50.0,0.0,6.0,0.6639999999999999,-0.0,-0.0,3.6666666666666665
12,2024-2727-damon jackson--jim miller,2024,0,30,885,Jim Miller,damon jackson,155,185,0,-30.0,1450.7744802738896,1500.0,-49.225519726110406,1,42.0,56.0,-3.44,45.0,48.0,22.299999999999994,48.1,29.6,2.0,0.0,45.0,0.0,0.75,60.0,100.0,66.66666666666667,33.333333333333336,0.0,-1.0,0.3744,9.8,-0.0,-1.6666666666666667
12,2024-2728-dan argueta--jean matsumoto,2024,0,1314,1414,Jean Matsumoto,dan argueta,135,185,0,-50.0,1521.2063379048127,1500.0,21.2063379048127,1,41.0,48.0,-5.43,41.0,53.0,0.0,25.0,75.0,0.0,0.0,5.0,0.0,0.75,100.0,0.0,0.0,0.0,0.0,1.0,1.0,-0.0,-0.0,1.6666666666666667
12,2024-2729-dan hooker--mateusz gamrot,2024,0,235,915,Dan Hooker,Mateusz Gamrot,155,155,1,0.0,1588.8095098369156,1642.8170730084416,-54.007563171526044,1,-3.0,-8.0,-1.6799999999999997,-2.0,-12.0,12.5,1.8000000000000007,-14.299999999999997,1.0,0.0,11.0,0.0,0.0,-20.0,-16.666666666666664,-16.666666666666664,0.0,0.0,-2.0,-0.24,2.0,-0.5500000000000007,1.6333333333333335
12,2024-2730-dan ige--diego lopes,2024,0,535,1017,Dan Ige,Diego Lopes,145,145,1,0.0,1578.199355820116,1623.0182430671696,-44.81888724705368,0,-2.0,10.0,1.1999999999999997,-15.0,-11.0,1.5999999999999943,-3.3000000000000007,1.7000000000000028,3.0,0.0,13.0,0.0,0.0,10.0,-33.33333333333333,16.66666666666667,-50.0,0.0,3.0,0.5295999999999998,2.5999999999999996,-1.5999999999999996,-0.1333333333333333
12,2024-2731-dan ige--lerone murphy,2024,0,535,942,Dan Ige,Lerone Murphy,145,145,1,0.0,1547.90908854835,1552.0232473765368,-4.1141588281868735,0,-8.0,-5.0,-1.0500000000000003,-29.0,5.0,8.299999999999997,16.7,-25.0,2.0,0.0,11.0,0.0,0.0,-40.0,26.66666666666667,26.66666666666667,0.0,0.0,-3.0,-0.13440000000000007,12.6,8.4,-3.577777777777778
12,2024-2732-daniel barez--victor altamirano,2024,0,989,1360,Daniel Barez,victor altamirano,125,185,0,-60.0,1466.0169951364342,1500.0,-33.98300486356584,1,49.0,50.0,-5.95,28.0,80.0,0.0,0.0,100.0,0.0,0.0,4.0,0.0,0.75,0.0,0.0,0.0,0.0,0.0,-2.0,0.0,-0.0,-0.0,-1.0
12,2024-2733-daniel frunza--vadym kutsyi,2024,0,1416,1417,Daniel Frunza,vadym kutsyi,170,185,0,-15.0,1500.0,1500.0,0.0,1,40.0,56.0,-6.67,0.0,60.0,100.0,0.0,0.0,0.0,0.0,2.0,0.0,0.0,0.0,0.0,0.0,0.0,0.0,0.0,0.0,-0.0,-0.0,0.0
12,2024-2734-daniel lacerda--edgar chairez,2024,0,1136,1418,Edgar Chairez,daniel lacerda,125,185,0,-60.0,1460.4964729603316,1500.0,-39.50352703966837,1,44.0,42.0,-5.08,0.0,33.0,0.0,100.0,0.0,0.0,0.0,5.0,0.0,0.75,0.0,0.0,0.0,0.0,0.0,-2.0,0.0,-0.0,-0.0,-1.5
12,2024-2735-daniel marcos--john castaneda,2024,0,527,1115,John Castaneda,Daniel Marcos,135,135,1,0.0,1510.310424476747,1552.713121985688,-42.40269750894117,0,-3.0,-8.0,-1.0600000000000005,-9.0,-11.0,0.0,20.0,-20.0,0.0,0.0,3.0,0.0,0.0,-20.0,16.666666666666664,-8.333333333333336,25.0,0.0,0.0,-0.03839999999999999,-0.0,-0.0,-1.25
12,2024-2736-daniel pineda--darren elkins,2024,0,64,883,Darren Elkins,daniel pineda,145,185,0,-40.0,1493.339398384941,1500.0,-6.660601615059022,1,38.0,51.0,-3.34,34.0,56.0,20.999999999999993,15.8,63.2,7.0,0.0,30.0,0.0,0.75,60.0,66.66666666666667,33.333333333333336,33.333333333333336,0.0,2.0,0.8784,9.8,-0.0,-1.2
12,2024-2737-daniel pineda--nathaniel wood,2024,0,612,883,Nathaniel Wood,daniel pineda,145,185,0,-40.0,1504.2305635482603,1500.0,4.230563548260307,1,51.0,56.0,-3.89,48.0,72.0,0.0,33.3,66.7,0.0,0.0,12.0,0.0,0.75,60.0,0.0,0.0,0.0,0.0,1.0,0.7343999999999999,7.0,7.0,1.8
12,2024-2738-daniel rodriguez--kelvin gastelum,2024,0,163,776,Kelvin Gastelum,Daniel Rodriguez,185,170,0,15.0,1505.7745310921239,1525.2707822794323,-19.496251187308417,1,-7.0,0.0,1.9100000000000001,-16.0,-6.0,-4.199999999999999,6.300000000000001,-2.1000000000000014,6.0,1.0,8.0,0.0,0.0,-20.0,-33.333333333333336,-33.333333333333336,0.0,0.0,2.0,0.3919999999999999,4.25,5.6,-2.2666666666666666
12,2024-2739-daniel zellhuber--esteban ribovics,2024,0,1009,1155,Daniel Zellhuber,Esteban Ribovics,155,155,1,0.0,1501.81757253565,1488.0645391387643,13.753033396885712,0,-4.0,2.0,0.3899999999999997,-41.0,24.0,-40.0,25.0,15.0,0.0,0.0,0.0,0.0,0.0,8.333333333333329,-16.666666666666664,-50.0,33.333333333333336,0.0,3.0,0.504,-0.0,-0.0,0.22222222222222218
12,2024-2740-daniel zellhuber--francisco prado,2024,0,1009,1302,Daniel Zellhuber,Francisco Prado,155,170,0,-15.0,1467.7337533969064,1474.720523884499,-6.986770487592594,1,-4.0,2.0,-0.96,6.0,44.0,-100.0,25.0,75.0,0.0,0.0,2.0,0.0,0.0,25.0,-66.66666666666666,-100.0,33.333333333333336,0.0,3.0,0.504,-0.0,-0.0,3.2222222222222223
12,2024-2741-danny barlow--josh quinlan,2024,0,1286,1323,Danny Barlow,josh quinlan,185,185,1,0.0,1505.0625,1500.0,5.0625,1,50.0,51.0,-3.7,0.0,100.0,66.7,0.0,33.3,0.0,0.0,4.0,0.0,0.75,100.0,100.0,100.0,0.0,0.0,1.0,1.0,-0.0,-0.0,0.0
12,2024-2742-danny barlow--nikolay veretennikov,2024,0,1064,1286,Nikolay Veretennikov,Danny Barlow,170,185,0,-15.0,1488.943359375,1513.6560834048112,-24.71272402981117,0,5.0,-5.0,0.27,18.0,-38.0,-66.7,0.0,66.7,0.0,0.0,0.0,0.0,-0.4,-100.0,-100.0,-100.0,0.0,0.0,-2.0,-1.0,-0.0,-0.0,-1.6666666666666667
12,2024-2743-danny silva--josh culibao,2024,0,1049,1237,josh culibao,Danny Silva,185,145,0,40.0,1500.0,1514.9625,-14.962500000000091,0,-55.0,-61.0,7.47,-33.0,-81.0,0.0,0.0,-100.0,0.0,0.0,-4.0,0.0,-0.75,-100.0,0.0,0.0,0.0,0.0,-1.0,-1.0,-0.0,-0.0,-3.0
12,2024-2744-darrius flowers--evan elder,2024,0,1094,1157,Darrius Flowers,Evan Elder,155,155,1,0.0,1477.5976497482993,1465.2025577275149,12.395092020784432,0,-1.0,-13.0,-0.5499999999999998,13.0,23.0,0.0,66.7,-66.7,0.0,0.0,-1.0,0.0,0.0,16.666666666666664,100.0,0.0,100.0,0.0,0.0,0.16000000000000003,-0.0,-0.0,0.6666666666666667
12,2024-2745-darrius flowers--michael johnson,2024,0,81,1094,Michael Johnson,Darrius Flowers,155,155,1,0.0,1420.0251301187366,1434.088181591403,-14.06305147266653,1,-10.0,14.0,1.7000000000000002,10.0,18.0,37.5,-100.0,62.5,3.0,0.0,27.0,0.0,0.0,-10.0,-50.0,50.0,-100.0,0.0,0.0,-0.12160000000000004,9.2,-0.0,-0.2666666666666666
12,2024-2746-davey grant--ramon taveras,2024,0,168,1283,Davey Grant,Ramon Taveras,135,145,0,-10.0,1468.6031920867028,1479.6270722628665,-11.02388017616363,1,0.0,-2.0,3.67,40.0,-37.0,-12.5,12.5,0.0,0.0,0.0,10.0,0.0,0.0,10.0,0.0,-33.33333333333333,33.333333333333336,0.0,2.0,0.3343999999999999,5.0,5.0,-4.4408920985006264e-17
12,2024-2747-david martinez--xavier franklin,2024,0,1419,1420,David Martinez,xavier franklin,135,185,0,-50.0,1500.0,1500.0,0.0,1,52.0,67.0,-2.7,0.0,100.0,50.0,0.0,50.0,0.0,0.0,2.0,0.0,0.0,0.0,0.0,0.0,0.0,0.0,0.0,0.0,-0.0,-0.0,0.0
12,2024-2748-david onama--jonathan pearce,2024,0,805,1014,jonathan pearce,David Onama,185,145,0,40.0,1500.0,1487.449510910025,12.550489089974917,0,-50.0,-52.0,4.73,-30.0,-52.0,-33.3,-16.7,-50.0,-1.0,0.0,-8.0,0.0,-0.75,-60.0,-100.0,-66.66666666666667,-33.333333333333336,0.0,-3.0,-0.9359999999999999,-0.0,-0.0,1.1666666666666665
12,2024-2749-david onama--roberto romero,2024,0,1014,1421,David Onama,Roberto Romero,145,145,1,0.0,1498.8767402901478,1500.0,-1.1232597098521637,1,1.0,8.0,1.71,30.0,-19.0,-66.7,16.7,50.0,1.0,0.0,6.0,0.0,0.75,60.0,100.0,66.66666666666667,33.333333333333336,0.0,3.0,0.9359999999999999,-0.0,-0.0,-1.1666666666666665
12,2024-2750-deiveson figueiredo--marlon vera,2024,0,280,539,Marlon Vera,Deiveson Figueiredo,135,135,1,0.0,1643.652161032779,1848.9619071978764,-205.3097461650973,0,-5.0,1.0,-1.73,4.0,14.0,15.899999999999988,-4.100000000000001,-11.8,-4.0,-3.0,5.0,0.0,0.0,20.0,-8.333333333333336,-8.333333333333336,0.0,-3.0,0.0,0.03839999999999999,-5.0,-5.85,-0.7999999999999998
12,2024-2751-deiveson figueiredo--petr yan,2024,0,539,667,Deiveson Figueiredo,Petr Yan,135,135,1,0.0,1956.0359489686653,1565.0481744562965,390.9877745123688,0,0.0,-9.0,0.49999999999999956,-13.0,-27.0,-5.699999999999992,30.8,-25.1,1.0,1.0,4.0,0.0,0.0,40.0,33.333333333333336,33.333333333333336,0.0,0.0,3.0,0.336,3.5999999999999996,1.75,1.5999999999999999
12,2024-2752-denis tiuliulin--sedriques dumas,2024,0,1089,1206,denis tiuliulin,Sedriques Dumas,185,185,1,0.0,1500.0,1499.9480174989765,0.05198250102353086,0,-45.0,-55.0,2.5,-35.0,-40.0,0.0,-25.0,-75.0,0.0,0.0,-7.0,0.0,-0.75,-75.0,-33.333333333333336,0.0,-33.333333333333336,0.0,1.0,-0.4,-0.0,-0.0,-1.6666666666666667
12,2024-2753-dennis buzukja--francis marshall,2024,0,892,1137,Dennis Buzukja,Francis Marshall,145,145,1,0.0,1453.8470244891057,1468.808684061461,-14.961659572355302,0,10.0,-6.0,-0.7200000000000006,-17.0,9.0,16.700000000000003,0.0,-16.700000000000003,0.0,0.0,0.0,0.0,0.0,-25.0,-50.0,-50.0,0.0,0.0,0.0,-0.06400000000000003,-0.0,-0.0,-1.8333333333333335
12,2024-2754-denys bondar--ronaldo rodriguez,2024,0,925,1422,Ronaldo Rodriguez,denys bondar,125,185,0,-60.0,1494.34423828125,1500.0,-5.65576171875,1,43.0,44.0,-3.8,36.0,64.0,0.0,50.0,50.0,0.0,0.0,4.0,0.0,0.35,0.0,0.0,0.0,0.0,0.0,-1.0,0.0,-0.0,-0.0,0.0
12,2024-2755-derrick lewis--rodrigo nascimento,2024,0,243,1423,Derrick Lewis,rodrigo nascimento,265,185,0,80.0,1550.1505041638688,1500.0,50.150504163868845,1,50.0,40.0,-2.49,26.0,52.0,80.0,0.0,20.0,14.0,0.0,30.0,0.0,0.75,20.0,100.0,100.0,0.0,0.0,-1.0,0.24,10.0,8.4,-0.0666666666666667
12,2024-2756-devin clark--marcin prachnio,2024,0,544,700,devin clark,Marcin Prachnio,185,205,0,-20.0,1500.0,1462.3261170306112,37.67388296938884,0,-54.0,-54.0,3.15,-20.0,-53.0,-25.0,0.0,-75.0,0.0,0.0,-11.0,0.0,-0.75,-60.0,-33.333333333333336,-33.333333333333336,0.0,0.0,-1.0,-0.664,-0.0,-0.0,-1.0
12,2024-2757-diego ferreira--mateusz rebecki,2024,0,224,1208,Diego Ferreira,Mateusz Rebecki,155,155,1,0.0,1505.46919813161,1542.7960470147846,-37.326848883174534,1,-6.0,0.0,1.0700000000000003,-35.0,7.0,30.0,-20.0,-10.0,1.0,0.0,9.0,0.0,0.0,-60.0,25.0,25.0,0.0,0.0,-3.0,-0.37440000000000007,9.2,8.0,-3.0
12,2024-2758-diego lopes--sodiq yusuff,2024,0,705,1017,Sodiq Yusuff,Diego Lopes,155,145,0,10.0,1517.3958495283453,1668.2640338085544,-150.8681842802091,0,2.0,7.0,0.46999999999999975,-17.0,-5.0,-11.399999999999999,-5.699999999999999,17.1,-1.0,0.0,3.0,0.0,0.0,10.0,-66.66666666666666,-50.0,-16.666666666666664,0.0,0.0,0.02560000000000001,-2.5,-2.5,1.6
12,2024-2759-djorden santos--will currie,2024,0,1487,1516,djorden santos,will currie,185,185,1,0.0,1500.0,1500.0,0.0,1,43.0,49.0,-5.87,40.0,86.0,0.0,0.0,100.0,0.0,0.0,2.0,0.0,0.0,0.0,0.0,0.0,0.0,0.0,0.0,0.0,-0.0,-0.0,0.0
12,2024-2760-dominick reyes--dustin jacoby,2024,0,96,546,Dustin Jacoby,Dominick Reyes,205,205,1,0.0,1511.2862691171335,1534.165009785893,-22.87874066875952,0,-7.0,7.0,-0.47999999999999954,-3.0,-20.0,-6.700000000000003,-11.1,17.8,-4.0,0.0,4.0,0.0,0.25,40.0,66.66666666666667,66.66666666666667,0.0,-2.0,3.0,0.27840000000000004,-8.600000000000001,-8.25,-0.9777777777777776
12,2024-2761-donghun choi--jiniushiyue,2024,0,1319,1382,jiniushiyue,DongHun Choi,185,125,0,60.0,1500.0,1510.75,-10.75,0,-66.0,-58.0,3.13,-14.0,-81.0,-33.3,0.0,-66.7,0.0,0.0,-3.0,0.0,0.0,0.0,0.0,0.0,0.0,0.0,0.0,0.0,-0.0,-0.0,0.0
12,2024-2762-donghun choi--kiru sahota,2024,0,1382,1424,DongHun Choi,Kiru Sahota,125,125,1,0.0,1521.4168726224261,1500.0,21.416872622426126,1,14.0,17.0,-0.48999999999999977,-19.0,31.0,33.3,0.0,-33.3,0.0,0.0,0.0,0.0,0.0,0.0,0.0,0.0,0.0,0.0,0.0,0.0,-0.0,-0.0,0.0
12,2024-2763-dontale mayes--shamil gaziev,2024,0,762,1304,dontale mayes,Shamil Gaziev,185,265,0,-80.0,1500.0,1510.1004144525732,-10.100414452573204,0,-48.0,-44.0,3.87,-30.0,-83.0,-50.0,-25.0,-25.0,-1.0,0.0,-5.0,0.0,-0.75,-100.0,-100.0,-50.0,-50.0,0.0,-2.0,-1.0,-0.0,-0.0,0.0
12,2024-2764-dooho choi--nate landwehr,2024,0,247,888,Dooho Choi,Nate Landwehr,145,145,1,0.0,1500.8334337972562,1483.9582008984728,16.87523289878345,1,11.0,4.0,1.8100000000000005,12.0,-24.0,80.0,-40.0,-40.0,0.0,0.0,-1.0,0.0,-0.55,-20.0,33.33333333333333,100.0,-66.66666666666667,0.0,-3.0,-0.6,6.5,6.5,-3.0
12,2024-2765-douglas silva de andrade--miles johns,2024,0,250,766,Douglas Silva de Andrade,Miles Johns,135,135,1,0.0,1488.1007791615634,1511.7554797096002,-23.65470054803677,0,-6.0,-9.0,-0.94,16.0,-11.0,0.0,14.3,-14.300000000000004,0.0,0.0,2.0,0.0,0.25,0.0,0.0,-33.333333333333336,33.333333333333336,0.0,3.0,0.5039999999999999,5.5,-0.0,-0.0888888888888889
12,2024-2766-drakkar klose--joaquim silva,2024,0,348,538,Joaquim Silva,Drakkar Klose,155,155,1,0.0,1477.2716412610712,1520.6086741671443,-43.33703290607309,0,-12.0,4.0,-0.8800000000000003,24.0,0.0,30.0,0.0,-30.0,0.0,0.0,-2.0,0.0,0.0,-40.0,0.0,0.0,0.0,0.0,-4.0,-0.6255999999999999,12.0,12.0,-0.9666666666666667
12,2024-2767-drakkar klose--joel alvarez,2024,0,538,773,Drakkar Klose,Joel Alvarez,155,155,1,0.0,1543.839903054006,1502.2525513196179,41.58735173438822,0,2.0,-1.0,-0.33000000000000007,26.0,29.0,-37.1,-42.9,80.0,-1.0,0.0,4.0,0.0,0.0,0.0,-50.0,25.0,-75.0,0.0,2.0,0.2016,-6.0,-6.0,4.8
12,2024-2768-drew dober--jean silva,2024,0,32,1316,Drew Dober,Jean Silva,155,145,0,10.0,1488.7436522594194,1515.9364155560293,-27.192763296609883,0,-12.0,-5.0,-0.20000000000000018,-33.0,-30.0,4.900000000000006,-9.6,4.699999999999999,0.0,0.0,19.0,0.0,0.0,-20.0,100.0,100.0,0.0,0.0,-2.0,-0.6,6.0,6.0,-0.2666666666666667
12,2024-2769-drew dober--renato moicano,2024,0,32,291,Drew Dober,Renato Moicano,155,155,1,0.0,1446.4607502584545,1581.6694333973865,-135.20868313893197,0,-8.0,-8.0,-0.7600000000000002,-24.0,-6.0,54.8,-42.9,-11.899999999999999,-6.0,0.0,6.0,0.0,0.25,0.0,0.0,100.0,-100.0,0.0,-2.0,-0.36,-7.4,-7.5,0.8999999999999999
12,2024-2770-dricus du plessis--israel adesanya,2024,1,630,896,Israel Adesanya,Dricus Du Plessis,185,185,1,0.0,1989.2878355295245,1770.2353592500951,219.05247627942936,0,0.0,3.0,1.13,-40.0,42.0,-6.000000000000007,-22.2,28.200000000000003,3.0,5.0,8.0,0.0,0.0,-40.0,-46.666666666666664,-26.666666666666664,-20.0,5.0,-4.0,-0.26560000000000006,0.04999999999999982,4.25,-0.2666666666666666
12,2024-2771-dricus du plessis--sean strickland,2024,1,276,896,Sean Strickland,Dricus Du Plessis,185,185,1,0.0,1870.5650745481337,2063.140098017293,-192.5750234691593,0,-6.0,8.0,-0.2400000000000002,13.0,42.0,-19.500000000000007,-16.0,35.5,0.0,-2.0,13.0,0.0,0.0,-20.0,-55.0,-35.0,-20.0,1.0,-1.0,-0.025600000000000067,-1.5500000000000007,-0.0,0.3999999999999999
12,2024-2772-dusko todorovic--mansur abdulmalik,2024,0,789,1425,Dusko Todorovic,Mansur Abdul-Malik,185,185,1,0.0,1444.2023240351698,1500.0,-55.797675964830205,0,9.0,-4.0,-1.04,-16.0,-40.0,-25.0,0.0,25.0,0.0,0.0,6.0,0.0,0.75,20.0,100.0,100.0,0.0,0.0,-2.0,0.096,-0.0,-0.0,-1.1666666666666667
12,2024-2773-dustin jacoby--vitor petrino,2024,0,96,1219,Dustin Jacoby,Vitor Petrino,205,265,0,-60.0,1473.9601224537078,1515.1266666329882,-41.166544179280436,1,2.0,10.0,-1.4199999999999995,-33.0,-9.0,26.599999999999994,-33.3,6.700000000000003,2.0,0.0,9.0,0.0,0.0,-40.0,-8.333333333333329,16.66666666666667,-25.0,0.0,-5.0,-0.696,5.6,5.25,-3.5333333333333337
12,2024-2774-dustin poirier--islam makhachev,2024,1,136,295,dustin poirier,Islam Makhachev,185,170,0,15.0,1500.0,2166.5717633108043,-666.5717633108043,0,-58.0,-61.0,1.55,-53.0,-90.0,-18.8,-50.0,-31.2,-8.0,-5.0,-17.0,0.0,-0.75,-100.0,-80.0,-40.0,-40.0,-3.0,-5.0,-1.0,-9.4,-13.666666666666668,-2.533333333333333
12,2024-2775-dustin stoltzfus--marcandre barriault,2024,0,730,898,Marc-Andre Barriault,Dustin Stoltzfus,185,185,1,0.0,1451.5714671121036,1390.5718449835379,60.99962212856576,0,2.0,3.0,-2.4899999999999998,-13.0,22.0,0.0,-8.3,8.299999999999997,0.0,0.0,5.0,0.0,0.0,20.0,16.66666666666667,33.333333333333336,-16.666666666666664,0.0,0.0,0.03839999999999999,-0.0,-0.0,1.3666666666666667
12,2024-2776-edgar chairez--joshua van,2024,0,1136,1324,Edgar Chairez,Joshua Van,125,125,1,0.0,1469.3655881635216,1509.0865643416876,-39.720976178165984,0,-12.0,-15.0,1.2800000000000002,-63.0,-48.0,-25.0,100.0,-75.0,-3.0,0.0,-4.0,0.0,0.0,-100.0,0.0,0.0,0.0,0.0,-4.0,-1.0,-0.0,-0.0,-2.5
12,2024-2777-edmen shahbazyan--gerald meerschaert,2024,0,439,619,Gerald Meerschaert,Edmen Shahbazyan,185,185,1,0.0,1420.4359689203425,1477.359351765099,-56.92338284475659,1,-3.0,5.0,0.1299999999999999,-7.0,-24.0,-58.400000000000006,80.60000000000001,-22.2,-1.0,0.0,10.0,0.0,0.0,20.0,0.0,-100.0,100.0,0.0,-2.0,-0.176,-3.75,-11.333333333333334,-1.1666666666666667
12,2024-2778-edson barboza--lerone murphy,2024,0,72,942,Edson Barboza,Lerone Murphy,155,145,0,10.0,1559.020639767185,1608.7199135060748,-49.699273738889815,0,-9.0,-6.0,-2.09,-4.0,22.0,16.700000000000003,0.0,-16.700000000000003,7.0,0.0,21.0,0.0,0.0,-40.0,26.66666666666667,26.66666666666667,0.0,0.0,-3.0,-0.12160000000000004,10.6,9.0,-2.577777777777778
12,2024-2779-elizeu zaleski dos santos--randy brown,2024,0,331,394,Elizeu Zaleski dos Santos,Randy Brown,170,170,1,0.0,1524.5305177188836,1467.2345268559786,57.295990862905,0,-6.0,1.0,-0.30000000000000027,-19.0,-6.0,7.799999999999997,-12.299999999999999,4.5,1.0,0.0,-2.0,0.0,0.0,0.0,0.0,0.0,0.0,0.0,4.0,0.5616,-3.0,6.0,0.4
12,2024-2780-elizeu zaleski dos santos--zachary scroggin,2024,0,331,1426,Elizeu Zaleski dos Santos,zachary scroggin,170,185,0,-15.0,1486.4090912068552,1500.0,-13.590908793144763,1,41.0,55.0,-3.56,20.0,67.0,36.4,9.1,54.5,1.0,0.0,18.0,0.0,0.75,80.0,25.0,0.0,25.0,0.0,3.0,0.9616,6.0,6.0,1.1333333333333333
12,2024-2781-elves brener--joel alvarez,2024,0,773,1293,Joel Alvarez,Elves Brener,155,155,1,0.0,1511.1344245521989,1522.9745017445039,-11.840077192304989,1,6.0,0.0,2.5400000000000005,-16.0,-36.0,-9.600000000000001,42.9,-33.3,1.0,0.0,3.0,0.0,0.0,-20.0,33.33333333333333,-41.66666666666667,75.0,0.0,-2.0,-0.24,6.0,6.0,-4.666666666666667
12,2024-2782-elves brener--myktybek orolbai,2024,0,1293,1349,Elves Brener,Myktybek Orolbai,155,155,1,0.0,1479.4822352783492,1505.0698761055799,-25.587640827230643,0,-1.0,0.0,-2.7800000000000002,-29.0,36.0,66.7,-66.7,0.0,0.0,0.0,2.0,0.0,0.0,0.0,-33.33333333333333,66.66666666666667,-100.0,0.0,2.0,0.0,-0.0,-0.0,1.6666666666666667
12,2024-2783-erik silva--muhammad naimov,2024,0,882,1102,Muhammad Naimov,Erik Silva,145,145,1,0.0,1504.5139467053752,1487.2797226758616,17.234224029513598,1,-30.0,5.0,-1.8800000000000001,-44.0,5.0,-60.0,0.0,60.0,0.0,0.0,4.0,0.0,0.25,16.66666666666667,-50.0,-50.0,0.0,0.0,1.0,0.24,-0.0,-0.0,-0.33333333333333337
12,2024-2784-ernie juarez--jose delgado,2024,0,1427,1428,Jose Delgado,ernie juarez,145,185,0,-40.0,1500.0,1500.0,0.0,1,49.0,55.0,-3.67,60.0,71.0,100.0,0.0,0.0,0.0,0.0,3.0,0.0,0.0,0.0,0.0,0.0,0.0,0.0,0.0,0.0,-0.0,-0.0,0.0
12,2024-2785-eryk anders--jamie pickett,2024,0,554,803,Eryk Anders,jamie pickett,185,185,1,0.0,1443.6361279724847,1500.0,-56.3638720275153,1,48.0,50.0,-4.09,24.0,80.0,55.6,0.0,44.4,0.0,0.0,18.0,0.0,0.75,40.0,50.0,50.0,0.0,0.0,-2.0,0.13440000000000002,7.0,-0.0,-1.6
12,2024-2786-esteban ribovics--terrance mckinney,2024,0,837,1155,Terrance McKinney,Esteban Ribovics,155,155,1,0.0,1453.1197469043823,1498.92086671629,-45.80111981190771,0,13.0,-7.0,3.7199999999999998,-26.0,7.0,17.1,42.9,-60.0,0.0,0.0,5.0,0.0,0.0,-6.666666666666671,50.0,16.66666666666667,33.333333333333336,0.0,-1.0,-0.24,-0.0,-0.0,0.0
12,2024-2787-fares ziam--matt frevola,2024,0,586,788,Matt Frevola,Fares Ziam,155,155,1,0.0,1486.3994536228054,1518.0434497497147,-31.643996126909315,0,-11.0,-7.0,-2.07,-1.0,-34.0,35.7,16.7,-52.400000000000006,1.0,0.0,3.0,0.0,0.0,-20.0,100.0,100.0,0.0,0.0,0.0,-0.025600000000000067,6.0,6.0,-0.44444444444444453
12,2024-2788-farid basharat--taylor lapilus,2024,0,1090,1429,Farid Basharat,taylor lapilus,135,185,0,-50.0,1529.9359897093263,1500.0,29.93598970932635,1,55.0,59.0,-2.57,44.0,80.0,0.0,20.0,80.0,0.0,0.0,5.0,0.0,0.75,100.0,33.333333333333336,0.0,33.333333333333336,0.0,3.0,1.0,-0.0,-0.0,2.333333333333333
12,2024-2789-farid basharat--victor hugo,2024,0,1090,1430,Farid Basharat,victor hugo,135,185,0,-50.0,1563.1809509493646,1500.0,63.180950949364615,1,55.0,59.0,-2.57,44.0,80.0,0.0,20.0,80.0,0.0,0.0,5.0,0.0,0.75,100.0,33.333333333333336,0.0,33.333333333333336,0.0,3.0,1.0,-0.0,-0.0,2.333333333333333
12,2024-2790-felipe bunes--joshua van,2024,0,1324,1431,Joshua Van,Felipe Bunes,125,125,1,0.0,1520.0892813108287,1500.0,20.08928131082871,1,6.0,13.0,-1.7000000000000002,41.0,41.0,25.0,-100.0,75.0,3.0,0.0,6.0,0.0,0.75,100.0,0.0,0.0,0.0,0.0,2.0,1.0,-0.0,-0.0,1.0
12,2024-2791-felipe lima--miles johns,2024,0,766,1432,Miles Johns,Felipe Lima,135,135,1,0.0,1535.6588925438466,1500.0,35.658892543846605,0,-1.0,2.0,-0.08000000000000007,-1.0,-2.0,28.6,-50.0,21.400000000000006,0.0,0.0,8.0,0.0,0.5,60.0,66.66666666666667,66.66666666666667,0.0,0.0,-1.0,0.36160000000000003,-0.0,-0.0,0.888888888888889
12,2024-2792-felipe lima--muhammad naimov,2024,0,882,1432,Muhammad Naimov,Felipe Lima,145,135,0,10.0,1521.5502043726012,1521.8702571981496,-0.3200528255483732,0,-5.0,-19.0,-0.54,9.0,-18.0,40.0,-50.0,10.0,0.0,0.0,4.0,0.0,0.75,66.66666666666667,50.0,50.0,0.0,0.0,2.0,0.84,-0.0,-0.0,-0.33333333333333337
12,2024-2793-fernando padilla--luis pajuelo,2024,0,1300,1433,Fernando Padilla,luis pajuelo,145,185,0,-40.0,1479.4253114121757,1500.0,-20.574688587824312,1,40.0,52.0,-5.74,0.0,100.0,50.0,50.0,0.0,0.0,0.0,4.0,0.0,0.75,50.0,100.0,100.0,0.0,0.0,1.0,0.6,-0.0,-0.0,-1.6666666666666667
12,2024-2794-fernando padilla--sean woodson,2024,0,816,1300,Sean Woodson,Fernando Padilla,145,145,1,0.0,1574.3884784974996,1488.177852709519,86.21062578798069,1,6.0,6.0,1.5600000000000005,55.0,-16.0,-12.5,-50.0,62.5,0.0,0.0,7.0,0.0,0.0,30.0,-50.0,-50.0,0.0,0.0,2.0,0.36160000000000003,-0.0,-0.0,4.111111111111112
12,2024-2795-fernie garcia--hyder amil,2024,0,1114,1295,fernie garcia,Hyder Amil,185,145,0,40.0,1500.0,1507.4625,-7.462500000000091,0,-57.0,-51.0,4.18,-20.0,-81.0,-50.0,0.0,-50.0,0.0,0.0,-5.0,0.0,-0.75,-100.0,0.0,0.0,0.0,0.0,-1.0,-1.0,-0.0,-0.0,-1.0
12,2024-2796-francesco mazzeo--kevin christian,2024,0,1517,1518,Kevin Christian,francesco mazzeo,205,185,0,20.0,1500.0,1500.0,0.0,1,35.0,55.0,-1.83,0.0,50.0,0.0,100.0,0.0,0.0,0.0,1.0,0.0,0.0,0.0,0.0,0.0,0.0,0.0,0.0,0.0,-0.0,-0.0,0.0
12,2024-2797-gabriel benitez--jim miller,2024,0,30,302,Jim Miller,gabriel benitez,155,185,0,-30.0,1459.7029550941616,1500.0,-40.29704490583845,1,42.0,56.0,-3.44,45.0,48.0,22.299999999999994,48.1,29.6,2.0,0.0,45.0,0.0,0.75,60.0,100.0,66.66666666666667,33.333333333333336,0.0,-1.0,0.3744,9.8,-0.0,-1.6666666666666667
12,2024-2798-gabriel benitez--maheshate,2024,0,302,955,gabriel benitez,Maheshate,185,155,0,30.0,1500.0,1460.1874013067031,39.81259869329688,0,-31.0,-51.0,5.96,0.0,-47.0,-33.3,0.0,-66.7,0.0,0.0,-7.0,0.0,-0.75,-50.0,-50.0,-50.0,0.0,0.0,1.0,-0.30400000000000005,-0.0,-0.0,1.0
12,2024-2799-gabriel miranda--morgan charriere,2024,0,1107,1337,gabriel miranda,Morgan Charriere,185,145,0,40.0,1500.0,1469.3150869810872,30.684913018912766,0,-50.0,-53.0,4.54,-46.0,-83.0,-100.0,0.0,0.0,0.0,0.0,-5.0,0.0,-0.75,-100.0,-100.0,-100.0,0.0,0.0,-1.0,-1.0,-0.0,-0.0,0.0
12,2024-2800-gabriel santos--yizha,2024,0,1197,1290,Yizha,Gabriel Santos,145,145,1,0.0,1499.3758513636274,1454.3495659454811,45.026285418146244,0,-15.0,2.0,1.4999999999999996,-24.0,-33.0,16.7,0.0,-16.700000000000003,0.0,1.0,4.0,0.0,0.0,80.0,50.0,0.0,50.0,1.0,1.0,0.4,-0.0,-0.0,1.3333333333333333
12,2024-2801-garrett armfield--serhiy sidey,2024,0,1144,1354,Garrett Armfield,Serhiy Sidey,135,135,1,0.0,1457.5393533958527,1505.0870855474268,-47.54773215157411,0,14.0,2.0,0.6199999999999997,25.0,44.0,16.700000000000003,0.0,-16.700000000000003,0.0,0.0,1.0,0.0,0.0,-50.0,0.0,0.0,0.0,0.0,0.0,-0.4,-0.0,-0.0,0.0
12,2024-2802-gaston bolanos--marcus mcghee,2024,0,1226,1326,Gaston Bolanos,Marcus McGhee,135,135,1,0.0,1535.2480775158265,1510.1004144525732,25.147663063253276,0,4.0,-7.0,1.2400000000000002,86.0,-48.0,-50.0,-25.0,75.0,-1.0,0.0,-1.0,0.0,0.0,0.0,-100.0,-50.0,-50.0,0.0,-1.0,0.0,-0.0,-0.0,2.3333333333333335
12,2024-2803-gauge young--quillan salkilld,2024,0,1434,1435,Quillan Salkilld,Gauge Young,155,155,1,0.0,1500.0,1500.0,0.0,1,8.0,-3.0,2.3600000000000003,7.0,29.0,33.3,0.0,-33.3,0.0,0.0,0.0,0.0,0.0,0.0,0.0,0.0,0.0,0.0,0.0,0.0,-0.0,-0.0,0.0
12,2024-2804-geoff neal--ian machado garry,2024,0,525,1029,Geoff Neal,Ian Machado Garry,170,170,1,0.0,1546.6072069388767,1631.832514038297,-85.2253070994202,0,-3.0,6.0,-2.7100000000000004,12.0,14.0,33.400000000000006,11.1,-44.5,-1.0,0.0,4.0,0.0,0.0,-60.0,10.0,10.0,0.0,0.0,-6.0,-0.7216,3.4000000000000004,4.4,-4.0
12,2024-2805-geoff neal--rafael dos anjos,2024,0,34,525,Rafael Dos Anjos,Geoff Neal,170,170,1,0.0,1608.9947394587064,1518.4254560920024,90.56928336670398,0,-4.0,3.0,2.2500000000000004,-10.0,-33.0,-47.60000000000001,12.700000000000001,34.900000000000006,9.0,2.0,22.0,0.0,0.0,0.0,0.0,-50.0,50.0,0.0,0.0,0.0,3.8,1.0,1.0
12,2024-2806-gerald meerschaert--reinier de ridder,2024,0,439,1436,Gerald Meerschaert,Reinier de Ridder,185,185,1,0.0,1429.411118600967,1500.0,-70.58888139903297,0,-7.0,3.0,-1.0500000000000003,3.0,-24.0,-16.7,41.7,-25.0,-2.0,0.0,20.0,0.0,0.75,40.0,100.0,0.0,100.0,0.0,-3.0,0.06400000000000002,7.0,-0.0,-1.6666666666666667
12,2024-2807-gilbert burns--jack della maddalena,2024,0,216,971,Gilbert Burns,Jack Della Maddalena,170,170,1,0.0,1637.663101066385,1616.536816484121,21.126284582264134,0,-4.0,-12.0,0.8900000000000001,26.0,-16.0,-24.499999999999993,22.199999999999996,2.3000000000000043,2.0,-1.0,15.0,0.0,0.0,-60.0,-10.0,-40.0,30.0,1.0,-3.0,-0.16000000000000003,6.9,4.0,-0.7999999999999999
12,2024-2808-gilbert burns--sean brady,2024,0,216,769,Gilbert Burns,Sean Brady,170,170,1,0.0,1607.6426931646477,1582.2352897105516,25.407403454096084,0,-7.0,-7.0,-0.7000000000000002,-17.0,-33.0,20.0,-16.700000000000003,-3.299999999999997,1.0,0.0,15.0,0.0,0.0,-40.0,0.0,0.0,0.0,1.0,1.0,0.07999999999999996,0.7333333333333334,-2.166666666666667,-0.9111111111111111
12,2024-2809-grant dawson--joe solecki,2024,0,480,858,Grant Dawson,joe solecki,155,185,0,-30.0,1610.8710495643825,1500.0,110.87104956438247,1,52.0,44.0,-2.11,40.0,57.0,16.59999999999999,41.7,41.7,1.0,0.0,14.0,0.0,0.75,80.0,75.0,25.0,50.0,0.0,1.0,0.76,9.0,9.0,3.111111111111111
12,2024-2810-grant dawson--rafa garcia,2024,0,480,999,Grant Dawson,Rafa Garcia,155,155,1,0.0,1627.47419024912,1502.5425227189676,124.93166753015248,1,9.0,-16.0,2.36,-3.0,-20.0,16.59999999999999,21.700000000000003,-38.3,1.0,0.0,5.0,0.0,0.0,20.0,41.666666666666664,25.0,16.666666666666664,0.0,-1.0,-0.11839999999999995,9.0,9.0,2.6444444444444444
12,2024-2811-henry cejudo--merab dvalishvili,2024,0,252,558,Henry Cejudo,Merab Dvalishvili,135,135,1,0.0,1605.7109433503313,1759.1098853677624,-153.39894201743118,0,5.0,3.0,-0.98,-4.0,-6.0,32.3,-7.7,-24.599999999999994,-3.0,1.0,0.0,0.0,0.0,-20.0,55.0,55.0,0.0,5.0,-6.0,-0.6,3.4000000000000004,6.8,-2.466666666666667
12,2024-2812-heraldo souza--nick klein,2024,0,1437,1438,Nick Klein,heraldo souza,185,185,1,0.0,1500.0,1500.0,0.0,1,56.0,39.0,-3.41,35.0,66.0,0.0,100.0,0.0,0.0,0.0,3.0,0.0,0.0,0.0,0.0,0.0,0.0,0.0,0.0,0.0,-0.0,-0.0,0.0
12,2024-2813-herbert burns--jack jenkins,2024,0,917,1150,herbert burns,Jack Jenkins,185,145,0,40.0,1500.0,1500.1282501360206,-0.12825013602059698,0,-61.0,-58.0,2.97,-64.0,-67.0,-50.0,0.0,-50.0,0.0,0.0,-6.0,0.0,-0.75,-75.0,-33.333333333333336,-33.333333333333336,0.0,0.0,-2.0,-0.904,-0.0,-0.0,-2.0
12,2024-2814-hugo cunha--rizvan kuniev,2024,0,1022,1439,Rizvan Kuniev,hugo cunha,265,185,0,80.0,1502.056640625,1500.0,2.056640625,1,58.0,45.0,-2.45,75.0,90.0,100.0,0.0,0.0,0.0,0.0,3.0,0.0,0.35,100.0,100.0,100.0,0.0,0.0,1.0,1.0,-0.0,-0.0,0.0
12,2024-2815-hyder amil--jeongyeong lee,2024,0,1184,1295,JeongYeong Lee,Hyder Amil,145,145,1,0.0,1569.3849509586028,1516.0411934548983,53.34375750370441,0,-8.0,-1.0,0.3599999999999999,46.0,-9.0,-25.0,25.0,0.0,0.0,1.0,1.0,0.0,0.0,0.0,66.66666666666667,33.333333333333336,33.333333333333336,1.0,2.0,0.0,-0.0,-0.0,0.6666666666666667
12,2024-2816-ian machado garry--michael page,2024,0,1029,1440,Ian Machado Garry,Michael Page,170,185,0,-15.0,1734.670673419574,1500.0,234.6706734195741,1,-6.0,-6.0,-1.09,17.0,7.0,33.3,0.0,-33.3,2.0,0.0,6.0,0.0,0.75,100.0,40.0,40.0,0.0,0.0,5.0,1.0,7.0,7.0,3.3333333333333335
12,2024-2817-ian machado garry--shavkat rakhmonov,2024,0,848,1029,Shavkat Rakhmonov,Ian Machado Garry,170,170,1,0.0,1720.9035176919704,1793.9575034632528,-73.05398577128244,1,6.0,0.0,0.6000000000000001,-8.0,12.0,-18.999999999999996,71.4,-52.400000000000006,-1.0,0.0,-3.0,0.0,0.0,0.0,60.0,-20.0,80.0,0.0,0.0,0.0,5.333333333333333,5.333333333333333,-3.3333333333333335
12,2024-2818-ibo aslan--rafael cerqueira,2024,0,1307,1441,Ibo Aslan,Rafael Cerqueira,205,205,1,0.0,1513.6560834048112,1500.0,13.65608340481117,1,3.0,23.0,1.4099999999999997,0.0,46.0,0.0,0.0,0.0,0.0,0.0,2.0,0.0,0.75,100.0,100.0,100.0,0.0,0.0,1.0,1.0,-0.0,-0.0,0.0
12,2024-2819-ignacio bahamondes--manuel torres,2024,0,900,1057,Ignacio Bahamondes,Manuel Torres,155,155,1,0.0,1493.0724328065764,1541.6300013974785,-48.557568590902065,1,-15.0,4.0,-0.1299999999999999,-66.0,-13.0,-22.9,8.600000000000001,14.3,1.0,0.0,4.0,0.0,0.0,-40.0,-33.33333333333333,-66.66666666666666,33.333333333333336,0.0,-2.0,-0.2784,-0.0,-0.0,-0.3333333333333333
12,2024-2820-igor cavalcanti--seokhyeon ko,2024,0,1442,1443,Seokhyeon Ko,igor cavalcanti,170,185,0,-15.0,1500.0,1500.0,0.0,1,52.0,59.0,-2.0,53.0,75.0,0.0,0.0,100.0,0.0,0.0,2.0,0.0,0.0,0.0,0.0,0.0,0.0,0.0,0.0,0.0,-0.0,-0.0,0.0
12,2024-2821-ihor potieria--michel pereira,2024,0,779,1169,Michel Pereira,ihor potieria,185,185,1,0.0,1518.1165044833199,1500.0,18.116504483319886,1,52.0,51.0,-4.35,52.0,76.0,22.299999999999994,33.3,44.4,1.0,0.0,14.0,0.0,0.75,80.0,25.0,25.0,0.0,0.0,4.0,0.9743999999999999,6.0,6.0,0.6
12,2024-2822-ihor potieria--robert bryczek,2024,0,1169,1444,ihor potieria,Robert Bryczek,185,185,1,0.0,1500.0,1500.0,0.0,1,-36.0,-59.0,4.08,-100.0,-85.0,-100.0,0.0,0.0,0.0,0.0,-2.0,0.0,0.0,0.0,0.0,0.0,0.0,0.0,0.0,0.0,-0.0,-0.0,0.0
12,2024-2823-ikram aliskerov--robert whittaker,2024,0,121,1170,Robert Whittaker,Ikram Aliskerov,185,185,1,0.0,1639.6686417399892,1518.256457940649,121.41218379934026,1,-19.0,18.0,2.4200000000000004,5.0,-18.0,-39.7,-25.0,64.7,12.0,2.0,19.0,0.0,0.0,-40.0,-100.0,-66.66666666666667,-33.333333333333336,1.0,-5.0,-0.84,10.8,15.0,1.5333333333333334
12,2024-2824-ilia topuria--max holloway,2024,1,137,884,Max Holloway,Ilia Topuria,145,155,0,-10.0,1752.1672563665236,2215.1949269624374,-463.02767059591383,0,0.0,-5.0,-0.9100000000000001,-8.0,-10.0,-18.900000000000006,-2.4000000000000004,21.3,10.0,2.0,22.0,0.0,0.0,-20.0,-35.0,-15.0,-20.0,1.0,-3.0,-0.09599999999999997,2.0666666666666664,4.416666666666666,-2.4333333333333336
12,2024-2825-ion cutelaba--ivan erslan,2024,0,449,1445,Ion Cutelaba,Ivan Erslan,205,205,1,0.0,1454.1307187434068,1500.0,-45.86928125659324,1,-1.0,-8.0,1.83,29.0,11.0,-50.0,12.5,37.5,1.0,0.0,17.0,0.0,0.75,40.0,50.0,50.0,0.0,0.0,1.0,0.6255999999999999,7.4,7.0,1.6666666666666667
12,2024-2826-ion cutelaba--philipe lins,2024,0,449,1205,Ion Cutelaba,philipe lins,205,185,0,20.0,1465.2334817886103,1500.0,-34.766518211389666,0,43.0,47.0,-3.34,49.0,75.0,50.0,12.5,37.5,1.0,0.0,19.0,0.0,0.75,40.0,50.0,50.0,0.0,0.0,1.0,0.6255999999999999,7.4,7.0,1.6666666666666667
12,2024-2827-islam dulatov--vanilto antunes,2024,0,1446,1447,Islam Dulatov,vanilto antunes,170,185,0,-15.0,1500.0,1500.0,0.0,1,54.0,50.0,-4.24,100.0,100.0,100.0,0.0,0.0,0.0,0.0,2.0,0.0,0.0,0.0,0.0,0.0,0.0,0.0,0.0,0.0,-0.0,-0.0,0.0
12,2024-2828-ismael bonfim--vinc pichel,2024,0,690,1171,vinc pichel,Ismael Bonfim,185,155,0,30.0,1500.0,1488.315206710299,11.68479328970102,0,-55.0,-70.0,3.1,-33.0,-76.0,-33.3,0.0,-66.7,0.0,0.0,-5.0,0.0,-0.75,-66.66666666666667,-50.0,-50.0,0.0,0.0,-1.0,-0.76,-0.0,-0.0,-2.3333333333333335
12,2024-2829-jack hermansson--joe pyfer,2024,0,398,899,Jack Hermansson,Joe Pyfer,185,185,1,0.0,1549.0811440230991,1523.2105932117202,25.870550811378962,1,2.0,3.0,-0.5,-13.0,20.0,-39.39999999999999,10.600000000000001,28.8,5.0,0.0,10.0,0.0,-0.25,-20.0,-66.66666666666666,-75.0,8.333333333333336,0.0,-5.0,-0.6703999999999999,9.0,12.0,-0.0666666666666667
12,2024-2830-jack shore--joanderson brito,2024,0,1016,1175,Joanderson Brito,jack shore,145,185,0,-40.0,1508.7470265181305,1500.0,8.747026518130497,1,50.0,42.0,-2.49,68.0,56.0,50.0,33.3,16.7,0.0,0.0,9.0,0.0,0.75,80.0,100.0,50.0,50.0,0.0,2.0,0.904,-0.0,-0.0,-0.33333333333333337
12,2024-2831-jack shore--youssef zalal,2024,0,861,1175,Youssef Zalal,jack shore,145,185,0,-40.0,1496.378912703545,1500.0,-3.6210872964550163,1,50.0,66.0,-1.8,30.0,59.0,0.0,42.9,57.1,1.0,0.0,11.0,0.0,0.35,60.0,0.0,0.0,0.0,0.0,-2.0,0.16000000000000003,-0.0,-0.0,1.0
12,2024-2832-jafel filho--ode osbourne,2024,0,734,1176,Ode Osbourne,Jafel Filho,125,125,1,0.0,1458.5935087737669,1489.4354874151277,-30.84197864136081,0,0.0,0.0,-1.8000000000000003,-12.0,0.0,16.700000000000003,-50.0,33.3,0.0,0.0,8.0,0.0,0.0,-6.666666666666671,-33.33333333333333,16.66666666666667,-50.0,0.0,2.0,0.3216,-8.0,-8.0,1.0
12,2024-2833-jai herbert--rolando bedoya,2024,0,903,1335,Jai Herbert,Rolando Bedoya,155,155,1,0.0,1452.728016280955,1453.2262443169977,-0.4982280360427467,1,-9.0,1.0,3.12,21.0,33.0,-66.7,0.0,66.7,0.0,0.0,6.0,0.0,0.0,40.0,50.0,50.0,0.0,0.0,0.0,0.12160000000000003,5.0,5.0,1.0
12,2024-2834-jairzinho rozenstruik--shamil gaziev,2024,0,1002,1304,jairzinho rozenstruik,Shamil Gaziev,185,265,0,-80.0,1500.0,1537.549515478974,-37.549515478973944,1,-48.0,-44.0,3.87,-30.0,-83.0,-50.0,-25.0,-25.0,-1.0,0.0,-5.0,0.0,-0.75,-100.0,-100.0,-50.0,-50.0,0.0,-2.0,-1.0,-0.0,-0.0,0.0
12,2024-2835-jairzinho rozenstruik--tai tuivasa,2024,0,593,1002,Tai Tuivasa,jairzinho rozenstruik,265,185,0,80.0,1566.0845235305387,1500.0,66.08452353053872,0,46.0,44.0,-5.18,0.0,57.0,87.5,0.0,12.5,3.0,0.0,16.0,0.0,0.75,40.0,100.0,100.0,0.0,0.0,-1.0,0.2656,9.2,16.0,-0.6666666666666667
12,2024-2836-jake matthews--phil rowe,2024,0,239,819,Jake Matthews,Phil Rowe,170,170,1,0.0,1473.3986761434808,1486.1078834592674,-12.70920731578667,1,-6.0,7.0,1.75,6.0,11.0,-86.7,40.0,46.7,0.0,0.0,14.0,0.0,0.0,-20.0,0.0,-50.0,50.0,0.0,2.0,0.3343999999999999,-9.0,-9.0,2.2666666666666666
12,2024-2837-jalin turner--renato moicano,2024,0,291,687,Renato Moicano,jalin turner,155,185,0,-30.0,1603.4229251174208,1500.0,103.42292511742085,1,48.0,59.0,-3.57,41.0,62.0,16.7,50.0,33.3,7.0,0.0,19.0,0.0,0.5,80.0,100.0,0.0,100.0,0.0,1.0,0.76,13.4,13.5,-0.16666666666666663
12,2024-2838-jamal pogues--thomas petersen,2024,0,1271,1311,Thomas Petersen,jamal pogues,265,185,0,80.0,1505.0625,1500.0,5.0625,0,59.0,57.0,-2.94,66.0,100.0,0.0,33.3,66.7,0.0,0.0,5.0,0.0,0.75,100.0,100.0,0.0,100.0,0.0,1.0,1.0,-0.0,-0.0,0.0
12,2024-2839-jamall emmers--nate landwehr,2024,0,688,888,Jamall Emmers,Nate Landwehr,145,145,1,0.0,1482.902366681864,1441.356443701282,41.54592298058196,0,4.0,4.0,1.7599999999999998,-1.0,9.0,30.0,-40.0,10.0,0.0,0.0,-1.0,0.0,0.0,-20.0,-16.66666666666667,50.0,-66.66666666666667,0.0,0.0,-0.025600000000000067,-7.0,-7.0,0.16666666666666663
12,2024-2840-james llontop--mauricio ruffy,2024,0,1345,1410,Mauricio Ruffy,james llontop,155,185,0,-30.0,1505.0625,1500.0,5.0625,1,57.0,60.0,-4.16,0.0,84.0,75.0,0.0,25.0,0.0,0.0,5.0,0.0,0.75,100.0,100.0,100.0,0.0,0.0,1.0,1.0,-0.0,-0.0,0.0
12,2024-2841-james llontop--viacheslav borshchev,2024,0,997,1410,Viacheslav Borshchev,james llontop,155,185,0,-30.0,1428.4790563892543,1500.0,-71.52094361074569,1,54.0,57.0,-4.73,0.0,42.0,75.0,0.0,25.0,0.0,0.0,10.0,0.0,0.75,60.0,100.0,100.0,0.0,0.0,2.0,0.8655999999999999,-0.0,-0.0,-3.0
12,2024-2842-jamie mullarkey--mauricio ruffy,2024,0,750,1345,Jamie Mullarkey,Mauricio Ruffy,155,155,1,0.0,1454.3377955475328,1516.346248644578,-62.008453097045276,0,-11.0,-7.0,-0.3700000000000001,34.0,-6.0,-35.0,0.0,35.0,0.0,0.0,6.0,0.0,0.0,-60.0,-100.0,-100.0,0.0,0.0,0.0,-0.30400000000000005,-0.0,-0.0,0.1333333333333333
12,2024-2843-jared cannonier--nassourdine imavov,2024,0,346,935,Jared Cannonier,Nassourdine Imavov,185,185,1,0.0,1650.5349865320977,1614.3448009459778,36.190185586119924,0,-5.0,-2.0,-1.1799999999999997,8.0,-17.0,19.200000000000003,0.0,-19.200000000000003,1.0,0.0,9.0,0.0,0.0,20.0,-41.66666666666667,-41.66666666666667,0.0,1.0,3.0,0.6,1.1999999999999993,4.25,0.45000000000000007
12,2024-2844-jared gordon--nasrat haqparast,2024,0,567,588,Jared Gordon,Nasrat Haqparast,155,155,1,0.0,1499.3986293382557,1506.610990845622,-7.212361507366268,0,10.0,-7.0,2.0999999999999996,12.0,-22.0,13.299999999999997,0.0,-13.299999999999997,0.0,0.0,1.0,0.0,0.0,-20.0,8.333333333333336,8.333333333333336,0.0,0.0,-1.0,-0.1824,-5.0,-0.0,1.7333333333333334
12,2024-2845-jarno errens--steven nguyen,2024,0,712,1180,Steven Nguyen,jarno errens,145,185,0,-40.0,1507.349657083548,1500.0,7.3496570835479815,0,42.0,60.0,-7.1,100.0,88.0,66.7,0.0,33.3,0.0,0.0,5.0,0.0,0.75,66.66666666666667,50.0,50.0,0.0,0.0,2.0,0.84,-0.0,-0.0,2.6666666666666665
12,2024-2846-jarno errens--youssef zalal,2024,0,861,1180,Youssef Zalal,jarno errens,145,185,0,-40.0,1505.0263850325387,1500.0,5.026385032538656,1,50.0,66.0,-1.8,30.0,59.0,0.0,42.9,57.1,1.0,0.0,11.0,0.0,0.35,60.0,0.0,0.0,0.0,0.0,-2.0,0.16000000000000003,-0.0,-0.0,1.0
12,2024-2847-jean silva--westin wilson,2024,0,1316,1320,Jean Silva,Westin Wilson,145,145,1,0.0,1532.8495763564151,1474.6537078711008,58.19586848531435,1,21.0,26.0,2.58,34.0,53.0,66.6,-83.3,16.7,1.0,0.0,2.0,0.0,0.0,100.0,0.0,0.0,0.0,0.0,2.0,1.0,-0.0,-0.0,1.0
12,2024-2848-jeka saragih--westin wilson,2024,0,1239,1320,jeka saragih,Westin Wilson,185,145,0,40.0,1500.0,1433.3178784115548,66.68212158844517,0,-31.0,-30.0,6.71,-16.0,-33.0,0.0,-100.0,0.0,0.0,0.0,-4.0,0.0,-0.75,0.0,0.0,0.0,0.0,0.0,1.0,0.0,-0.0,-0.0,0.0
12,2024-2849-jeremiah wells--max griffin,2024,0,410,1042,Max Griffin,Jeremiah Wells,170,170,1,0.0,1469.2123135482072,1498.109221225056,-28.89690767684874,1,4.0,10.0,-2.39,-4.0,-10.0,-12.5,-25.0,37.5,0.0,0.0,12.0,0.0,0.0,-20.0,-41.666666666666664,-16.666666666666664,-25.0,0.0,-3.0,-0.6,11.0,11.0,-2.2666666666666666
12,2024-2850-jesus aguilar--mateus mendonca,2024,0,1153,1313,Jesus Aguilar,mateus mendonca,125,185,0,-60.0,1483.7322380182973,1500.0,-16.267761981702733,1,45.0,59.0,-1.1,35.0,40.0,25.0,50.0,25.0,0.0,0.0,6.0,0.0,0.75,66.66666666666667,100.0,50.0,50.0,0.0,-1.0,0.4,-0.0,-0.0,0.0
12,2024-2851-jesus aguilar--stewart nicoll,2024,0,1153,1448,Jesus Aguilar,Stewart Nicoll,125,125,1,0.0,1494.6079812950002,1500.0,-5.392018704999828,1,-2.0,19.0,0.029999999999999805,-65.0,40.0,-75.0,50.0,25.0,0.0,0.0,5.0,0.0,0.75,66.66666666666667,100.0,50.0,50.0,0.0,-1.0,0.4,-0.0,-0.0,0.0
12,2024-2852-jhonata diniz--karl williams,2024,0,1291,1330,Jhonata Diniz,karl williams,265,185,0,80.0,1513.493169382858,1500.0,13.493169382858014,1,56.0,59.0,-3.71,0.0,78.0,50.0,0.0,50.0,0.0,0.0,5.0,0.0,0.75,100.0,100.0,100.0,0.0,0.0,1.0,1.0,-0.0,-0.0,0.0
12,2024-2853-jhonata diniz--marcin tybura,2024,0,467,1291,Marcin Tybura,Jhonata Diniz,265,265,1,0.0,1557.4834370782562,1534.2728754669376,23.210561611318553,1,-8.0,-4.0,0.3799999999999999,33.0,-3.0,-14.200000000000003,7.1,7.100000000000001,8.0,0.0,18.0,0.0,0.0,-40.0,-66.66666666666666,-66.66666666666666,0.0,0.0,0.0,-0.26560000000000006,11.4,10.8,1.1333333333333333
12,2024-2854-jim miller--king green,2024,0,30,46,Jim Miller,King Green,155,155,1,0.0,1477.4509061679853,1512.2144795837216,-34.763573415736346,0,-10.0,-6.0,0.28000000000000025,6.0,-26.0,4.599999999999998,24.6,-29.199999999999996,-1.0,0.0,13.0,0.0,0.0,0.0,33.33333333333333,33.333333333333336,0.0,0.0,-3.0,-0.504,-2.3999999999999995,-11.333333333333334,-3.533333333333333
12,2024-2855-jiniushiyue--rei tsuruya,2024,1,1319,1341,jiniushiyue,Rei Tsuruya,185,125,0,60.0,1500.0,1533.6647193707277,-33.66471937072765,0,-52.0,-42.0,2.01,-37.0,-50.0,-25.0,-25.0,-50.0,0.0,-1.0,-5.0,0.0,-0.75,-100.0,-50.0,0.0,-50.0,0.0,-2.0,-1.0,-0.0,-0.0,-2.0
12,2024-2856-joanderson brito--william gomis,2024,0,1016,1179,Joanderson Brito,William Gomis,145,145,1,0.0,1534.4592038866424,1521.0261446713891,13.433059215253252,0,1.0,-19.0,0.2699999999999996,30.0,-16.0,30.0,33.3,-63.3,0.0,0.0,3.0,0.0,0.0,-20.0,66.66666666666666,16.666666666666664,50.0,0.0,-1.0,-0.09599999999999997,-0.0,-0.0,-1.1666666666666665
12,2024-2857-joaquin buckley--nursulton ruziboev,2024,0,918,1259,Joaquin Buckley,Nursulton Ruziboev,170,185,0,-15.0,1638.9684259502294,1505.102182941194,133.86624300903532,1,-10.0,11.0,-0.040000000000000036,-21.0,39.0,-2.299999999999997,0.0,2.3000000000000007,4.0,0.0,11.0,0.0,0.0,-20.0,-50.0,-50.0,0.0,0.0,3.0,-0.025600000000000067,6.5,8.0,0.888888888888889
12,2024-2858-joaquin buckley--stephen thompson,2024,0,131,918,Stephen Thompson,Joaquin Buckley,170,170,1,0.0,1559.1661701338062,1711.1819684367417,-152.01579830293554,0,10.0,-5.0,-0.06999999999999984,-10.0,-9.0,-22.700000000000003,0.0,22.7,3.0,0.0,6.0,0.0,0.0,-40.0,0.0,0.0,0.0,0.0,-5.0,-0.7087999999999999,8.7,5.2,-0.7555555555555555
12,2024-2859-joaquin buckley--vicente luque,2024,0,339,918,Vicente Luque,Joaquin Buckley,170,170,1,0.0,1617.573716768538,1817.9592814214882,-200.38556465295028,0,15.0,-7.0,-2.32,6.0,-11.0,-22.700000000000003,37.5,-14.8,4.0,0.0,7.0,0.0,0.0,-20.0,16.66666666666667,-50.0,66.66666666666667,0.0,-3.0,-0.3103999999999999,0.9000000000000004,4.0,-1.688888888888889
12,2024-2860-joe pyfer--marcandre barriault,2024,0,730,899,Marc-Andre Barriault,Joe Pyfer,185,185,1,0.0,1406.5728045420456,1497.020726970919,-90.44792242887343,0,4.0,-4.0,-2.4299999999999997,-14.0,8.0,-16.599999999999994,0.0,16.599999999999998,0.0,0.0,7.0,0.0,0.0,-20.0,-33.33333333333333,-41.666666666666664,8.333333333333336,0.0,-2.0,-0.09599999999999997,-0.0,-0.0,0.2
12,2024-2861-johnny walker--magomed ankalaev,2024,0,682,699,Johnny Walker,Magomed Ankalaev,205,205,1,0.0,1628.87200428379,1802.206306246872,-173.334301963082,0,3.0,-12.0,-0.6299999999999999,38.0,-30.0,16.700000000000003,11.1,-27.8,-1.0,-1.0,1.0,0.0,0.25,-40.0,26.66666666666667,-6.666666666666664,33.333333333333336,0.0,-3.0,-0.12160000000000004,-2.5999999999999996,-2.3000000000000007,-2.0833333333333335
12,2024-2862-johnny walker--volkan oezdemir,2024,0,576,682,Volkan Oezdemir,Johnny Walker,205,205,1,0.0,1559.9885438507604,1617.535361575957,-57.54681772519666,1,-7.0,10.0,-1.13,-31.0,23.0,-16.700000000000003,1.4000000000000004,15.3,2.0,0.0,0.0,0.0,0.0,-20.0,-16.66666666666667,-33.333333333333336,16.666666666666664,0.0,0.0,-0.03839999999999999,3.2,0.6000000000000014,-0.11666666666666672
12,2024-2863-jonathan martinez--jose aldo,2024,0,44,617,jose aldo,Jonathan Martinez,185,135,0,50.0,1500.0,1581.7775128700105,-81.77751287001047,1,-49.0,-56.0,4.09,-35.0,-68.0,-40.0,0.0,-60.0,-1.0,0.0,-15.0,0.0,-0.75,-100.0,-40.0,-40.0,0.0,0.0,-5.0,-1.0,-6.0,-6.0,-1.1333333333333333
12,2024-2864-jonathan martinez--marcus mcghee,2024,0,617,1326,Jonathan Martinez,Marcus McGhee,135,135,1,0.0,1541.3472519690881,1527.6620126585228,13.685239310565294,0,4.0,-1.0,-0.44999999999999973,21.0,-22.0,-10.0,-25.0,35.0,0.0,0.0,10.0,0.0,0.0,0.0,-60.0,-10.0,-50.0,0.0,3.0,0.0,6.0,6.0,1.1333333333333333
12,2024-2865-jonathan micallef--mohamed ado,2024,0,1449,1450,Jonathan Micallef,mohamed ado,170,185,0,-15.0,1500.0,1500.0,0.0,1,43.0,58.0,-4.0,50.0,50.0,0.0,50.0,50.0,0.0,0.0,2.0,0.0,0.0,0.0,0.0,0.0,0.0,0.0,0.0,0.0,-0.0,-0.0,0.0
12,2024-2866-jonathan pearce--pat sabatini,2024,0,805,1037,jonathan pearce,Pat Sabatini,185,145,0,40.0,1500.0,1493.1574336450435,6.842566354956489,0,-62.0,-49.0,1.22,-48.0,-50.0,0.0,-42.9,-57.1,0.0,0.0,-9.0,0.0,-0.75,-60.0,-33.333333333333336,0.0,-33.333333333333336,0.0,-1.0,-0.7216,-0.0,-0.0,-3.0
12,2024-2867-jose aldo--mario bautista,2024,0,44,768,jose aldo,Mario Bautista,185,135,0,50.0,1500.0,1547.289340533579,-47.28934053357898,0,-49.0,-55.0,4.45,-33.0,-67.0,-10.0,-30.0,-60.0,-3.0,0.0,-12.0,0.0,-0.75,-100.0,-60.0,0.0,-60.0,0.0,-5.0,-1.0,-0.0,-0.0,-2.4444444444444446
12,2024-2868-jose daniel medina--zachary reese,2024,0,1281,1322,Zachary Reese,Jose Daniel Medina,185,185,1,0.0,1478.138976610861,1500.0,-21.861023389139064,1,54.0,43.0,-2.99,58.0,57.0,25.0,25.0,50.0,0.0,0.0,6.0,0.0,0.75,50.0,100.0,0.0,100.0,0.0,1.0,0.6,-0.0,-0.0,0.0
12,2024-2869-jose ochoa--loneer kavanagh,2024,0,1374,1451,Lone'er Kavanagh,Jose Ochoa,125,125,1,0.0,1508.625,1500.0,8.625,1,12.0,-2.0,-1.3599999999999999,0.0,29.0,-66.7,0.0,66.7,0.0,0.0,1.0,0.0,0.0,0.0,0.0,0.0,0.0,0.0,0.0,0.0,-0.0,-0.0,0.0
12,2024-2870-josh culibao--ricardo ramos,2024,0,484,1049,Ricardo Ramos,josh culibao,145,185,0,-40.0,1475.3920047865981,1500.0,-24.607995213401864,1,36.0,54.0,-4.06,57.0,70.0,25.0,12.5,62.5,0.0,0.0,14.0,0.0,0.75,40.0,50.0,50.0,0.0,0.0,-1.0,0.336,8.0,-0.0,1.4
12,2024-2871-josias musasa--otari tanzilovi,2024,0,1452,1453,Josias Musasa,otari tanzilovi,135,185,0,-50.0,1500.0,1500.0,0.0,1,43.0,28.0,-4.6,50.0,77.0,0.0,0.0,100.0,0.0,0.0,2.0,0.0,0.0,0.0,0.0,0.0,0.0,0.0,0.0,0.0,-0.0,-0.0,0.0
12,2024-2872-julian erosa--ricardo ramos,2024,0,352,484,Julian Erosa,Ricardo Ramos,145,145,1,0.0,1467.5472353124658,1486.3320360428024,-18.784800730336656,1,12.0,-6.0,-2.21,-14.0,-9.0,5.0,27.5,-32.5,0.0,0.0,4.0,0.0,0.0,20.0,-16.666666666666664,-16.666666666666664,0.0,0.0,0.0,0.02560000000000001,-8.0,-0.0,-0.8999999999999999
12,2024-2873-julian marquez--zachary reese,2024,0,1163,1281,julian marquez,Zachary Reese,185,185,1,0.0,1500.0,1499.7989826490991,0.20101735090088368,0,-54.0,-43.0,2.99,-58.0,-57.0,-25.0,-25.0,-50.0,0.0,0.0,-6.0,0.0,-0.75,-50.0,-100.0,0.0,-100.0,0.0,-1.0,-0.6,-0.0,-0.0,0.0
12,2024-2874-junior tafa--marcos rogerio de lima,2024,0,360,1327,marcos rogerio de lima,Junior Tafa,185,205,0,-20.0,1500.0,1483.13687246802,16.8631275319799,1,-51.0,-51.0,2.49,0.0,-69.0,-100.0,0.0,0.0,0.0,0.0,-6.0,0.0,-0.75,-50.0,-100.0,-100.0,0.0,0.0,1.0,-0.4,-0.0,-0.0,1.0
12,2024-2875-junior tafa--sean sharaf,2024,0,1327,1454,Junior Tafa,Sean Sharaf,205,265,0,-60.0,1445.6469963486359,1500.0,-54.35300365136413,1,7.0,7.0,7.299999999999999,-12.0,69.0,0.0,0.0,0.0,0.0,0.0,5.0,0.0,0.75,50.0,100.0,100.0,0.0,0.0,-1.0,0.4,-0.0,-0.0,-1.0
12,2024-2876-junior tafa--valter walker,2024,0,1327,1455,Junior Tafa,Valter Walker,205,265,0,-60.0,1454.6065960393196,1500.0,-45.393403960680416,0,2.0,9.0,0.3999999999999999,-66.0,69.0,100.0,-100.0,0.0,-1.0,0.0,2.0,0.0,0.75,50.0,100.0,100.0,0.0,0.0,-1.0,0.4,-0.0,-0.0,-1.0
12,2024-2877-justin gaethje--max holloway,2024,0,137,552,Max Holloway,Justin Gaethje,145,155,0,-10.0,1749.4072563665236,1741.0369799873106,8.37027637921301,1,-10.0,8.0,2.4399999999999995,39.0,15.0,-18.900000000000006,8.7,10.200000000000003,6.0,4.0,17.0,0.0,0.0,0.0,-25.0,-25.0,0.0,0.0,0.0,0.0,-1.5999999999999996,-1.75,-0.10000000000000009
12,2024-2878-justin tafa--karl williams,2024,0,811,1330,Justin Tafa,karl williams,265,185,0,80.0,1487.918075257283,1500.0,-12.081924742717092,0,54.0,47.0,-5.11,0.0,53.0,100.0,0.0,0.0,0.0,0.0,9.0,0.0,0.75,60.0,100.0,100.0,0.0,0.0,2.0,0.8655999999999999,-0.0,-0.0,-1.6666666666666667
12,2024-2879-kaan ofli--mairon santos,2024,1,1456,1457,Mairon Santos,Kaan Ofli,155,145,0,10.0,1500.0,1500.0,0.0,1,1.0,6.0,0.5500000000000003,0.0,50.0,-66.7,0.0,66.7,0.0,1.0,1.0,0.0,0.0,0.0,0.0,0.0,0.0,0.0,0.0,0.0,-0.0,-0.0,0.0
12,2024-2880-kai karafrance--steve erceg,2024,0,668,1234,Kai Kara-France,Steve Erceg,125,125,1,0.0,1608.710924270577,1551.099301741406,57.61162252917097,1,-5.0,12.0,0.5499999999999998,3.0,21.0,12.5,0.0,-12.5,3.0,0.0,6.0,0.0,0.0,-40.0,66.66666666666667,66.66666666666667,0.0,1.0,-3.0,-0.696,1.8000000000000007,7.0,-0.06666666666666665
12,2024-2881-kaiwen--yizha,2024,1,1197,1458,Yizha,kaiwen,145,185,0,-40.0,1447.8079182300587,1500.0,-52.192081769941296,1,45.0,47.0,-2.81,30.0,54.0,16.7,50.0,33.3,0.0,1.0,8.0,0.0,0.75,80.0,50.0,0.0,50.0,1.0,-1.0,0.4,-0.0,-0.0,0.3333333333333333
12,2024-2882-kaue fernandes--mohammad yahya,2024,0,1331,1347,Kaue Fernandes,Mohammad Yahya,155,145,0,10.0,1476.875,1472.1279293592443,4.747070640755737,1,16.0,19.0,4.97,80.0,34.0,-33.3,0.0,33.3,0.0,0.0,1.0,0.0,0.0,0.0,0.0,0.0,0.0,0.0,0.0,0.0,-0.0,-0.0,0.6666666666666667
12,2024-2883-kaynan kruschewsky--kurt holobaugh,2024,0,193,1294,Kurt Holobaugh,kaynan kruschewsky,155,185,0,-30.0,1471.3413795438653,1500.0,-28.658620456134713,1,44.0,49.0,-4.24,33.0,38.0,0.0,50.0,50.0,0.0,0.0,10.0,0.0,0.75,20.0,100.0,0.0,100.0,0.0,1.0,0.6,-0.0,-0.0,-2.3333333333333335
12,2024-2884-kennedy nzechukwu--lukasz brzeski,2024,0,508,1020,Kennedy Nzechukwu,Lukasz Brzeski,265,265,1,0.0,1478.751995604353,1413.8254274453059,64.92656815904706,1,-4.0,-3.0,-1.2399999999999998,12.0,45.0,70.0,-40.0,-30.0,0.0,0.0,8.0,0.0,0.0,35.0,0.0,66.66666666666667,-66.66666666666666,0.0,4.0,0.6,5.0,5.0,2.444444444444444
12,2024-2885-kennedy nzechukwu--ovince saint preux,2024,0,287,508,ovince saint preux,Kennedy Nzechukwu,185,265,0,-80.0,1500.0,1486.9786751478164,13.021324852183625,1,-46.0,-51.0,4.89,-45.0,-80.0,-70.0,-10.0,-20.0,0.0,0.0,-16.0,0.0,-0.75,-60.0,-100.0,-66.66666666666667,-33.333333333333336,0.0,-1.0,-0.664,-5.0,-5.0,-0.11111111111111116
12,2024-2886-kevin holland--michael page,2024,0,691,1440,Kevin Holland,Michael Page,170,185,0,-15.0,1525.627516264656,1482.4809582885903,43.14655797606565,0,-10.0,-7.0,-1.5400000000000003,22.0,-11.0,31.299999999999994,37.5,-68.8,1.0,0.0,23.0,0.0,0.75,80.0,100.0,50.0,50.0,0.0,2.0,0.904,11.4,6.666666666666666,-1.5333333333333334
12,2024-2887-kevin holland--michal oleksiejczuk,2024,0,691,795,Kevin Holland,Michal Oleksiejczuk,170,185,0,-15.0,1494.9505037260114,1472.1092180000276,22.84128572598388,1,-1.0,-9.0,1.19,-5.0,3.0,-57.60000000000001,37.5,20.1,4.0,0.0,11.0,0.0,0.0,20.0,0.0,-50.0,50.0,0.0,3.0,0.6,11.4,6.666666666666666,-1.5333333333333334
12,2024-2888-kevin holland--roman dolidze,2024,0,691,932,Kevin Holland,Roman Dolidze,170,185,0,-15.0,1520.4008435251305,1607.593674785037,-87.19283125990637,0,9.0,2.0,0.5,-1.0,29.0,-24.300000000000008,37.5,-13.2,0.0,0.0,14.0,0.0,0.0,20.0,0.0,-50.0,50.0,0.0,3.0,0.5296000000000001,-2.5999999999999996,-7.333333333333334,-2.033333333333333
12,2024-2889-khamzat chimaev--robert whittaker,2024,0,121,907,Robert Whittaker,Khamzat Chimaev,185,185,1,0.0,1785.0422148893067,1758.4995657220145,26.54264916729221,0,-17.0,16.0,-1.04,-17.0,-3.0,12.99999999999999,-44.4,31.400000000000006,7.0,1.0,15.0,0.0,0.0,-40.0,-60.0,0.0,-60.0,1.0,-7.0,-0.84,-4.949999999999999,-0.75,0.3666666666666669
12,2024-2890-kiefer crosbie--sam patterson,2024,0,1222,1334,Sam Patterson,Kiefer Crosbie,170,170,1,0.0,1477.1164333780312,1474.6875,2.428933378031161,1,-21.0,3.0,1.8699999999999997,100.0,-7.0,-60.0,60.0,0.0,0.0,0.0,3.0,0.0,0.0,50.0,100.0,0.0,100.0,0.0,0.0,0.4,-0.0,-0.0,0.0
12,2024-2891-king green--paddy pimblett,2024,0,46,1060,King Green,Paddy Pimblett,155,155,1,0.0,1554.3683264425115,1548.3277637831889,6.040562659322632,0,-1.0,20.0,-0.5800000000000001,11.0,24.0,-10.800000000000011,-19.4,30.199999999999996,1.0,0.0,25.0,0.0,0.0,-40.0,6.666666666666671,13.333333333333336,-6.666666666666664,0.0,-3.0,-0.12160000000000004,12.2,11.333333333333334,-0.1333333333333333
12,2024-2892-kiru sahota--ruel panales,2024,0,1424,1459,Kiru Sahota,ruel panales,125,185,0,-60.0,1457.5387450243052,1500.0,-42.46125497569483,1,52.0,41.0,-2.64,33.0,50.0,0.0,0.0,100.0,0.0,0.0,3.0,0.0,0.0,0.0,0.0,0.0,0.0,0.0,0.0,0.0,-0.0,-0.0,0.0
12,2024-2893-kiru sahota--yin shuai,2024,0,1424,1460,Kiru Sahota,yin shuai,125,185,0,-60.0,1476.0773964373898,1500.0,-23.92260356261022,1,52.0,41.0,-2.64,33.0,50.0,0.0,0.0,100.0,0.0,0.0,3.0,0.0,0.0,0.0,0.0,0.0,0.0,0.0,0.0,0.0,-0.0,-0.0,0.0
12,2024-2894-kurt holobaugh--trey ogden,2024,0,193,1140,Kurt Holobaugh,Trey Ogden,155,155,1,0.0,1482.8993902028462,1467.1486745363613,15.750715666484894,0,-6.0,-6.0,-0.75,1.0,-62.0,0.0,50.0,-50.0,0.0,0.0,4.0,0.0,0.0,-13.333333333333336,100.0,0.0,100.0,0.0,3.0,0.43999999999999995,-0.0,-0.0,-2.0
12,2024-2895-kyle nelson--steve garcia,2024,0,664,784,Kyle Nelson,Steve Garcia,155,145,0,10.0,1501.2957550658964,1490.085013472456,11.210741593440389,0,-3.0,-6.0,-2.5199999999999996,-20.0,-15.0,-37.5,0.0,37.5,-1.0,0.0,0.0,0.0,0.0,-40.0,-100.0,-100.0,0.0,0.0,0.0,-0.06400000000000006,-0.0,-0.0,4.0
12,2024-2896-kyler phillips--pedro munhoz,2024,0,281,571,Pedro Munhoz,Kyler Phillips,135,135,1,0.0,1508.9254079687487,1528.1645080831113,-19.2391001143626,0,-1.0,-5.0,-2.46,-29.0,7.0,1.3999999999999986,15.7,-17.1,6.0,0.0,10.0,0.0,0.0,-40.0,-25.0,0.0,-25.0,0.0,-2.0,-0.26560000000000006,3.5999999999999996,4.6,-1.45
12,2024-2897-kyler phillips--rob font,2024,0,260,571,Rob Font,Kyler Phillips,135,135,1,0.0,1560.0980679757565,1590.3622807050494,-30.26421272929292,1,4.0,-3.0,0.16000000000000014,-11.0,-33.0,21.4,-6.0,-15.399999999999999,7.0,0.0,9.0,0.0,0.0,-40.0,25.0,50.0,-25.0,0.0,-2.0,-0.3360000000000001,2.5999999999999996,7.0,-3.45
12,2024-2898-kyung ho kang--muin gafurov,2024,0,696,992,kyung ho kang,Muin Gafurov,185,135,0,50.0,1500.0,1421.8280794419354,78.17192055806458,0,-45.0,-52.0,2.21,-26.0,-70.0,0.0,0.0,-100.0,0.0,0.0,-5.0,0.0,-0.75,0.0,0.0,0.0,0.0,0.0,3.0,0.0,-0.0,-0.0,1.5
12,2024-2899-landon quinones--marquel mederos,2024,0,1309,1336,MarQuel Mederos,landon quinones,155,185,0,-30.0,1505.0625,1500.0,5.0625,1,56.0,58.0,-2.99,0.0,83.0,25.0,0.0,75.0,0.0,0.0,4.0,0.0,0.75,100.0,100.0,100.0,0.0,0.0,1.0,1.0,-0.0,-0.0,0.0
12,2024-2900-loik radzhabov--trey ogden,2024,0,1140,1297,Trey Ogden,Loik Radzhabov,155,155,1,0.0,1488.7151970751809,1490.947881113923,-2.232684038742036,1,6.0,9.0,0.2699999999999996,-25.0,58.0,-50.0,0.0,50.0,0.0,0.0,2.0,0.0,0.0,-16.666666666666664,0.0,0.0,0.0,0.0,-3.0,-0.43999999999999995,-0.0,-0.0,-1.3333333333333333
12,2024-2901-lucas almeida--timmy cuamba,2024,0,1010,1343,Lucas Almeida,Timmy Cuamba,145,145,1,0.0,1443.0404981555962,1472.6233400011943,-29.582841845598068,1,-3.0,-14.0,-0.7400000000000002,-26.0,-27.0,0.0,0.0,0.0,0.0,0.0,2.0,0.0,0.0,-75.0,100.0,100.0,0.0,0.0,-3.0,-0.904,-0.0,-0.0,-2.0
12,2024-2902-lucas camacho--mario pinto,2024,0,1461,1462,Mario Pinto,lucas camacho,265,185,0,80.0,1500.0,1500.0,0.0,1,71.0,51.0,-5.29,0.0,100.0,100.0,0.0,0.0,0.0,0.0,2.0,0.0,0.0,0.0,0.0,0.0,0.0,0.0,0.0,0.0,-0.0,-0.0,0.0
12,2024-2903-ludovit klein--roosevelt roberts,2024,0,926,943,roosevelt roberts,Ludovit Klein,185,155,0,30.0,1500.0,1536.7745049184427,-36.774504918442744,0,-52.0,-52.0,3.34,-51.0,-76.0,-28.6,0.0,-71.4,0.0,0.0,-11.0,0.0,-0.75,-60.0,0.0,0.0,0.0,0.0,-3.0,-0.9359999999999999,-0.0,-0.0,-1.1666666666666667
12,2024-2904-ludovit klein--thiago moises,2024,0,629,943,Thiago Moises,Ludovit Klein,155,155,1,0.0,1476.7341156190969,1569.521162478264,-92.78704685916705,0,-10.0,1.0,-0.7400000000000002,-16.0,-24.0,-6.300000000000008,33.3,-27.000000000000007,0.0,0.0,5.0,0.0,0.0,0.0,66.66666666666667,0.0,66.66666666666667,0.0,-2.0,-0.2016,8.0,11.0,-1.366666666666667
12,2024-2905-luis gurule--nick piccininni,2024,0,1463,1464,Luis Gurule,nick piccininni,125,185,0,-60.0,1500.0,1500.0,0.0,1,48.0,58.0,-3.74,16.0,50.0,0.0,0.0,100.0,0.0,0.0,2.0,0.0,0.0,0.0,0.0,0.0,0.0,0.0,0.0,0.0,-0.0,-0.0,0.0
12,2024-2906-lukasz brzeski--mick parkin,2024,0,1020,1148,Lukasz Brzeski,Mick Parkin,265,265,1,0.0,1306.8785933802808,1529.0890248395137,-222.21043145923295,0,0.0,-4.0,0.48,-13.0,-15.0,-20.0,30.0,-10.0,0.0,0.0,2.0,0.0,0.0,-75.0,66.66666666666666,0.0,66.66666666666666,0.0,-6.0,-0.9359999999999999,-0.0,-0.0,-4.333333333333333
12,2024-2907-lukasz brzeski--valter walker,2024,0,1020,1455,Lukasz Brzeski,Valter Walker,265,265,1,0.0,1180.9500334702825,1508.3448722030512,-327.3948387327687,1,1.0,12.0,-0.7599999999999998,-33.0,35.0,0.0,-50.0,50.0,-1.0,0.0,4.0,0.0,0.75,25.0,100.0,0.0,100.0,0.0,-3.0,0.06400000000000002,-0.0,-0.0,-2.333333333333333
12,2024-2908-maheshate--nikolas motta,2024,0,930,955,Nikolas Motta,Maheshate,155,155,1,0.0,1467.443178109199,1471.2440207000052,-3.800842590806269,1,7.0,1.0,0.6799999999999997,0.0,36.0,16.700000000000003,0.0,-16.700000000000003,0.0,0.0,0.0,0.0,0.0,0.0,0.0,0.0,0.0,0.0,-1.0,-0.14400000000000002,-0.0,-0.0,4.0
12,2024-2909-manel kape--muhammad mokaev,2024,0,964,1128,Manel Kape,muhammad mokaev,125,185,0,-60.0,1651.5938727993462,1500.0,151.59387279934617,0,55.0,57.0,-4.05,30.0,81.0,66.7,0.0,33.3,4.0,0.0,9.0,0.0,0.75,60.0,33.333333333333336,33.333333333333336,0.0,0.0,2.0,0.8655999999999999,12.0,12.0,0.33333333333333337
12,2024-2910-mansur abdulmalik--wes schultz,2024,0,1425,1465,Mansur Abdul-Malik,wes schultz,185,185,1,0.0,1508.2816559934563,1500.0,8.281655993456297,1,48.0,51.0,-3.49,33.0,82.0,100.0,0.0,0.0,0.0,0.0,4.0,0.0,0.0,0.0,0.0,0.0,0.0,0.0,0.0,0.0,-0.0,-0.0,0.0
12,2024-2911-marcin prachnio--modestas bukauskas,2024,0,700,856,Marcin Prachnio,Modestas Bukauskas,205,205,1,0.0,1484.2269514881953,1465.5765646175935,18.65038687060178,0,11.0,3.0,0.7800000000000002,-46.0,-27.0,-17.800000000000004,-14.3,32.1,0.0,0.0,0.0,0.0,0.0,20.0,33.333333333333336,33.333333333333336,0.0,0.0,-1.0,-0.17599999999999993,-0.0,-0.0,0.2222222222222222
12,2024-2912-marcin tybura--serghei spivac,2024,0,467,838,Marcin Tybura,Serghei Spivac,265,265,1,0.0,1649.0800173680348,1576.0473694076168,73.03264796041799,0,0.0,5.0,0.9199999999999999,-29.0,12.0,-1.7000000000000028,-30.4,32.1,3.0,0.0,9.0,0.0,0.0,-20.0,-66.66666666666666,-41.666666666666664,-25.0,0.0,0.0,-0.025600000000000067,4.0,-1.5333333333333323,1.1333333333333333
12,2024-2913-marcin tybura--tai tuivasa,2024,0,467,593,Marcin Tybura,Tai Tuivasa,265,265,1,0.0,1622.3833169963211,1507.686366113821,114.69695088250023,1,2.0,11.0,1.8499999999999996,33.0,18.0,-51.7,7.1,44.6,5.0,0.0,7.0,0.0,0.0,20.0,-66.66666666666666,-66.66666666666666,0.0,0.0,2.0,0.46879999999999994,2.200000000000001,-5.199999999999999,1.8
12,2024-2914-marco tulio--matthieu duclos,2024,0,1339,1466,Marco Tulio,matthieu duclos,185,185,1,0.0,1509.9625,1500.0,9.962500000000091,1,60.0,61.0,-2.53,20.0,0.0,75.0,0.0,25.0,0.0,0.0,4.0,0.0,0.75,100.0,0.0,0.0,0.0,0.0,1.0,1.0,-0.0,-0.0,1.6666666666666667
12,2024-2915-mario bautista--ricky simon,2024,0,549,768,Ricky Simon,Mario Bautista,135,135,1,0.0,1544.5176050458801,1626.5645053257897,-82.04690027990955,0,-5.0,6.0,0.73,10.0,8.0,8.2,-2.6999999999999993,-5.5,0.0,0.0,4.0,0.0,0.0,-20.0,15.0,25.0,-10.0,0.0,-6.0,-0.6,6.800000000000001,8.666666666666666,-0.7777777777777779
12,2024-2916-marlon vera--sean omalley,2024,1,280,501,Marlon Vera,Sean O'Malley,135,135,1,0.0,1624.2764933946119,1870.1827085421235,-245.9062151475116,0,-12.0,-10.0,-1.8900000000000001,-3.0,11.0,-17.000000000000007,26.7,-9.7,4.0,-2.0,10.0,0.0,0.0,-20.0,-55.0,-55.0,0.0,-1.0,-6.0,-0.6,-3.5,-7.6,-0.6222222222222222
12,2024-2917-mateusz gamrot--rafael dos anjos,2024,0,34,915,Rafael Dos Anjos,Mateusz Gamrot,170,155,0,15.0,1579.7667837023741,1617.1500132564595,-37.38322955408535,0,-4.0,1.0,-0.18999999999999995,-1.0,-36.0,-18.400000000000006,11.3,7.100000000000001,7.0,2.0,25.0,0.0,0.0,-40.0,0.0,-50.0,50.0,0.0,-4.0,-0.6832,3.2,0.6500000000000004,0.5
12,2024-2918-mateusz rebecki--myktybek orolbai,2024,0,1208,1349,Mateusz Rebecki,Myktybek Orolbai,155,155,1,0.0,1498.5171960780535,1521.0948459217448,-22.577649843691233,1,-2.0,5.0,-1.4500000000000002,20.0,10.0,20.0,-26.700000000000003,6.700000000000003,0.0,0.0,3.0,0.0,0.0,0.0,-25.0,25.0,-50.0,0.0,3.0,0.0,-0.0,-0.0,3.3333333333333335
12,2024-2919-matt schnell--steve erceg,2024,0,469,1234,Matt Schnell,Steve Erceg,125,125,1,0.0,1488.2183257079312,1536.8028182075166,-48.584492499585394,0,-5.0,3.0,-0.3799999999999999,13.0,-19.0,-25.0,42.9,-17.9,0.0,0.0,7.0,0.0,-0.25,-40.0,66.66666666666667,0.0,66.66666666666667,0.0,-3.0,-0.696,2.5999999999999996,1.5999999999999996,0.11111111111111116
12,2024-2920-matthew semelsberger--preston parsons,2024,0,1008,1055,Preston Parsons,matthew semelsberger,170,185,0,-15.0,1481.3520378402811,1500.0,-18.647962159718872,1,51.0,54.0,-3.25,36.0,71.0,0.0,0.0,100.0,0.0,0.0,6.0,0.0,0.75,33.333333333333336,0.0,0.0,0.0,0.0,-1.0,0.24,-0.0,-0.0,1.1666666666666667
12,2024-2921-max griffin--michael chiesa,2024,0,114,410,Michael Chiesa,Max Griffin,170,170,1,0.0,1509.9648998812181,1480.1853242663044,29.77957561491371,1,-7.0,-1.0,1.9700000000000002,7.0,-3.0,-37.5,57.1,-19.6,5.0,1.0,3.0,0.0,0.0,-20.0,-33.333333333333336,-33.333333333333336,0.0,0.0,1.0,0.10559999999999997,-1.5999999999999996,-0.1999999999999993,1.9333333333333333
12,2024-2922-melquizael costa--shayilan nuerdanbieke,2024,0,1050,1243,Shayilan Nuerdanbieke,Melquizael Costa,145,145,1,0.0,1478.9029102090794,1464.2592746150376,14.643635594041825,0,-4.0,-4.0,0.44999999999999973,-3.0,-30.0,33.3,-40.0,6.700000000000003,0.0,0.0,-1.0,0.0,0.0,26.666666666666664,33.333333333333336,33.333333333333336,0.0,0.0,0.0,0.12160000000000004,-0.0,-0.0,-3.0
12,2024-2923-merab dvalishvili--sean omalley,2024,1,501,558,Sean O'Malley,Merab Dvalishvili,135,135,1,0.0,2025.754607750634,1913.2511899346655,112.50341781596853,0,19.0,4.0,-1.0,7.0,-21.0,55.9,-7.7,-48.199999999999996,-7.0,-1.0,-1.0,0.0,0.0,0.0,60.0,60.0,0.0,1.0,0.0,0.0,2.3000000000000007,6.8,-1.911111111111111
12,2024-2924-michael chiesa--tony ferguson,2024,0,114,154,Michael Chiesa,tony ferguson,170,185,0,-15.0,1518.4055335542073,1500.0,18.405533554207295,1,40.0,57.0,-1.73,47.0,67.0,0.0,57.1,42.9,5.0,1.0,21.0,0.0,0.75,40.0,0.0,0.0,0.0,0.0,-1.0,0.2656,9.4,10.8,2.0
12,2024-2925-michael johnson--ottman azaitar,2024,0,81,834,Michael Johnson,Ottman Azaitar,155,155,1,0.0,1441.565803838937,1460.5610967699422,-18.995292931005224,1,-5.0,6.0,0.3200000000000003,38.0,-19.0,-62.5,0.0,62.5,3.0,0.0,26.0,0.0,0.0,-10.0,-50.0,-50.0,0.0,0.0,1.0,0.11839999999999995,9.2,-0.0,-0.2666666666666666
12,2024-2926-michael morales--neil magny,2024,0,187,1063,Neil Magny,Michael Morales,170,170,1,0.0,1508.2221057417576,1549.4167012873775,-41.194595545619904,0,-3.0,-2.0,0.8399999999999999,-2.0,-34.0,-26.700000000000003,8.7,18.0,11.0,0.0,28.0,0.0,0.0,-60.0,-40.0,-40.0,0.0,0.0,-6.0,-0.7216,7.199999999999999,9.4,-2.2444444444444445
12,2024-2927-michal oleksiejczuk--michel pereira,2024,0,779,795,Michel Pereira,Michal Oleksiejczuk,185,185,1,0.0,1526.6291718701139,1434.7820529613198,91.84711890879407,1,1.0,-8.0,0.0600000000000005,9.0,24.0,-66.60000000000001,33.3,33.3,1.0,0.0,-2.0,0.0,0.0,20.0,-75.0,-75.0,0.0,0.0,5.0,0.6703999999999999,6.0,6.0,0.6
12,2024-2928-michal oleksiejczuk--shara magomedov,2024,0,795,1260,Michal Oleksiejczuk,Shara Magomedov,185,185,1,0.0,1394.4425666517634,1540.453516071769,-146.01094942000555,0,-11.0,16.0,-0.56,43.0,-19.0,48.900000000000006,0.0,-48.9,0.0,0.0,10.0,0.0,0.0,-40.0,100.0,100.0,0.0,0.0,-2.0,-0.696,-0.0,-0.0,-3.0
12,2024-2929-mick parkin--mohammed usman,2024,0,1148,1210,Mick Parkin,Mohammed Usman,265,265,1,0.0,1551.3117118824546,1524.131028525173,27.180683357281623,1,11.0,7.0,0.13999999999999968,32.0,-16.0,-5.0,20.0,-15.0,0.0,0.0,0.0,0.0,0.0,0.0,0.0,-33.333333333333336,33.333333333333336,0.0,0.0,0.0,-0.0,-0.0,0.6666666666666665
12,2024-2930-mickey gall--ramiz brahimaj,2024,0,403,948,Mickey Gall,Ramiz Brahimaj,170,170,1,0.0,1419.7220764435822,1476.4893023407938,-56.767225897211574,0,4.0,6.0,-0.9099999999999997,-9.0,-10.0,-25.0,8.299999999999997,16.7,0.0,0.0,6.0,0.0,0.0,-30.0,0.0,0.0,0.0,0.0,0.0,-0.09600000000000003,-0.0,-0.0,1.9166666666666667
12,2024-2931-miguel baeza--punahele soriano,2024,0,802,1056,Punahele Soriano,miguel baeza,170,185,0,-15.0,1409.1916013580285,1500.0,-90.80839864197151,1,53.0,48.0,-3.88,56.0,37.0,66.7,0.0,33.3,0.0,0.0,10.0,0.0,0.75,40.0,100.0,100.0,0.0,0.0,-3.0,0.06400000000000002,-0.0,-0.0,-1.3333333333333333
12,2024-2932-mike davis--natan levy,2024,0,706,1068,Mike Davis,natan levy,155,185,0,-30.0,1510.0561308362228,1500.0,10.056130836222792,1,53.0,54.0,-5.23,44.0,60.0,40.0,20.0,40.0,0.0,0.0,8.0,0.0,0.5,60.0,33.333333333333336,33.333333333333336,0.0,0.0,2.0,0.8784,-0.0,-0.0,1.3333333333333333
12,2024-2933-mike malott--neil magny,2024,0,187,1066,Neil Magny,Mike Malott,170,170,1,0.0,1477.4903026858738,1530.0141666080603,-52.52386392218659,1,-1.0,-3.0,0.48999999999999977,-17.0,39.0,-2.8999999999999986,-41.3,44.2,13.0,0.0,28.0,0.0,0.0,-60.0,-100.0,-25.0,-75.0,0.0,-5.0,-0.7216,7.199999999999999,9.4,-0.8
12,2024-2934-mike malott--trevin giles,2024,0,797,1066,trevin giles,Mike Malott,185,170,0,15.0,1500.0,1494.987133505849,5.012866494151012,0,-47.0,-54.0,2.96,-56.0,-16.0,-33.3,-50.0,-16.7,0.0,0.0,-7.0,0.0,-0.75,-100.0,-100.0,-25.0,-75.0,0.0,-4.0,-1.0,-0.0,-0.0,0.0
12,2024-2935-mitch ramirez--thiago moises,2024,0,629,1267,Thiago Moises,Mitch Ramirez,155,155,1,0.0,1433.1501083657288,1474.6875,-41.537391634271216,1,-2.0,16.0,-0.10000000000000009,2.0,27.0,-77.7,33.3,44.4,0.0,0.0,13.0,0.0,0.0,60.0,66.66666666666667,0.0,66.66666666666667,0.0,2.0,0.7343999999999999,8.0,11.0,-0.2000000000000001
12,2024-2936-mohammed usman--thomas petersen,2024,0,1210,1271,Mohammed Usman,Thomas Petersen,265,265,1,0.0,1488.2208851973808,1464.9586182860573,23.262266911323422,0,-20.0,-6.0,-1.3299999999999996,-52.0,-34.0,25.0,-33.3,8.299999999999997,0.0,0.0,1.0,0.0,0.0,0.0,-66.66666666666666,33.333333333333336,-100.0,0.0,2.0,0.0,-0.0,-0.0,1.3333333333333335
12,2024-2937-muslim salikhov--randy brown,2024,0,394,489,Randy Brown,Muslim Salikhov,170,170,1,0.0,1479.0222444054318,1495.7895725263872,-16.767328120955426,1,-2.0,-8.0,-0.33999999999999986,7.0,1.0,-27.0,21.4,5.600000000000001,0.0,0.0,7.0,0.0,0.0,20.0,-8.333333333333336,-33.333333333333336,25.0,0.0,1.0,0.24,3.0,-6.0,-0.6
12,2024-2938-muslim salikhov--santiago ponzinibbio,2024,0,203,489,Santiago Ponzinibbio,Muslim Salikhov,170,170,1,0.0,1478.8592432058845,1417.2287484699004,61.63049473598403,0,-8.0,-1.0,-1.7599999999999998,-5.0,-1.0,2.6999999999999957,0.0,-2.6999999999999957,3.0,0.0,7.0,0.0,0.0,-20.0,16.666666666666664,16.666666666666664,0.0,0.0,0.0,-0.038400000000000004,3.5999999999999996,-0.0,-1.4
12,2024-2939-muslim salikhov--song kenan,2024,0,489,517,Muslim Salikhov,Song Kenan,170,170,1,0.0,1428.4505374556627,1432.2991872748541,-3.8486498191914507,1,3.0,11.0,2.9000000000000004,2.0,-1.0,5.600000000000001,0.0,-5.600000000000001,0.0,0.0,2.0,0.0,0.0,20.0,-16.666666666666664,-16.666666666666664,0.0,0.0,-1.0,-0.10559999999999997,6.0,6.0,2.333333333333333
12,2024-2940-nassourdine imavov--roman dolidze,2024,0,932,935,Roman Dolidze,Nassourdine Imavov,185,185,1,0.0,1631.878514129433,1766.5440616438261,-134.6655475143932,0,-13.0,-10.0,-0.5500000000000003,7.0,-55.0,11.200000000000003,0.0,-11.200000000000003,-3.0,0.0,2.0,0.0,0.0,0.0,33.33333333333333,33.33333333333333,0.0,0.0,0.0,0.07039999999999996,4.0,4.0,0.41666666666666663
12,2024-2941-nathan fletcher--zygimantas ramaska,2024,0,1467,1468,Nathan Fletcher,zygimantas ramaska,135,185,0,-50.0,1500.0,1500.0,0.0,1,59.0,57.0,-2.16,38.0,50.0,0.0,100.0,0.0,0.0,0.0,3.0,0.0,0.0,0.0,0.0,0.0,0.0,0.0,0.0,0.0,-0.0,-0.0,0.0
12,2024-2942-navajo stirling--phillip latu,2024,0,1469,1470,Navajo Stirling,phillip latu,205,185,0,20.0,1500.0,1500.0,0.0,1,52.0,61.0,-2.49,30.0,78.0,33.3,0.0,66.7,0.0,0.0,3.0,0.0,0.0,0.0,0.0,0.0,0.0,0.0,0.0,0.0,-0.0,-0.0,0.0
12,2024-2943-navajo stirling--tuco tokkos,2024,0,1225,1469,Tuco Tokkos,Navajo Stirling,205,205,1,0.0,1484.1796875,1508.625,-24.4453125,0,-12.0,-15.0,-1.7799999999999994,17.0,-45.0,-33.3,100.0,-66.7,0.0,0.0,1.0,0.0,0.5,0.0,0.0,0.0,0.0,0.0,-1.0,0.0,-0.0,-0.0,0.0
12,2024-2944-nicolas dalby--rinat fakhretdinov,2024,0,330,1097,Nicolas Dalby,Rinat Fakhretdinov,170,170,1,0.0,1532.2267027120815,1563.359528646588,-31.1328259345064,0,-9.0,-2.0,-0.08000000000000007,-7.0,-33.0,-2.3000000000000043,-16.7,19.0,0.0,0.0,6.0,0.0,0.0,-20.0,-8.333333333333336,25.0,-33.333333333333336,0.0,1.0,-0.025600000000000067,-0.0,-0.0,-2.933333333333333
12,2024-2945-niko price--themba gorimbo,2024,0,393,1233,Niko Price,Themba Gorimbo,170,170,1,0.0,1433.5960833192369,1490.0122268299533,-56.41614351071644,0,-18.0,-8.0,-4.46,-37.0,-32.0,25.0,25.0,-50.0,0.0,0.0,11.0,0.0,0.0,-30.0,0.0,0.0,0.0,0.0,-2.0,-0.36160000000000003,7.0,7.0,-3.0
12,2024-2946-nikolas motta--tom nolan,2024,0,930,1251,Nikolas Motta,Tom Nolan,155,155,1,0.0,1488.8264980815804,1522.6224517792828,-33.795953697702316,1,-7.0,6.0,-0.4300000000000006,-12.0,17.0,0.0,0.0,0.0,0.0,0.0,2.0,0.0,0.0,-50.0,-50.0,-50.0,0.0,0.0,-3.0,-0.84,-0.0,-0.0,3.0
12,2024-2947-nursulton ruziboev--sedriques dumas,2024,0,1206,1259,Sedriques Dumas,Nursulton Ruziboev,185,185,1,0.0,1514.6068991187071,1471.7851309733958,42.82176814531135,0,-1.0,7.0,0.3900000000000001,-31.0,7.0,-75.0,25.0,50.0,0.0,0.0,2.0,0.0,0.0,-25.0,-66.66666666666666,-100.0,33.333333333333336,0.0,-2.0,-0.6,-0.0,-0.0,1.6666666666666667
12,2024-2948-oban elliott--preston parsons,2024,0,1008,1328,Preston Parsons,Oban Elliott,170,170,1,0.0,1502.9629083592213,1514.4660197850574,-11.503111425836096,0,3.0,-6.0,-1.0099999999999998,-8.0,16.0,-25.0,0.0,25.0,0.0,0.0,1.0,0.0,0.0,-66.66666666666666,0.0,0.0,0.0,0.0,-2.0,-0.76,-0.0,-0.0,0.5000000000000001
12,2024-2949-oban elliott--val woodburn,2024,0,1250,1328,val woodburn,Oban Elliott,185,170,0,15.0,1500.0,1538.5814871677928,-38.58148716779283,0,-48.0,-60.0,2.24,-44.0,-55.0,-25.0,0.0,-75.0,0.0,0.0,-5.0,0.0,-0.75,-100.0,0.0,0.0,0.0,0.0,-1.0,-1.0,-0.0,-0.0,-0.6666666666666666
12,2024-2950-ode osbourne--ronaldo rodriguez,2024,0,734,925,Ode Osbourne,Ronaldo Rodriguez,125,125,1,0.0,1416.4230580908263,1503.0043358924704,-86.58127780164409,0,-2.0,3.0,0.36999999999999966,-6.0,2.0,50.0,-33.3,-16.700000000000003,0.0,0.0,9.0,0.0,0.4,60.0,66.66666666666667,66.66666666666667,0.0,0.0,2.0,0.7216,-0.0,-0.0,1.0
12,2024-2951-oumar sy--tuco tokkos,2024,0,1225,1415,Tuco Tokkos,Oumar Sy,205,205,1,0.0,1438.3734620363145,1521.325,-82.9515379636855,0,-8.0,-24.0,-2.55,11.0,-67.0,-33.400000000000006,66.7,-33.3,0.0,0.0,0.0,0.0,0.5,0.0,0.0,0.0,0.0,0.0,-1.0,0.0,-0.0,-0.0,0.0
12,2024-2952-ovince saint preux--ryan spann,2024,0,287,582,ovince saint preux,Ryan Spann,185,205,0,-20.0,1500.0,1483.8587383570007,16.141261642999325,0,-39.0,-43.0,4.14,-34.0,-52.0,-30.0,-50.0,-20.0,-3.0,0.0,-17.0,0.0,-0.75,-60.0,-100.0,-66.66666666666667,-33.333333333333336,0.0,2.0,-0.16000000000000003,-10.4,-11.0,-0.7777777777777778
12,2024-2953-ozzy diaz--zhang mingyang,2024,0,1191,1224,Ozzy Diaz,Zhang Mingyang,185,205,0,-20.0,1484.0882878647694,1511.6660781490516,-27.577790284282173,0,-10.0,16.0,-1.9000000000000004,0.0,-25.0,-100.0,0.0,100.0,-1.0,0.0,-2.0,0.0,0.0,-100.0,-100.0,-100.0,0.0,0.0,-2.0,-1.0,-0.0,-0.0,0.0
12,2024-2954-paulo costa--robert whittaker,2024,0,121,559,Robert Whittaker,Paulo Costa,185,185,1,0.0,1750.6379571795762,1562.2359169298716,188.40204024970467,1,-15.0,10.0,2.8400000000000003,-12.0,2.0,-21.800000000000004,0.0,21.800000000000004,8.0,2.0,13.0,0.0,0.25,0.0,-33.333333333333336,-33.333333333333336,0.0,0.0,-3.0,-0.504,-3.6999999999999993,0.5,0.8666666666666668
12,2024-2955-paulo costa--sean strickland,2024,0,276,559,Sean Strickland,Paulo Costa,185,185,1,0.0,1859.9482388291065,1546.698258786547,313.2499800425594,1,-16.0,11.0,1.63,14.0,-4.0,-32.1,6.2,25.9,2.0,1.0,12.0,0.0,0.25,20.0,-8.333333333333336,-8.333333333333336,0.0,0.0,3.0,0.3103999999999999,-3.3000000000000007,-1.75,0.7333333333333333
12,2024-2956-payton talbott--yanis ghemmouri,2024,0,1350,1365,Payton Talbott,yanis ghemmouri,135,185,0,-50.0,1529.489264519079,1500.0,29.489264519078915,1,54.0,46.0,-3.26,25.0,76.0,40.0,20.0,40.0,0.0,0.0,6.0,0.0,0.75,100.0,50.0,0.0,50.0,0.0,2.0,1.0,-0.0,-0.0,1.0
12,2024-2957-pete rodriguez--themba gorimbo,2024,0,1173,1233,Pete Rodriguez,Themba Gorimbo,170,170,1,0.0,1487.628498447879,1510.4790743457588,-22.850575897879708,0,-18.0,-14.0,-11.74,-65.0,18.0,75.0,0.0,-75.0,0.0,0.0,-3.0,0.0,-0.25,0.0,100.0,100.0,0.0,0.0,0.0,0.0,-0.0,-0.0,-3.0
12,2024-2958-petr yan--song yadong,2024,0,514,667,Song Yadong,Petr Yan,135,135,1,0.0,1642.450722675726,1715.2644878008543,-72.81376512512838,0,-11.0,-3.0,0.13999999999999968,-10.0,-12.0,9.000000000000007,9.1,-18.1,-2.0,-2.0,0.0,0.0,0.0,40.0,66.66666666666667,66.66666666666667,0.0,-3.0,7.0,0.9104,-4.0,-6.1,2.2
12,2024-2959-quang le--xiao long,2024,0,1006,1408,Xiao Long,Quang Le,135,135,1,0.0,1467.0035982569482,1465.0639630616022,1.9396351953459998,1,9.0,3.0,0.33000000000000007,-10.0,-21.0,33.3,-100.0,66.7,0.0,0.0,3.0,0.0,0.75,66.66666666666667,0.0,0.0,0.0,0.0,2.0,0.84,-0.0,-0.0,-0.3333333333333333
12,2024-2960-ramiz brahimaj--themba gorimbo,2024,0,948,1233,Ramiz Brahimaj,Themba Gorimbo,170,170,1,0.0,1484.7650963119545,1527.4458527292559,-42.68075641730138,0,-16.0,-13.0,-2.7199999999999998,-24.0,-35.0,0.0,75.0,-75.0,0.0,0.0,1.0,0.0,-0.25,0.0,100.0,0.0,100.0,0.0,0.0,-0.064,-0.0,-0.0,-6.0
12,2024-2961-ramon taveras--serhiy sidey,2024,0,1283,1354,Ramon Taveras,Serhiy Sidey,145,135,0,10.0,1435.9921174614606,1515.4715711481692,-79.47945368670867,1,5.0,3.0,-3.1500000000000004,-25.0,80.0,16.700000000000003,0.0,-16.700000000000003,0.0,0.0,0.0,0.0,0.0,-50.0,0.0,0.0,0.0,0.0,-2.0,-0.6,-0.0,-0.0,0.0
12,2024-2962-rani yahya--victor henry,2024,0,17,1217,Rani Yahya,Victor Henry,135,135,1,0.0,1475.9950602457811,1454.5455601466078,21.449500099173292,0,-15.0,2.0,3.1100000000000003,-12.0,-52.0,-25.0,64.7,-39.7,0.0,0.0,21.0,0.0,0.0,-6.666666666666671,66.66666666666667,0.0,66.66666666666667,0.0,-3.0,-0.47839999999999994,5.5,5.0,-1.0222222222222221
12,2024-2963-raul rosas jr--ricky turcios,2024,0,520,1183,Ricky Turcios,Raul Rosas Jr.,135,135,1,0.0,1491.961173468387,1507.6460711378384,-15.684897669451402,0,-4.0,2.0,-2.35,-21.0,44.0,-16.7,-33.3,50.0,0.0,0.0,-1.0,0.0,-0.25,-25.0,-66.66666666666667,-33.333333333333336,-33.333333333333336,0.0,0.0,-0.064,-0.0,-0.0,-0.75
12,2024-2964-ricky glenn--song kenan,2024,0,517,561,Song Kenan,ricky glenn,170,185,0,-15.0,1389.0547649689395,1500.0,-110.94523503106052,1,46.0,51.0,-5.82,30.0,73.0,50.0,0.0,50.0,0.0,0.0,11.0,0.0,0.75,40.0,50.0,50.0,0.0,0.0,-1.0,0.2656,-0.0,-0.0,-1.0
12,2024-2965-ricky simon--vinicius oliveira,2024,0,549,1363,Ricky Simon,Vinicius Oliveira,135,135,1,0.0,1510.2043918398742,1513.6560834048112,-3.4516915649369366,0,1.0,4.0,-0.8300000000000001,-7.0,-5.0,-21.8,27.3,-5.5,2.0,0.0,11.0,0.0,0.0,-20.0,-25.0,-75.0,50.0,0.0,-2.0,-0.6,6.800000000000001,8.666666666666666,1.6666666666666667
12,2024-2966-robelis despaigne--waldo cortesacosta,2024,0,1131,1390,Waldo Cortes-Acosta,robelis despaigne,265,185,0,80.0,1521.8523651968837,1500.0,21.85236519688374,1,48.0,55.0,-3.51,50.0,71.0,37.5,0.0,62.5,2.0,0.0,10.0,0.0,0.75,80.0,50.0,50.0,0.0,0.0,-1.0,0.4,-0.0,-0.0,0.7777777777777778
12,2024-2967-robert valentin--ryan loder,2024,1,1471,1472,Ryan Loder,Robert Valentin,185,185,1,0.0,1500.0,1500.0,0.0,1,15.0,18.0,0.3200000000000003,14.0,45.0,0.0,0.0,0.0,0.0,1.0,-1.0,0.0,0.0,0.0,0.0,0.0,0.0,0.0,0.0,0.0,-0.0,-0.0,0.0
12,2024-2968-rongzhu--shin haraguchi,2024,1,982,1473,Rongzhu,shin haraguchi,155,185,0,-30.0,1448.5300333779926,1500.0,-51.469966622007405,1,51.0,52.0,-5.44,62.0,84.0,33.3,16.7,50.0,0.0,1.0,9.0,0.0,0.75,60.0,66.66666666666667,66.66666666666667,0.0,0.0,2.0,0.8655999999999999,-0.0,-0.0,0.0
12,2024-2969-sam patterson--yohan lainesse,2024,0,1159,1222,yohan lainesse,Sam Patterson,185,170,0,15.0,1500.0,1485.7263592103543,14.273640789645697,0,-43.0,-49.0,3.93,-100.0,-33.0,-40.0,-60.0,0.0,0.0,0.0,-6.0,0.0,-0.75,-50.0,-100.0,0.0,-100.0,0.0,1.0,-0.4,-0.0,-0.0,0.0
12,2024-2970-seungwoo choi--steve garcia,2024,0,784,796,Steve Garcia,seungwoo choi,145,185,0,-40.0,1507.474117102789,1500.0,7.474117102789023,1,48.0,57.0,-2.2,40.0,88.0,87.5,0.0,12.5,1.0,0.0,10.0,0.0,0.75,80.0,100.0,100.0,0.0,0.0,2.0,0.904,-0.0,-0.0,-3.0
12,2024-2971-shohei nose--suyoung you,2024,0,1218,1392,shohei nose,SuYoung You,185,135,0,50.0,1500.0,1531.708960079202,-31.708960079201916,0,-46.0,-70.0,1.96,-47.0,-66.0,0.0,0.0,-100.0,0.0,0.0,-5.0,0.0,0.0,0.0,0.0,0.0,0.0,0.0,0.0,0.0,-0.0,-0.0,0.0
12,2024-2972-taiga iwasaki--yousri belgaroui,2024,0,1340,1519,yousri belgaroui,taiga iwasaki,185,185,1,0.0,1475.1875,1500.0,-24.8125,1,60.0,57.0,-2.65,0.0,81.0,100.0,0.0,0.0,0.0,0.0,2.0,0.0,0.75,0.0,0.0,0.0,0.0,0.0,-1.0,0.0,-0.0,-0.0,-1.6666666666666667
12,2024-2973-taylor lapilus--vince morales,2024,0,666,1429,Vince Morales,taylor lapilus,135,185,0,-50.0,1452.6728734115793,1500.0,-47.3271265884207,0,37.0,53.0,-4.0,40.0,58.0,33.3,0.0,66.7,0.0,0.0,12.0,0.0,0.5,40.0,50.0,50.0,0.0,0.0,-2.0,0.13440000000000002,-0.0,-0.0,-0.6
12,2024-2974-themba gorimbo--vicente luque,2024,0,339,1233,Vicente Luque,Themba Gorimbo,170,170,1,0.0,1591.8488186742459,1560.382654438347,31.466164235898987,1,-10.0,-4.0,-4.16,-14.0,-21.0,25.0,37.5,-62.5,8.0,0.0,17.0,0.0,0.0,10.0,66.66666666666667,0.0,66.66666666666667,0.0,2.0,0.264,7.4,12.0,-3.8
12,2024-2975-tim means--uros medic,2024,0,119,950,Tim Means,Uros Medic,170,170,1,0.0,1381.4325521284927,1476.1692864805445,-94.73673435205183,0,-11.0,4.0,-0.1499999999999999,-10.0,9.0,-60.0,13.3,46.7,0.0,0.0,20.0,0.0,0.0,-20.0,-50.0,-50.0,0.0,0.0,-2.0,-0.46879999999999994,15.0,-0.0,0.33333333333333337
12,2024-2976-tom nolan--victor martinez,2024,0,1031,1251,Victor Martinez,Tom Nolan,155,155,1,0.0,1477.2416108763196,1478.452027016534,-1.21041614021442,0,6.0,7.0,-2.8100000000000005,21.0,14.0,-50.0,0.0,50.0,0.0,0.0,-2.0,0.0,0.0,-50.0,-100.0,-100.0,0.0,0.0,-2.0,-0.6,-0.0,-0.0,1.0
12,2024-2977-trevor peek--yanal ashmouz,2024,0,1202,1278,Trevor Peek,Yanal Ashmouz,145,155,0,-10.0,1444.6159821186327,1477.9654886243638,-33.34950650573114,0,3.0,-7.0,0.9000000000000004,12.0,-12.0,16.700000000000003,0.0,-16.700000000000003,0.0,0.0,2.0,0.0,0.0,25.0,-33.33333333333333,-33.33333333333333,0.0,0.0,0.0,0.16000000000000003,-0.0,-0.0,2.0
12,2024-2978-tyson pedro--vitor petrino,2024,0,466,1219,tyson pedro,Vitor Petrino,185,265,0,-80.0,1500.0,1470.7301750539298,29.26982494607023,0,-45.0,-47.0,2.6,-58.0,-71.0,-33.400000000000006,-33.3,-33.3,0.0,0.0,-8.0,0.0,-0.75,-100.0,-75.0,-50.0,-25.0,0.0,-4.0,-1.0,-0.0,-0.0,-3.3333333333333335
12,2025-2979-aaron pico--lerone murphy,2025,0,942,1496,Lerone Murphy,Aaron Pico,145,145,1,0.0,1651.2007402934787,1500.0,151.2007402934787,1,9.0,11.0,-0.11999999999999966,-12.0,51.0,-66.7,0.0,66.7,4.0,0.0,9.0,0.0,1.0,100.0,0.0,0.0,0.0,0.0,5.0,1.0,7.0,7.0,2.333333333333333
12,2025-2980-abdul rakhman yakhyaev--alik lorenz,2025,0,1520,1521,Abdul Rakhman Yakhyaev,alik lorenz,205,185,0,20.0,1500.0,1500.0,0.0,1,88.0,66.0,-2.0,0.0,100.0,100.0,0.0,0.0,0.0,0.0,1.0,0.0,0.0,0.0,0.0,0.0,0.0,0.0,0.0,0.0,-0.0,-0.0,0.0
12,2025-2981-abdul razak alhassan--cesar almeida,2025,0,597,1268,abdul razak alhassan,Cesar Almeida,185,185,1,0.0,1500.0,1507.0154074565926,-7.015407456592584,0,-58.0,-48.0,2.32,0.0,-60.0,-50.0,0.0,-50.0,0.0,0.0,-5.0,0.0,-1.0,-75.0,-33.333333333333336,-33.333333333333336,0.0,0.0,-1.0,-0.76,-0.0,-0.0,-1.2222222222222223
12,2025-2982-abus magomedov--michel pereira,2025,0,779,1079,Michel Pereira,Abus Magomedov,185,185,1,0.0,1526.0228018490188,1502.4785931989356,23.544208650083192,0,4.0,-5.0,-0.6699999999999995,-5.0,-24.0,-2.7000000000000064,8.299999999999997,-5.600000000000001,0.0,0.0,8.0,0.0,0.0,20.0,8.333333333333329,-8.333333333333336,16.666666666666664,0.0,0.0,0.0384000000000001,-6.5,-6.0,-0.5666666666666665
12,2025-2983-adam fugitt--islam dulatov,2025,0,1080,1446,Adam Fugitt,Islam Dulatov,170,170,1,0.0,1481.8151493864916,1506.46875,-24.653600613508388,0,-8.0,1.0,-0.2999999999999998,-75.0,-50.0,-50.0,0.0,50.0,0.0,0.0,3.0,0.0,0.0,-50.0,-50.0,-50.0,0.0,0.0,1.0,-0.16000000000000003,-0.0,-0.0,1.0
12,2025-2984-aiemann zahabi--jose aldo,2025,0,44,482,jose aldo,Aiemann Zahabi,185,135,0,50.0,1500.0,1552.128755280118,-52.12875528011796,0,-46.0,-69.0,4.13,-14.0,-83.0,-28.6,0.0,-71.4,-1.0,0.0,-9.0,0.0,-1.0,-100.0,-40.0,-40.0,0.0,0.0,-5.0,-1.0,-0.0,-0.0,-0.8666666666666668
12,2025-2985-aj cunningham--suyoung you,2025,0,1231,1392,AJ Cunningham,SuYoung You,135,135,1,0.0,1449.5679100672228,1541.6042568979428,-92.03634683072005,0,-17.0,-22.0,-4.35,-47.0,-20.0,100.0,0.0,-100.0,0.0,0.0,-2.0,0.0,0.0,-100.0,0.0,0.0,0.0,0.0,-5.0,-1.0,-0.0,-0.0,-2.111111111111111
12,2025-2986-alatengheili--damon blackshear,2025,0,715,1285,Alatengheili,Da'Mon Blackshear,135,135,1,0.0,1504.0673086466923,1448.9671650010266,55.10014364566564,0,-13.0,5.0,-0.9299999999999997,10.0,4.0,0.0,-60.0,60.0,1.0,0.0,-1.0,0.0,0.0,0.0,-66.66666666666666,0.0,-66.66666666666667,0.0,2.0,0.4303999999999999,6.0,5.0,1.5333333333333334
12,2025-2987-aleksandre topuria--colby thicknesse,2025,0,1474,1475,Aleksandre Topuria,Colby Thicknesse,135,135,1,0.0,1500.0,1500.0,0.0,1,22.0,22.0,0.20000000000000018,50.0,50.0,-100.0,0.0,100.0,0.0,0.0,0.0,0.0,0.0,0.0,0.0,0.0,0.0,0.0,0.0,0.0,-0.0,-0.0,0.0
12,2025-2988-alex morono--carlos leal,2025,0,371,1404,Alex Morono,Carlos Leal,170,170,1,0.0,1450.445946443829,1470.8212428388856,-20.375296395056694,0,-10.0,3.0,2.83,-1.0,-43.0,-84.6,15.4,69.2,1.0,0.0,19.0,0.0,0.0,40.0,50.0,0.0,50.0,0.0,2.0,0.6384,6.5,-0.0,1.1333333333333333
12,2025-2989-alex pereira--magomed ankalaev,2025,1,699,962,Magomed Ankalaev,Alex Pereira,205,205,1,0.0,1842.2557834510849,2210.6086629889123,-368.35287953782745,1,-10.0,4.0,1.04,-28.0,9.0,-27.799999999999997,0.0,27.8,1.0,-4.0,3.0,0.0,0.0,20.0,-35.0,-35.0,0.0,-4.0,2.0,0.03839999999999999,-5.4,-3.2,-0.19999999999999996
12,2025-2990-alexander hernandez--chase hooper,2025,0,602,636,Alexander Hernandez,Chase Hooper,155,155,1,0.0,1417.046415131757,1524.1602421819148,-107.11382705015785,1,-9.0,19.0,-1.6199999999999997,3.0,18.0,22.09999999999999,-44.4,22.300000000000004,3.0,0.0,3.0,0.0,0.0,-60.0,-80.0,-20.0,-60.0,0.0,-6.0,-0.6639999999999999,6.800000000000001,-0.0,-0.09999999999999998
12,2025-2991-alexander hernandez--kurt holobaugh,2025,0,193,602,Kurt Holobaugh,Alexander Hernandez,155,155,1,0.0,1451.8097438230916,1427.1219345293161,24.687809293775445,0,4.0,-9.0,0.35999999999999943,-3.0,-35.0,-44.4,50.0,-5.600000000000001,-3.0,0.0,-6.0,0.0,0.0,0.0,50.0,0.0,50.0,0.0,0.0,0.0,-6.800000000000001,-0.0,-1.2000000000000002
12,2025-2992-alexander volkanovski--diego lopes,2025,1,375,1017,Alexander Volkanovski,Diego Lopes,145,145,1,0.0,1828.7754591367561,1670.3354632768999,158.43999585985625,1,9.0,12.0,1.4,-6.0,3.0,-4.299999999999997,-20.0,24.299999999999997,6.0,7.0,9.0,0.0,0.0,-40.0,50.0,75.0,-25.0,5.0,-5.0,-0.84,5.95,7.083333333333334,1.9833333333333332
12,2025-2993-alexandre pantoja--kai karafrance,2025,1,498,668,Alexandre Pantoja,Kai Kara-France,125,125,1,0.0,1991.9369184367365,1663.4130534424803,328.5238649942562,1,10.0,-15.0,-0.6399999999999997,17.0,-14.0,-23.299999999999994,42.9,-19.6,4.0,5.0,4.0,0.0,0.0,40.0,-26.66666666666667,-66.66666666666667,40.0,3.0,4.0,0.2784,0.5999999999999996,-1.0,0.3999999999999999
12,2025-2994-alibi idiris--joseph morales,2025,1,579,1499,Joseph Morales,Alibi Idiris,125,125,1,0.0,1494.8804892785904,1500.0,-5.119510721409597,1,-10.0,4.0,1.4900000000000002,42.0,-32.0,-100.0,100.0,0.0,0.0,1.0,3.0,0.0,0.2,33.333333333333336,100.0,0.0,100.0,0.0,-2.0,0.16000000000000003,6.0,6.0,-2.3333333333333335
12,2025-2995-aljamain sterling--brian ortega,2025,0,212,311,Aljamain Sterling,Brian Ortega,145,145,1,0.0,1816.047501076779,1619.4924680891063,196.5550329876728,1,15.0,10.0,4.17,5.0,-10.0,-25.7,-26.5,46.3,7.0,4.0,9.0,0.0,0.0,20.0,-50.0,0.0,-50.0,2.0,0.0,0.09600000000000009,-1.0,1.75,2.4000000000000004
12,2025-2996-allan nascimento--jafel filho,2025,0,610,1176,Allan Nascimento,Jafel Filho,125,125,1,0.0,1503.448743922799,1498.402183163787,5.046560759011982,1,19.0,3.0,-0.33000000000000007,-18.0,-36.0,-33.3,-33.400000000000006,66.7,0.0,0.0,0.0,0.0,-0.25,-25.0,-50.0,-33.333333333333336,-16.66666666666667,0.0,1.0,0.07999999999999996,-3.0,-3.0,0.3333333333333333
12,2025-2997-alonzo menifield--julius walker,2025,0,504,1476,Alonzo Menifield,Julius Walker,205,205,1,0.0,1486.4405305548516,1500.0,-13.559469445148352,1,-2.0,7.0,-0.22999999999999998,-5.0,-22.0,50.0,16.7,-66.7,4.0,0.0,16.0,0.0,1.0,60.0,66.66666666666667,33.333333333333336,33.333333333333336,0.0,-2.0,0.16000000000000003,6.5,6.5,0.3333333333333333
12,2025-2998-alonzo menifield--oumar sy,2025,0,504,1415,Alonzo Menifield,Oumar Sy,205,205,1,0.0,1513.787977086788,1522.0835634719087,-8.295586385120714,1,5.0,-20.0,-2.04,-5.0,-22.0,16.599999999999994,-16.599999999999998,0.0,4.0,0.0,14.0,0.0,0.0,-40.0,16.66666666666667,33.333333333333336,-16.666666666666664,0.0,-4.0,-0.84,6.5,6.5,-2.6666666666666665
12,2025-2999-alvin hines--jhonata diniz,2025,0,1291,1477,Jhonata Diniz,Alvin Hines,265,185,0,80.0,1506.9855141997127,1500.0,6.985514199712725,1,56.0,59.0,-3.71,0.0,78.0,50.0,0.0,50.0,0.0,0.0,5.0,0.0,1.0,75.0,66.66666666666667,66.66666666666667,0.0,0.0,2.0,0.904,11.0,11.0,1.6666666666666667
12,2025-3000-andre fili--christian rodriguez,2025,0,159,1000,Andre Fili,Christian Rodriguez,145,145,1,0.0,1454.9350303392473,1496.233734135694,-41.298703796446716,1,-13.0,-5.0,-1.3800000000000003,5.0,4.0,30.8,-16.7,-14.099999999999994,2.0,0.0,14.0,0.0,0.0,-20.0,50.0,50.0,0.0,0.0,-2.0,-0.45599999999999996,7.0,7.0,-0.9333333333333333
12,2025-3001-andre fili--melquizael costa,2025,0,159,1243,Andre Fili,Melquizael Costa,145,145,1,0.0,1469.9497041436998,1479.7313264777108,-9.78162233401099,0,-12.0,-3.0,-1.1400000000000006,7.0,13.0,30.8,-40.0,9.200000000000003,2.0,0.0,17.0,0.0,0.0,-10.0,0.0,50.0,-50.0,0.0,-2.0,-0.41759999999999997,7.0,7.0,-3.1333333333333333
12,2025-3002-andre lima--daniel barez,2025,0,989,1235,Daniel Barez,Andre Lima,125,125,1,0.0,1483.2135319779086,1550.3583963494284,-67.14486437151982,0,-11.0,-7.0,-3.46,-47.0,5.0,0.0,-20.0,40.0,0.0,0.0,-1.0,0.0,0.0,-66.66666666666666,0.0,0.0,0.0,0.0,-3.0,-0.4,-0.0,-0.0,-2.3333333333333335
12,2025-3003-andre muniz--ikram aliskerov,2025,0,614,1170,Andre Muniz,Ikram Aliskerov,185,185,1,0.0,1534.6400455598337,1504.8886643361957,29.751381223637964,0,-13.0,10.0,3.45,16.0,-65.0,-75.0,25.0,50.0,1.0,0.0,6.0,0.0,-0.25,-15.0,-66.66666666666666,-66.66666666666667,0.0,0.0,-1.0,-0.24,-6.666666666666666,-6.666666666666666,1.75
12,2025-3004-andre petroski--edmen shahbazyan,2025,0,619,968,Edmen Shahbazyan,Andre Petroski,185,185,1,0.0,1449.3627025214823,1509.0996998047556,-59.73699728327324,1,-1.0,-4.0,-0.8700000000000001,-14.0,-20.0,54.2,-13.9,-40.3,1.0,0.0,3.0,0.0,0.0,-20.0,100.0,100.0,0.0,0.0,2.0,0.26399999999999996,10.75,13.0,-2.8333333333333335
12,2025-3005-andre petroski--rodolfo vieira,2025,0,833,968,Rodolfo Vieira,Andre Petroski,185,185,1,0.0,1495.1830231543463,1461.098241811096,34.08478134325037,0,6.0,-1.0,-1.37,-28.0,14.0,-12.5,58.3,-45.8,0.0,0.0,-2.0,0.0,0.0,0.0,100.0,0.0,100.0,0.0,3.0,0.4911999999999999,-0.0,-0.0,-3.3333333333333335
12,2025-3006-andreas gustafsson--khaos williams,2025,0,839,1378,Khaos Williams,Andreas Gustafsson,170,170,1,0.0,1505.8864644715745,1506.46875,-0.5822855284254729,0,-32.0,-5.0,-1.7599999999999998,-58.0,-49.0,16.700000000000003,0.0,-16.700000000000003,0.0,0.0,7.0,0.0,0.0,-20.0,-50.0,-50.0,0.0,0.0,1.0,-0.09599999999999997,-0.0,-0.0,0.33333333333333337
12,2025-3007-andreas gustafsson--rinat fakhretdinov,2025,0,1097,1378,Rinat Fakhretdinov,Andreas Gustafsson,170,170,1,0.0,1568.0504623349295,1531.6665213510807,36.38394098384879,1,-19.0,9.0,0.020000000000000018,-24.0,-9.0,-33.39999999999999,16.7,16.700000000000003,0.0,0.0,4.0,0.0,0.0,0.0,-80.0,-100.0,20.0,0.0,4.0,0.0,-0.0,-0.0,2.6666666666666665
12,2025-3008-andrey pulyaev--christian leroy duncan,2025,0,1241,1380,Christian Leroy Duncan,Andrey Pulyaev,185,185,1,0.0,1466.59312157165,1515.99375,-49.400628428350046,1,-1.0,3.0,0.5699999999999998,-5.0,7.0,30.0,0.0,-30.0,0.0,0.0,4.0,0.0,0.0,-40.0,100.0,100.0,0.0,0.0,0.0,-0.2784,-0.0,-0.0,-5.333333333333334
12,2025-3009-andrey pulyaev--nick klein,2025,0,1380,1437,Andrey Pulyaev,Nick Klein,185,185,1,0.0,1463.1498540123212,1506.46875,-43.31889598767884,1,4.0,9.0,-0.09999999999999964,-19.0,-2.0,50.0,-100.0,50.0,0.0,0.0,0.0,0.0,0.0,0.0,-100.0,0.0,-100.0,0.0,0.0,0.0,-0.0,-0.0,3.0
12,2025-3010-ange loosa--phil rowe,2025,0,819,972,Phil Rowe,ange loosa,170,185,0,-15.0,1459.3382202589307,1500.0,-40.66177974106927,1,49.0,53.0,-4.38,36.0,56.0,100.0,0.0,0.0,0.0,0.0,8.0,0.0,1.0,40.0,100.0,100.0,0.0,0.0,-2.0,0.13440000000000002,9.0,9.0,-1.4444444444444446
12,2025-3011-anshul jubli--quillan salkilld,2025,0,1098,1434,Anshul Jubli,Quillan Salkilld,155,155,1,0.0,1506.744296630671,1510.99375,-4.249453369329103,0,-13.0,5.0,-2.26,-19.0,-37.0,16.700000000000003,0.0,-16.700000000000003,0.0,1.0,1.0,0.0,-0.25,-33.33333333333333,50.0,50.0,0.0,1.0,0.0,-0.24,-0.0,-0.0,-0.6666666666666667
12,2025-3012-ante delija--marcin tybura,2025,0,467,1522,Marcin Tybura,Ante Delija,265,265,1,0.0,1656.084871693428,1500.0,156.0848716934281,0,2.0,0.0,-1.3800000000000001,33.0,75.0,-64.2,7.1,57.1,7.0,0.0,22.0,0.0,1.0,60.0,66.66666666666667,33.333333333333336,33.333333333333336,0.0,1.0,0.7343999999999999,11.4,10.6,1.1333333333333333
12,2025-3013-anthony hernandez--brendan allen,2025,0,713,731,Brendan Allen,Anthony Hernandez,185,185,1,0.0,1680.9470510751964,1606.2987762511796,74.64827482401688,0,-9.0,-2.0,-1.4300000000000002,-7.0,-12.0,-15.000000000000005,1.5,13.500000000000004,1.0,0.0,7.0,0.0,0.0,-20.0,-5.0,-40.0,35.0,0.0,-4.0,-0.24,3.5,3.5,-1.1333333333333335
12,2025-3014-anthony hernandez--roman dolidze,2025,0,731,932,Anthony Hernandez,Roman Dolidze,185,185,1,0.0,1725.9347898548078,1577.5460364654355,148.38875338937237,1,21.0,1.0,1.1900000000000004,9.0,42.0,-33.400000000000006,55.6,-22.2,0.0,0.0,-2.0,0.0,0.0,40.0,13.333333333333329,-26.66666666666667,40.0,0.0,6.0,0.6384,-4.9,-4.5,2.4000000000000004
12,2025-3015-anthony smith--zhang mingyang,2025,0,618,1224,anthony smith,Zhang Mingyang,185,205,0,-20.0,1500.0,1521.4308670652545,-21.43086706525446,0,-60.0,-43.0,5.33,0.0,-75.0,-100.0,0.0,0.0,-1.0,0.0,-5.0,0.0,-1.0,-100.0,-100.0,-100.0,0.0,0.0,-3.0,-1.0,-0.0,-0.0,0.0
12,2025-3016-armen petrosyan--brunno ferreira,2025,0,1105,1117,armen petrosyan,Brunno Ferreira,185,185,1,0.0,1500.0,1467.460935226422,32.53906477357805,0,-50.0,-51.0,3.34,-28.0,-57.0,-66.7,-33.3,0.0,0.0,0.0,-8.0,0.0,-1.0,-60.0,-100.0,-100.0,0.0,0.0,-2.0,-0.8784,-0.0,-0.0,0.0
12,2025-3017-asu almabayev--jose ochoa,2025,0,1242,1451,Asu Almabayev,Jose Ochoa,125,125,1,0.0,1612.9613770414421,1470.2172034506955,142.74417359074664,1,17.0,-8.0,0.5800000000000001,-7.0,-9.0,-100.0,20.0,80.0,2.0,0.0,3.0,0.0,0.0,100.0,25.0,0.0,25.0,0.0,5.0,1.0,13.0,13.0,4.0
12,2025-3018-asu almabayev--manel kape,2025,0,964,1242,Manel Kape,Asu Almabayev,125,125,1,0.0,1595.22162315696,1709.1366777677717,-113.9150546108117,1,1.0,5.0,-2.3,-13.0,31.0,66.7,-20.0,-46.7,2.0,0.0,3.0,0.0,0.0,-40.0,8.333333333333336,33.333333333333336,-25.0,0.0,-5.0,-0.6255999999999999,-1.4000000000000004,-1.4000000000000004,-2.4000000000000004
12,2025-3019-ateba gautier--jose daniel medina,2025,0,1322,1388,Jose Daniel Medina,Ateba Gautier,185,185,1,0.0,1500.0,1506.46875,-6.46875,0,-61.0,-52.0,2.19,0.0,-90.0,-100.0,0.0,0.0,0.0,0.0,-3.0,0.0,-1.0,-100.0,-100.0,-100.0,0.0,0.0,-1.0,-1.0,-0.0,-0.0,0.0
12,2025-3020-ateba gautier--robert valentin,2025,0,1388,1472,Ateba Gautier,Robert Valentin,185,185,1,0.0,1515.800117793587,1467.65625,48.143867793587106,1,5.0,20.0,0.6400000000000001,0.0,35.0,0.0,0.0,0.0,0.0,0.0,0.0,0.0,0.0,100.0,100.0,100.0,0.0,-1.0,2.0,1.0,-0.0,-0.0,0.0
12,2025-3021-austen lane--mario pinto,2025,0,623,1461,Austen Lane,Mario Pinto,265,265,1,0.0,1457.5406619593646,1506.46875,-48.92808804063543,0,-21.0,-11.0,3.06,28.0,-67.0,-50.0,0.0,50.0,0.0,0.0,5.0,0.0,0.0,-60.0,-50.0,-50.0,0.0,0.0,-2.0,-0.7216,-0.0,-0.0,1.0
12,2025-3022-austen lane--vitor petrino,2025,0,623,1219,Austen Lane,Vitor Petrino,265,265,1,0.0,1412.305147017346,1491.824907203278,-79.519760185932,0,5.0,-7.0,0.3700000000000001,-30.0,-38.0,16.599999999999994,-33.3,16.700000000000003,0.0,0.0,-1.0,0.0,0.0,-20.0,16.666666666666664,50.0,-33.333333333333336,0.0,-2.0,-0.38560000000000005,-10.0,-10.0,-1.8333333333333335
12,2025-3023-austin bashi--christian rodriguez,2025,0,1000,1478,Christian Rodriguez,austin bashi,145,145,1,0.0,1455.4796195236088,1506.46875,-50.98913047639121,1,3.0,8.0,-0.5100000000000002,-1.0,5.0,0.0,-83.3,83.3,0.0,0.0,7.0,0.0,0.0,-40.0,-100.0,0.0,-100.0,0.0,0.0,-0.26560000000000006,-0.0,-0.0,1.1333333333333333
12,2025-3024-austin bashi--john yannis,2025,0,1478,1523,austin bashi,John Yannis,145,145,1,0.0,1465.6593789722435,1500.0,-34.34062102775647,1,47.0,-23.0,-1.7899999999999998,41.0,62.0,-100.0,100.0,0.0,0.0,0.0,2.0,0.0,1.0,100.0,100.0,0.0,100.0,0.0,1.0,1.0,-0.0,-0.0,0.0
12,2025-3025-austin hubbard--marquel mederos,2025,0,739,1309,Austin Hubbard,MarQuel Mederos,155,155,1,0.0,1422.8151544047,1512.2596864834336,-89.44453207873357,0,-14.0,-3.0,-1.1099999999999994,28.0,-15.0,0.0,0.0,0.0,0.0,0.0,8.0,0.0,0.0,-60.0,-50.0,-50.0,0.0,0.0,-1.0,-0.36160000000000003,-0.0,-0.0,-1.7333333333333334
12,2025-3026-austin hubbard--rongzhu,2025,0,739,982,Austin Hubbard,Rongzhu,155,155,1,0.0,1388.848011302388,1501.6370459768295,-112.78903467444161,0,-9.0,3.0,1.3400000000000007,-34.0,-16.0,-8.299999999999997,-16.7,25.0,0.0,-1.0,3.0,0.0,0.0,-20.0,-66.66666666666667,-33.333333333333336,-33.333333333333336,-1.0,0.0,-0.09599999999999997,-0.0,-0.0,-0.7333333333333334
12,2025-3027-austin vanderford--nikolay veretennikov,2025,0,1064,1479,Nikolay Veretennikov,austin vanderford,170,170,1,0.0,1464.3887555480394,1500.5506210327148,-36.161865484675445,0,-8.0,-5.0,-0.77,-7.0,-38.0,-50.0,-50.0,100.0,0.0,0.0,2.0,0.0,0.8,-100.0,-100.0,0.0,-100.0,0.0,-3.0,-1.0,-0.0,-0.0,-1.6666666666666667
12,2025-3028-axel sola--rhys mckee,2025,0,847,1524,Rhys McKee,Axel Sola,170,170,1,0.0,1393.592058649132,1500.0,-106.40794135086799,0,-2.0,-28.0,-4.41,-25.0,47.0,0.0,0.0,0.0,0.0,0.0,5.0,0.0,1.0,0.0,0.0,0.0,0.0,0.0,-4.0,0.0,-0.0,-0.0,-2.3333333333333335
12,2025-3029-azamat bekoev--ryan loder,2025,0,1471,1480,Ryan Loder,Azamat Bekoev,185,185,1,0.0,1538.8125,1500.0,38.8125,0,10.0,4.0,1.9700000000000006,-19.0,0.0,0.0,0.0,0.0,0.0,1.0,0.0,0.0,1.0,100.0,100.0,100.0,0.0,1.0,1.0,1.0,-0.0,-0.0,0.0
12,2025-3030-azamat bekoev--zachary reese,2025,0,1281,1480,Zachary Reese,Azamat Bekoev,185,185,1,0.0,1512.7886083133346,1509.6357397617583,3.1528685515763755,0,-7.0,-3.0,1.4900000000000002,25.0,-43.0,-75.0,25.0,50.0,0.0,0.0,4.0,0.0,1.0,75.0,66.66666666666667,33.333333333333336,33.333333333333336,0.0,3.0,0.9359999999999999,-0.0,-0.0,3.0
12,2025-3031-azamat murzakanov--brendson ribeiro,2025,0,976,1257,Azamat Murzakanov,Brendson Ribeiro,205,205,1,0.0,1571.6066588241426,1455.6120307576589,115.99462806648376,1,15.0,8.0,1.1400000000000001,-27.0,65.0,49.89999999999999,-33.3,-16.599999999999998,3.0,0.0,-1.0,0.0,0.0,50.0,30.0,30.0,0.0,0.0,7.0,0.84,6.0,6.0,0.8333333333333333
12,2025-3032-azat maksum--tagir ulanbekov,2025,0,869,1244,Tagir Ulanbekov,Azat Maksum,125,125,1,0.0,1519.167548611046,1476.168046339511,42.99950227153499,1,21.0,0.0,1.6400000000000001,10.0,-23.0,0.0,33.3,-33.3,5.0,0.0,4.0,0.0,-0.25,30.0,50.0,0.0,50.0,0.0,2.0,0.36,5.5,5.5,0.5555555555555556
12,2025-3033-baergeng jieleyisi--sebastian szalay,2025,0,1246,1481,Baergeng Jieleyisi,sebastian szalay,145,185,0,-40.0,1465.9391820018932,1500.0,-34.06081799810681,0,35.0,52.0,-2.62,38.0,78.0,0.0,50.0,50.0,0.0,0.0,5.0,0.0,1.0,50.0,50.0,0.0,50.0,0.0,2.0,0.84,-0.0,-0.0,-1.0
12,2025-3034-baisangur susurkaev--eric nolan,2025,0,1525,1526,Baisangur Susurkaev,Eric Nolan,185,185,1,0.0,1500.0,1500.0,0.0,1,19.0,16.0,2.25,28.0,29.0,-50.0,50.0,0.0,0.0,0.0,1.0,0.0,0.0,0.0,0.0,0.0,0.0,0.0,0.0,0.0,-0.0,-0.0,0.0
12,2025-3035-baisangur susurkaev--murtaza talha,2025,0,1348,1525,murtaza talha,Baisangur Susurkaev,185,185,1,0.0,1500.0,1509.375,-9.375,0,-58.0,-57.0,2.88,-28.0,-100.0,-50.0,-50.0,0.0,0.0,0.0,-2.0,0.0,0.0,0.0,0.0,0.0,0.0,0.0,0.0,0.0,-0.0,-0.0,0.0
12,2025-3036-bekzat almakhan--brad katona,2025,0,748,1396,brad katona,Bekzat Almakhan,185,135,0,50.0,1500.0,1466.664573803348,33.33542619665195,0,-40.0,-32.0,4.29,0.0,0.0,-100.0,0.0,0.0,0.0,0.0,-2.0,0.0,-1.0,0.0,0.0,0.0,0.0,0.0,1.0,0.0,-7.0,-7.0,4.333333333333333
12,2025-3037-belal muhammad--jack della maddalena,2025,1,366,971,Belal Muhammad,Jack Della Maddalena,170,170,1,0.0,2044.1769248667008,1739.7561824644076,304.4207424022932,0,-9.0,-9.0,0.7500000000000004,27.0,21.0,-31.199999999999992,-4.3999999999999995,35.6,3.0,0.0,10.0,0.0,0.0,0.0,-40.0,-20.0,-20.0,1.0,0.0,0.0,2.333333333333334,2.583333333333334,0.8
12,2025-3038-benardo sopaj--ricky turcios,2025,0,520,1397,Ricky Turcios,Benardo Sopaj,135,135,1,0.0,1461.9919200587099,1467.7740622319584,-5.7821421732485305,0,-16.0,3.0,1.1599999999999997,-51.0,-32.0,0.0,0.0,0.0,0.0,0.0,4.0,0.0,0.0,40.0,0.0,0.0,0.0,0.0,-1.0,0.13440000000000002,-0.0,-0.0,0.25
12,2025-3039-beneil dariush--renato moicano,2025,0,219,291,Beneil Dariush,Renato Moicano,155,155,1,0.0,1580.662581642377,1639.9784875205205,-59.31590587814344,1,1.0,-2.0,0.96,-3.0,20.0,0.9999999999999964,-20.6,19.6,2.0,0.0,5.0,0.0,-0.25,-20.0,-75.0,-50.0,-25.0,0.0,-6.0,-0.8143999999999999,-4.6,4.15,2.6
12,2025-3040-benoit saint denis--kyle prepolec,2025,0,740,979,Kyle Prepolec,Benoit Saint Denis,155,155,1,0.0,1491.0583599308184,1507.6327680878753,-16.57440815705695,0,-20.0,7.0,-1.0,-37.0,-30.0,57.1,-57.1,0.0,-3.0,0.0,-7.0,0.0,-0.8,-60.0,-100.0,-66.66666666666667,-33.333333333333336,0.0,0.0,-0.16000000000000003,-10.666666666666666,-10.666666666666666,1.0
12,2025-3041-benoit saint denis--mauricio ruffy,2025,0,979,1345,Benoit Saint Denis,Mauricio Ruffy,155,155,1,0.0,1559.5071147479325,1524.6259844896892,34.881130258243275,1,-2.0,-18.0,-0.03000000000000025,37.0,-14.0,-32.1,57.1,-25.0,3.0,0.0,5.0,0.0,0.0,-40.0,33.33333333333333,0.0,33.333333333333336,0.0,-5.0,-0.84,10.666666666666666,10.666666666666666,-4.0
12,2025-3042-billy elekana--bogdan guskov,2025,0,1253,1482,Bogdan Guskov,Billy Elekana,205,205,1,0.0,1550.942872465571,1500.0,50.9428724655711,1,-2.0,-4.0,-0.11999999999999966,-25.0,57.0,75.0,25.0,-100.0,3.0,0.0,3.0,0.0,1.0,66.66666666666667,100.0,100.0,0.0,0.0,2.0,0.84,10.0,10.0,0.0
12,2025-3043-billy elekana--ibo aslan,2025,0,1307,1482,Ibo Aslan,Billy Elekana,205,205,1,0.0,1523.052499682201,1464.6391706551124,58.413329027088594,0,-10.0,10.0,-0.29000000000000004,-25.0,86.0,100.0,0.0,-100.0,0.0,0.0,3.0,0.0,1.0,100.0,100.0,100.0,0.0,0.0,3.0,1.0,-0.0,-0.0,0.0
12,2025-3044-billy ray goff--ramiz brahimaj,2025,0,948,1109,Ramiz Brahimaj,Billy Ray Goff,170,170,1,0.0,1454.6736372519267,1473.4831099118478,-18.809472659921084,1,-1.0,-16.0,1.2099999999999995,25.0,-19.0,-75.0,75.0,0.0,0.0,0.0,3.0,0.0,0.0,-6.666666666666671,0.0,-66.66666666666666,66.66666666666667,0.0,0.0,-0.09599999999999997,-0.0,-0.0,-0.6666666666666665
12,2025-3045-bo nickal--reinier de ridder,2025,0,1111,1436,Bo Nickal,Reinier de Ridder,185,185,1,0.0,1581.7604808598858,1506.1446316666475,75.61584919323832,0,7.0,8.0,0.33000000000000007,26.0,34.0,-8.40000000000001,16.700000000000003,-8.3,-2.0,0.0,3.0,0.0,0.0,0.0,-20.0,20.0,-40.0,0.0,4.0,0.0,-0.0,-0.0,3.0
12,2025-3046-bogdan grad--lucas alexander,2025,0,1188,1252,lucas alexander,Bogdan Grad,185,145,0,40.0,1500.0,1491.7701686838293,8.229831316170703,0,-51.0,-49.0,5.4,-36.0,-75.0,-50.0,0.0,-50.0,0.0,0.0,-4.0,0.0,-1.0,-50.0,0.0,0.0,0.0,0.0,-1.0,-0.6,-0.0,-0.0,-1.6666666666666667
12,2025-3047-bogdan grad--muhammad naimov,2025,0,882,1252,Muhammad Naimov,Bogdan Grad,145,145,1,0.0,1483.8263519304237,1501.200675549547,-17.374323619123288,1,-11.0,-4.0,1.9500000000000002,0.0,-8.0,-10.0,0.0,10.0,0.0,0.0,3.0,0.0,0.0,10.0,66.66666666666667,66.66666666666667,0.0,0.0,0.0,0.13439999999999996,-0.0,-0.0,-2.0
12,2025-3048-bogdan guskov--nikita krylov,2025,0,201,1253,Nikita Krylov,Bogdan Guskov,205,205,1,0.0,1587.9498990352834,1610.5658766894328,-22.615977654149447,0,-1.0,-1.0,0.7199999999999998,38.0,-4.0,-38.70000000000001,20.5,18.2,4.0,0.0,15.0,0.0,-0.25,-6.666666666666671,-33.33333333333333,-66.66666666666666,33.333333333333336,0.0,-1.0,-0.10560000000000003,-0.8000000000000007,0.1999999999999993,0.33333333333333337
12,2025-3049-bolaji oki--mason jones,2025,0,1013,1254,Mason Jones,Bolaji Oki,155,155,1,0.0,1480.192197228869,1480.0941362482984,0.09806098057060808,1,-3.0,-11.0,0.6800000000000006,-5.0,15.0,0.0,0.0,0.0,0.0,0.0,0.0,0.0,-0.5,-33.333333333333336,-50.0,-50.0,0.0,0.0,-3.0,-0.6,-0.0,-0.0,-2.0
12,2025-3050-bolaji oki--michael aswell,2025,0,1254,1400,Bolaji Oki,michael aswell,155,145,0,10.0,1433.2224437738755,1471.6818228443547,-38.459379070479145,1,0.0,7.0,2.7799999999999994,60.0,9.0,-66.7,0.0,66.7,0.0,0.0,3.0,0.0,0.0,66.66666666666667,50.0,50.0,0.0,0.0,2.0,0.76,-0.0,-0.0,2.666666666666667
12,2025-3051-brad tavares--gerald meerschaert,2025,0,309,439,brad tavares,Gerald Meerschaert,185,185,1,0.0,1444.0472629723536,1416.3351806174878,27.712082354865743,1,-2.0,1.0,0.13000000000000034,-4.0,39.0,4.199999999999999,-91.7,87.5,6.0,0.0,3.0,0.0,0.0,-20.0,-100.0,0.0,-100.0,0.0,-5.0,-0.8016,-1.0,8.0,2.5333333333333337
12,2025-3052-brad tavares--robert bryczek,2025,0,309,1444,brad tavares,Robert Bryczek,185,185,1,0.0,1455.6859710536023,1467.53125,-11.845278946397684,0,7.0,-5.0,0.7200000000000002,-74.0,-4.0,-87.5,0.0,87.5,6.0,0.0,25.0,0.0,0.0,20.0,0.0,0.0,0.0,0.0,-2.0,0.038400000000000004,6.0,8.0,3.2
12,2025-3053-brandon holmes--cam rowston,2025,0,1402,1527,cam rowston,brandon holmes,185,185,1,0.0,1472.8010284153797,1500.0,-27.198971584620267,1,49.0,50.0,-2.34,50.0,28.0,100.0,0.0,0.0,0.0,0.0,2.0,0.0,1.0,0.0,0.0,0.0,0.0,0.0,-1.0,0.0,-0.0,-0.0,-1.0
12,2025-3054-brandon moreno--steve erceg,2025,0,390,1234,Brandon Moreno,Steve Erceg,125,125,1,0.0,1892.3552504931176,1595.0380619761797,297.3171885169379,1,-1.0,8.0,0.16999999999999993,17.0,2.0,2.2000000000000064,27.3,-29.5,5.0,3.0,11.0,0.0,0.0,-20.0,16.666666666666664,16.666666666666664,0.0,2.0,-2.0,-0.328,-0.34999999999999964,7.0,-5.551115123125783e-17
12,2025-3055-brandon royval--joshua van,2025,0,865,1324,Brandon Royval,Joshua Van,125,125,1,0.0,1801.9320910933031,1527.8176523885986,274.1144387047045,0,-15.0,-14.0,2.13,12.0,-36.0,-10.799999999999994,42.9,-32.1,4.0,0.0,2.0,0.0,0.0,0.0,0.0,0.0,0.0,1.0,2.0,0.2016,8.2,9.5,-1.583333333333333
12,2025-3056-brendan allen--marvin vettori,2025,0,368,713,Marvin Vettori,Brendan Allen,185,185,1,0.0,1579.646019709405,1649.1061601373142,-69.46014042790921,0,-8.0,9.0,-0.5599999999999996,4.0,9.0,-7.199999999999994,-34.900000000000006,42.099999999999994,-1.0,0.0,-1.0,0.0,-0.25,-40.0,-75.0,0.0,-75.0,1.0,0.0,-0.12160000000000004,5.8,5.0,-1.7999999999999998
12,2025-3057-brendson ribeiro--diyar nurgozhay,2025,0,1257,1394,Brendson Ribeiro,Diyar Nurgozhay,205,205,1,0.0,1389.4816372950195,1506.46875,-116.98711270498052,1,-8.0,-8.0,-1.0099999999999998,-58.0,-82.0,-66.6,33.3,33.3,0.0,0.0,4.0,0.0,0.0,-50.0,-50.0,-50.0,0.0,0.0,-3.0,-0.84,-0.0,-0.0,0.16666666666666669
12,2025-3058-brendson ribeiro--oumar sy,2025,0,1257,1415,Brendson Ribeiro,Oumar Sy,205,205,1,0.0,1399.6172835673492,1486.6231907609747,-87.00590719362549,0,-6.0,-17.0,-2.2800000000000002,6.0,-82.0,0.0,0.0,0.0,0.0,0.0,3.0,0.0,0.0,-50.0,0.0,50.0,-50.0,0.0,-4.0,-0.84,-0.0,-0.0,-2.8333333333333335
12,2025-3059-brunno ferreira--jackson mcvey,2025,0,1117,1483,Brunno Ferreira,Jackson McVey,185,185,1,0.0,1486.6486637754617,1500.0,-13.351336224538272,1,24.0,29.0,-1.39,28.0,57.0,-33.3,33.3,0.0,0.0,0.0,7.0,0.0,1.0,60.0,100.0,100.0,0.0,0.0,2.0,0.8784,-0.0,-0.0,0.0
12,2025-3060-bruno lopes--dustin jacoby,2025,0,96,1258,Dustin Jacoby,Bruno Lopes,205,205,1,0.0,1487.1295655771396,1487.601987551931,-0.4724219747913594,1,4.0,0.0,-0.6399999999999997,-8.0,-38.0,10.0,0.0,-10.0,2.0,0.0,13.0,0.0,0.0,-10.0,0.0,0.0,0.0,0.0,-2.0,-0.3216,5.6,5.25,-0.2
12,2025-3061-bruno lopes--magomed gadzhiyasulov,2025,0,1258,1321,Bruno Lopes,magomed gadzhiyasulov,205,185,0,20.0,1440.7110531116034,1500.0,-59.288946888396595,1,43.0,57.0,-3.38,33.0,100.0,50.0,0.0,50.0,0.0,0.0,4.0,0.0,1.0,50.0,100.0,100.0,0.0,0.0,1.0,0.6,-0.0,-0.0,0.0
12,2025-3062-bruno silva--joshua van,2025,0,870,1324,bruno silva,Joshua Van,185,125,0,60.0,1500.0,1721.6509818159516,-221.65098181595158,0,-56.0,-57.0,6.36,-63.0,-81.0,-25.0,0.0,-75.0,-3.0,0.0,-9.0,0.0,-1.0,-80.0,-25.0,-25.0,0.0,0.0,-1.0,-0.76,-6.0,-6.0,-1.4166666666666665
12,2025-3063-bruno silva--marcandre barriault,2025,0,730,870,Marc-Andre Barriault,bruno silva,185,185,1,0.0,1375.4165381358694,1500.0,-124.58346186413064,1,47.0,50.0,-5.63,28.0,68.0,50.0,16.7,33.3,0.0,0.0,15.0,0.0,1.0,40.0,50.0,50.0,0.0,0.0,-3.0,0.06400000000000002,6.0,6.0,0.06666666666666665
12,2025-3064-bryce mitchell--jean silva,2025,0,632,1316,Bryce Mitchell,Jean Silva,135,145,0,-10.0,1589.2754733582926,1543.238305524107,46.03716783418554,0,7.0,2.0,2.53,-14.0,-53.0,-55.49999999999999,-5.6,61.099999999999994,3.0,0.0,6.0,0.0,0.0,-40.0,-41.666666666666664,-41.666666666666664,0.0,0.0,-2.0,-0.12160000000000004,8.6,9.0,1.8666666666666667
12,2025-3065-bryce mitchell--said nurmagomedov,2025,0,632,694,Bryce Mitchell,Said Nurmagomedov,135,135,1,0.0,1551.3704889317808,1517.564015693024,33.80647323875678,1,11.0,3.0,0.44999999999999973,21.0,-30.0,-17.400000000000006,-31.799999999999997,49.199999999999996,2.0,0.0,1.0,0.0,0.25,-20.0,-41.666666666666664,33.333333333333336,-75.0,0.0,3.0,0.47839999999999994,2.0999999999999996,4.0,2.8666666666666667
12,2025-3066-caio borralho--nassourdine imavov,2025,0,935,953,Nassourdine Imavov,Caio Borralho,185,185,1,0.0,1758.7369240198834,1764.180885121767,-5.443961101883588,1,-2.0,-2.0,-0.6699999999999999,-16.0,5.0,22.2,-11.1,-11.100000000000001,5.0,0.0,1.0,0.0,0.0,-20.0,-15.0,5.0,-20.0,0.0,-2.0,-0.03839999999999999,0.5999999999999996,1.2000000000000002,-1.9333333333333336
12,2025-3067-calvin kattar--steve garcia,2025,0,506,784,Calvin Kattar,Steve Garcia,145,145,1,0.0,1527.5477110472116,1524.9074859552582,2.6402250919534254,0,-11.0,-3.0,-4.35,-11.0,-11.0,-30.4,0.0,30.4,3.0,0.0,5.0,0.0,0.0,-60.0,-100.0,-100.0,0.0,0.0,-5.0,-0.7343999999999999,11.4,15.2,2.2666666666666666
12,2025-3068-calvin kattar--youssef zalal,2025,0,506,861,Calvin Kattar,Youssef Zalal,145,145,1,0.0,1456.3323184201377,1516.6605000150862,-60.328181594948546,0,-13.0,-12.0,-4.75,-1.0,18.0,57.1,-42.9,-14.200000000000003,3.0,0.0,4.0,0.0,0.0,-40.0,-100.0,0.0,-100.0,0.0,-4.0,-0.696,11.4,15.2,-1.7333333333333334
12,2025-3069-cameron saaiman--malcolm wellmaker,2025,0,1121,1370,Cameron Saaiman,Malcolm Wellmaker,135,135,1,0.0,1462.3984136672093,1506.46875,-44.0703363327907,0,-16.0,-9.0,0.6600000000000001,28.0,-53.0,-25.0,0.0,25.0,0.0,0.0,4.0,0.0,0.0,-40.0,-33.33333333333333,-33.33333333333333,0.0,0.0,-2.0,-0.6384,-0.0,-0.0,-0.5000000000000001
12,2025-3070-cameron smotherman--ricky simon,2025,0,549,1265,Ricky Simon,Cameron Smotherman,135,135,1,0.0,1456.3373100929907,1496.02744071015,-39.690130617159184,1,7.0,3.0,-0.20000000000000018,43.0,13.0,18.2,27.3,-45.5,3.0,0.0,12.0,0.0,0.0,-10.0,100.0,0.0,100.0,0.0,-4.0,-0.5359999999999999,6.800000000000001,8.333333333333334,-2.0666666666666664
12,2025-3071-cameron smotherman--serhiy sidey,2025,0,1265,1354,Cameron Smotherman,Serhiy Sidey,135,135,1,0.0,1448.6765444915386,1484.8682892239642,-36.191744732425605,0,-2.0,4.0,0.7399999999999998,-25.0,42.0,-33.3,0.0,33.3,0.0,0.0,0.0,0.0,0.0,-16.66666666666667,-50.0,-50.0,0.0,0.0,2.0,0.19999999999999996,-0.0,-0.0,2.6666666666666665
12,2025-3072-caolan loughran--nathan fletcher,2025,0,1384,1467,caolan loughran,Nathan Fletcher,185,135,0,50.0,1500.0,1506.46875,-6.46875,1,-59.0,-57.0,2.16,-38.0,-50.0,0.0,-100.0,0.0,0.0,0.0,-3.0,0.0,-1.0,-100.0,-100.0,0.0,-100.0,0.0,-1.0,-1.0,-0.0,-0.0,0.0
12,2025-3073-carlos hernandez--hyunsung park,2025,0,988,1166,carlos hernandez,HyunSung Park,185,125,0,60.0,1500.0,1542.0941004168585,-42.09410041685851,0,-46.0,-59.0,2.94,-33.0,-50.0,-40.0,-60.0,0.0,0.0,-1.0,-6.0,0.0,-0.75,-100.0,-100.0,-50.0,-50.0,-1.0,-4.0,-1.0,-0.0,-0.0,0.0
12,2025-3074-carlos leal--muslim salikhov,2025,0,489,1404,Muslim Salikhov,Carlos Leal,170,170,1,0.0,1452.824566437634,1480.0589514041114,-27.234384966477364,1,-1.0,9.0,4.69,7.0,-18.0,-44.4,0.0,44.4,0.0,0.0,10.0,0.0,0.0,40.0,50.0,50.0,0.0,0.0,0.0,0.336,6.0,6.0,2.9333333333333336
12,2025-3075-carlos prates--geoff neal,2025,0,525,1266,Geoff Neal,Carlos Prates,170,170,1,0.0,1534.462154991075,1580.3352384769946,-45.87308348591955,0,-3.0,9.0,-0.6800000000000006,-55.0,3.0,-33.3,11.1,22.2,2.0,0.0,7.0,0.0,0.0,-60.0,0.0,0.0,0.0,0.0,-6.0,-0.7216,5.4,5.199999999999999,-1.0
12,2025-3076-carlos prates--ian machado garry,2025,0,1029,1266,Ian Machado Garry,Carlos Prates,170,170,1,0.0,1709.110883812642,1690.9566962224399,18.154187590202127,1,0.0,3.0,2.03,-67.0,-11.0,-66.7,0.0,66.7,3.0,0.0,3.0,0.0,0.0,-20.0,-50.0,-50.0,0.0,0.0,-3.0,-0.09599999999999997,4.800000000000001,5.0,1.8666666666666667
12,2025-3077-carlos ulberg--jan blachowicz,2025,0,265,867,Jan Blachowicz,Carlos Ulberg,205,205,1,0.0,1666.655634815203,1603.5574443642358,63.098190450967195,0,-6.0,1.0,1.1800000000000002,-12.0,-16.0,-14.000000000000007,5.6,8.400000000000006,7.0,2.0,11.0,0.0,-0.25,-40.0,6.666666666666671,26.66666666666667,-20.0,2.0,-6.0,-0.6384,10.2,17.25,-1.7333333333333336
12,2025-3078-carlos vera--josias musasa,2025,0,1405,1452,Carlos Vera,Josias Musasa,135,135,1,0.0,1466.646946327177,1508.0625,-41.41555367282308,1,14.0,21.0,1.8099999999999996,-50.0,-52.0,0.0,100.0,-100.0,0.0,0.0,0.0,0.0,0.0,-100.0,0.0,0.0,0.0,0.0,-2.0,-1.0,-0.0,-0.0,-4.0
12,2025-3079-carlston harris--santiago ponzinibbio,2025,0,203,990,Santiago Ponzinibbio,Carlston Harris,170,170,1,0.0,1439.7139771759012,1473.8191697097632,-34.10519253386201,1,-2.0,7.0,-1.2199999999999998,5.0,16.0,33.3,-50.0,16.700000000000003,3.0,0.0,13.0,0.0,0.0,-40.0,33.33333333333333,100.0,-66.66666666666667,0.0,-2.0,-0.32320000000000004,9.6,6.0,-3.466666666666667
12,2025-3080-changho lee--cortavious romious,2025,0,1273,1284,ChangHo Lee,cortavious romious,135,185,0,-50.0,1519.8650324667647,1500.0,19.86503246676466,1,67.0,39.0,-2.35,33.0,37.0,75.0,0.0,25.0,0.0,0.0,4.0,0.0,1.0,100.0,66.66666666666667,66.66666666666667,0.0,0.0,3.0,1.0,-0.0,-0.0,1.0
12,2025-3081-charles johnson--loneer kavanagh,2025,0,1129,1374,Charles Johnson,Lone'er Kavanagh,125,125,1,0.0,1489.0126418979617,1517.3942847508292,-28.38164285286757,1,0.0,-2.0,-0.08999999999999986,-30.0,-22.0,9.600000000000001,0.0,-9.600000000000001,1.0,0.0,8.0,0.0,0.0,0.0,-10.0,-10.0,0.0,0.0,3.0,0.0,-0.0,-0.0,-1.8666666666666667
12,2025-3082-charles johnson--ramazan temirov,2025,0,1129,1413,Charles Johnson,Ramazan Temirov,125,125,1,0.0,1546.4088441083431,1506.46875,39.940094108343146,0,9.0,-3.0,0.15000000000000036,-30.0,-34.0,-7.100000000000001,0.0,7.100000000000001,0.0,0.0,10.0,0.0,0.0,0.0,-60.0,-60.0,0.0,0.0,4.0,0.0,-0.0,-0.0,-0.2
12,2025-3083-charles oliveira--ilia topuria,2025,1,63,884,Charles Oliveira,Ilia Topuria,155,155,1,0.0,1797.5466090819255,2195.786195221828,-398.2395861399027,0,7.0,-16.0,0.5700000000000003,-22.0,-37.0,-49.300000000000004,58.49999999999999,-9.2,8.0,-1.0,25.0,0.0,0.0,-40.0,-13.333333333333329,-26.666666666666664,13.333333333333336,-1.0,-6.0,-0.6255999999999999,0.5499999999999998,3.75,-2.3666666666666667
12,2025-3084-charles radtke--mike malott,2025,0,1066,1249,Mike Malott,Charles Radtke,170,170,1,0.0,1507.273752355216,1489.0934646615094,18.180287693706532,1,-2.0,2.0,0.7000000000000002,44.0,-84.0,-33.400000000000006,50.0,-16.599999999999998,0.0,0.0,2.0,0.0,0.0,5.0,8.333333333333329,-41.66666666666667,50.0,0.0,-2.0,-0.36,7.0,7.0,-0.33333333333333326
12,2025-3085-chase hooper--jim miller,2025,0,30,636,Jim Miller,Chase Hooper,155,155,1,0.0,1451.6710294396632,1473.7826451941182,-22.111615754454988,0,-7.0,17.0,-0.45999999999999996,12.0,-7.0,-1.4210854715202004e-14,3.700000000000003,-3.6999999999999957,2.0,0.0,32.0,0.0,0.0,-40.0,20.0,13.333333333333336,6.666666666666671,0.0,-4.0,-0.2784,9.8,6.0,-1.5666666666666669
12,2025-3086-chepe mariscal--ricardo ramos,2025,0,484,1277,Ricardo Ramos,Chepe Mariscal,145,145,1,0.0,1456.9685201266443,1560.1052422933026,-103.13672216665827,0,-20.0,3.0,-0.9899999999999998,18.0,-3.0,5.0,12.5,-17.5,0.0,0.0,9.0,0.0,0.0,-40.0,8.333333333333336,8.333333333333336,0.0,0.0,-5.0,-0.696,8.0,-0.0,-1.8444444444444443
12,2025-3087-chidi njokuani--elizeu zaleski dos santos,2025,0,331,994,Elizeu Zaleski dos Santos,Chidi Njokuani,170,170,1,0.0,1496.3387969424648,1489.0383388662353,7.300458076229461,0,-21.0,-2.0,-0.9199999999999999,20.0,-6.0,-30.300000000000004,9.1,21.200000000000003,1.0,0.0,8.0,0.0,0.0,20.0,-8.333333333333336,-8.333333333333336,0.0,0.0,-3.0,-0.4655999999999999,6.0,-0.0,-0.9777777777777781
12,2025-3088-chidi njokuani--jake matthews,2025,0,239,994,Jake Matthews,Chidi Njokuani,170,170,1,0.0,1491.1432502396606,1507.886820032614,-16.743569792953394,1,-19.0,3.0,0.010000000000000231,42.0,-6.0,-53.400000000000006,40.0,13.400000000000006,0.0,0.0,12.0,0.0,0.0,0.0,33.333333333333336,0.0,33.333333333333336,0.0,0.0,0.012800000000000034,-0.0,-0.0,-0.777777777777778
12,2025-3089-chris curtis--max griffin,2025,0,410,642,Max Griffin,Chris Curtis,170,170,1,0.0,1453.4866169260185,1504.6007597570886,-51.11414283107001,0,-3.0,4.0,2.49,40.0,-12.0,-19.6,0.0,19.6,-2.0,0.0,7.0,0.0,0.0,0.0,0.0,0.0,0.0,0.0,0.0,-0.012800000000000034,2.5999999999999996,1.75,0.8
12,2025-3090-chris curtis--roman kopylov,2025,0,642,812,Chris Curtis,Roman Kopylov,170,185,0,-15.0,1515.4399490240528,1495.8555001506543,19.584448873398514,0,0.0,1.0,-1.1100000000000003,-42.0,-5.0,-26.199999999999996,0.0,26.2,2.0,0.0,1.0,0.0,0.0,-40.0,-75.0,-75.0,0.0,0.0,2.0,0.23839999999999995,3.4000000000000004,4.25,0.0
12,2025-3091-chris duncan--jordan vucenic,2025,0,998,1484,Chris Duncan,jordan vucenic,155,185,0,-30.0,1500.2550130559066,1500.0,0.25501305590660195,1,44.0,51.0,-4.53,42.0,50.0,16.7,33.3,50.0,0.0,0.0,8.0,0.0,1.0,80.0,50.0,25.0,25.0,0.0,-1.0,0.4,-0.0,-0.0,2.0
12,2025-3092-chris duncan--mateusz rebecki,2025,0,998,1208,Chris Duncan,Mateusz Rebecki,155,155,1,0.0,1509.6282927751772,1507.081195764775,2.54709701040224,1,-2.0,-4.0,-0.0,-23.0,0.0,-3.3000000000000007,-6.700000000000003,10.0,0.0,0.0,1.0,0.0,0.0,0.0,0.0,0.0,0.0,0.0,0.0,0.0,-0.0,-0.0,-0.16666666666666696
12,2025-3093-chris gutierrez--john castaneda,2025,0,527,646,John Castaneda,Chris Gutierrez,135,135,1,0.0,1473.82574070464,1556.7246350149962,-82.89889431035613,0,-8.0,-10.0,-2.2900000000000005,12.0,3.0,-10.0,20.0,-10.0,-2.0,0.0,-5.0,0.0,0.0,0.0,0.0,-33.333333333333336,33.333333333333336,0.0,-2.0,-0.3472,-9.25,-9.666666666666666,0.3333333333333333
12,2025-3094-chris padilla--jai herbert,2025,0,903,1409,Jai Herbert,Chris Padilla,155,155,1,0.0,1478.044599769269,1512.8560524950376,-34.811452725768504,0,-11.0,-4.0,0.4200000000000004,-9.0,-34.0,-0.10000000000000853,-33.3,33.400000000000006,0.0,0.0,6.0,0.0,0.0,-60.0,-100.0,-50.0,-50.0,0.0,-1.0,-0.36160000000000003,5.0,5.0,0.5555555555555556
12,2025-3095-christian leroy duncan--eryk anders,2025,0,554,1241,Eryk Anders,Christian Leroy Duncan,185,185,1,0.0,1467.8625932374482,1490.966020537396,-23.103427299947725,0,-11.0,-1.0,-1.15,13.0,9.0,-24.4,0.0,24.4,0.0,0.0,11.0,0.0,0.0,0.0,-33.33333333333333,-33.33333333333333,0.0,0.0,1.0,0.1439999999999999,7.0,-0.0,1.8
12,2025-3096-christian rodriguez--melquizael costa,2025,0,1000,1243,Christian Rodriguez,Melquizael Costa,145,145,1,0.0,1467.787207611345,1489.0403585026684,-21.253150891323457,0,1.0,2.0,0.23999999999999977,2.0,9.0,0.0,-23.3,23.299999999999997,0.0,0.0,3.0,0.0,0.0,10.0,-50.0,0.0,-50.0,0.0,0.0,0.03839999999999999,-0.0,-0.0,-2.2
12,2025-3097-cj vergara--edgar chairez,2025,0,1003,1136,cj vergara,Edgar Chairez,185,125,0,60.0,1500.0,1450.3371375468269,49.66286245317315,0,-44.0,-42.0,5.08,0.0,-33.0,0.0,-100.0,0.0,0.0,0.0,-5.0,0.0,-1.0,-25.0,-100.0,0.0,-100.0,0.0,-1.0,-0.6,-0.0,-0.0,1.3333333333333333
12,2025-3098-clayton carpenter--tagir ulanbekov,2025,0,869,1135,Tagir Ulanbekov,Clayton Carpenter,125,125,1,0.0,1575.7859389979083,1520.5177418714725,55.26819712643578,1,-6.0,-3.0,-0.6099999999999999,-8.0,20.0,0.0,-33.400000000000006,33.400000000000006,5.0,0.0,3.0,0.0,-0.25,-20.0,-16.66666666666667,0.0,-16.66666666666667,0.0,-2.0,-0.24,5.5,5.5,-0.4444444444444444
12,2025-3099-cody brundage--eric mcconico,2025,0,878,1485,Cody Brundage,Eric McConico,185,185,1,0.0,1418.7484814518657,1500.0,-81.2515185481343,0,15.0,-3.0,-0.2400000000000002,46.0,11.0,60.0,20.0,-100.0,0.0,0.0,11.0,0.0,1.0,40.0,50.0,50.0,0.0,0.0,-3.0,0.06400000000000002,-0.0,-0.0,-1.6666666666666667
12,2025-3100-cody brundage--julian marquez,2025,0,878,1163,Cody Brundage,julian marquez,185,185,1,0.0,1381.4381079488762,1500.0,-118.56189205112378,1,51.0,49.0,-2.72,46.0,68.0,60.0,20.0,0.0,0.0,0.0,13.0,0.0,1.0,40.0,50.0,50.0,0.0,0.0,-3.0,0.06400000000000002,-0.0,-0.0,-1.6666666666666667
12,2025-3101-cody durden--jose ochoa,2025,0,880,1451,Cody Durden,Jose Ochoa,125,125,1,0.0,1485.1506440964258,1441.4221067082854,43.72853738814047,0,7.0,-10.0,-2.0199999999999996,-3.0,14.0,-83.39999999999999,16.7,66.7,1.0,0.0,10.0,0.0,0.0,60.0,33.333333333333336,0.0,33.333333333333336,0.0,0.0,0.30400000000000005,7.25,7.0,2.8666666666666667
12,2025-3102-cody garbrandt--raoni barcelos,2025,0,317,645,Cody Garbrandt,Raoni Barcelos,135,135,1,0.0,1511.036436349728,1461.1006078376745,49.935828512053604,0,-13.0,-1.0,0.7600000000000002,-6.0,-2.0,44.5,-22.2,-22.300000000000004,3.0,1.0,3.0,0.0,0.0,0.0,0.0,50.0,-50.0,0.0,-2.0,-0.2895999999999999,4.2,5.333333333333333,0.2333333333333334
12,2025-3103-cody gibson--damon blackshear,2025,0,213,1285,Cody Gibson,Da'Mon Blackshear,135,135,1,0.0,1457.1700979997609,1468.237865082821,-11.067767083060062,0,0.0,5.0,1.0100000000000002,4.0,-2.0,13.400000000000006,-26.700000000000003,13.299999999999997,0.0,0.0,-1.0,0.0,0.0,-20.0,-50.0,-33.333333333333336,-16.66666666666667,0.0,0.0,0.03199999999999997,-0.0,-0.0,0.5333333333333334
12,2025-3104-connor matthews--jose delgado,2025,0,1138,1427,connor matthews,Jose Delgado,185,145,0,40.0,1500.0,1506.46875,-6.46875,0,-49.0,-55.0,3.67,-60.0,-71.0,-100.0,0.0,0.0,0.0,0.0,-3.0,0.0,-1.0,-100.0,-100.0,-100.0,0.0,0.0,-1.0,-1.0,-0.0,-0.0,0.0
12,2025-3105-connor matthews--yadier del valle,2025,0,1138,1513,connor matthews,Yadier del Valle,185,145,0,40.0,1500.0,1517.2437499999999,-17.243749999999864,0,-67.0,-52.0,3.46,-42.0,-66.0,0.0,-50.0,-50.0,0.0,0.0,-2.0,0.0,-1.0,-100.0,0.0,0.0,0.0,0.0,-1.0,-1.0,-0.0,-0.0,-3.3333333333333335
12,2025-3106-cory sandhagen--deiveson figueiredo,2025,0,539,624,Deiveson Figueiredo,Cory Sandhagen,135,135,1,0.0,1811.0087603242532,1654.4877801767866,156.52098014746662,0,9.0,-7.0,-0.30000000000000027,1.0,-5.0,-23.799999999999994,21.700000000000003,2.1000000000000014,2.0,3.0,4.0,0.0,0.0,-20.0,-16.666666666666664,-50.0,33.333333333333336,1.0,3.0,0.4655999999999999,-2.4,2.0,-0.2666666666666667
12,2025-3107-court mcgee--michael chiesa,2025,0,67,114,Court McGee,Michael Chiesa,170,170,1,0.0,1442.08087858923,1520.1873090892373,-78.10643050000726,0,-4.0,3.0,-1.92,-23.0,3.0,0.0,-29.8,29.800000000000004,-5.0,0.0,3.0,0.0,0.0,-20.0,-16.66666666666667,0.0,-16.66666666666667,0.0,-3.0,-0.6,-9.4,-11.0,-1.8666666666666667
12,2025-3108-curtis blaydes--rizvan kuniev,2025,0,405,1022,Curtis Blaydes,Rizvan Kuniev,265,265,1,0.0,1723.0556123122033,1508.0016576592793,215.05395465292395,1,-8.0,13.0,0.4500000000000002,-27.0,-59.0,-42.9,0.0,42.9,13.0,0.0,16.0,0.0,0.0,-40.0,0.0,0.0,0.0,1.0,-1.0,-0.33599999999999997,13.0,14.8,2.4
12,2025-3109-damir hadzovic--terrance mckinney,2025,0,419,837,Damir Hadzovic,Terrance McKinney,155,155,1,0.0,1476.161592480202,1433.5558666923532,42.60572578784877,0,-9.0,12.0,-1.1600000000000001,14.0,-43.0,-7.100000000000001,-42.9,50.0,0.0,0.0,-2.0,0.0,-0.5,0.0,-50.0,-50.0,0.0,0.0,2.0,0.21439999999999998,13.0,13.0,-1.4666666666666666
12,2025-3110-damon blackshear--davey grant,2025,0,168,1285,Davey Grant,Da'Mon Blackshear,135,135,1,0.0,1490.05314489509,1477.5382287782509,12.514916116839231,1,-1.0,3.0,0.4500000000000002,7.0,-8.0,17.5,-47.5,30.0,0.0,0.0,4.0,0.0,0.0,20.0,-25.0,16.666666666666664,-41.66666666666667,0.0,3.0,0.6,5.0,-0.0,1.0
12,2025-3111-dan ige--patricio freire,2025,0,535,1486,Dan Ige,Patricio Freire,145,145,1,0.0,1514.8281345038208,1500.0,14.82813450382082,0,2.0,-1.0,0.6700000000000004,-8.0,-32.0,41.599999999999994,16.7,-58.3,5.0,0.0,19.0,0.0,1.0,60.0,66.66666666666667,66.66666666666667,0.0,0.0,1.0,0.664,12.6,7.0,-1.0666666666666669
12,2025-3112-dan ige--sean woodson,2025,0,535,816,Dan Ige,Sean Woodson,145,145,1,0.0,1458.1588035636387,1586.168900658638,-128.0100970949993,1,-1.0,-2.0,0.6199999999999997,-30.0,-28.0,4.099999999999994,16.7,-20.799999999999997,6.0,0.0,10.0,0.0,0.0,-40.0,46.66666666666667,46.66666666666667,0.0,0.0,-4.0,-0.33599999999999997,12.6,7.0,-3.066666666666667
12,2025-3113-daniel frunza--rhys mckee,2025,0,847,1416,Rhys McKee,Daniel Frunza,170,170,1,0.0,1246.0521247359484,1506.46875,-260.4166252640516,1,0.0,-9.0,-0.4800000000000004,0.0,-13.0,0.0,0.0,0.0,0.0,0.0,4.0,0.0,0.0,-100.0,-100.0,-100.0,0.0,0.0,-5.0,-1.0,-0.0,-0.0,-2.3333333333333335
12,2025-3114-daniel marcos--montel jackson,2025,0,631,1115,Montel Jackson,Daniel Marcos,135,135,1,0.0,1565.3634572019205,1568.8421922541493,-3.478735052228785,1,0.0,1.0,2.49,16.0,-16.0,20.0,10.0,-30.0,1.0,0.0,6.0,0.0,0.0,0.0,40.0,40.0,0.0,0.0,0.0,0.0,-0.0,-0.0,0.16666666666666652
12,2025-3115-daniel rodriguez--kevin holland,2025,0,691,776,Kevin Holland,Daniel Rodriguez,170,170,1,0.0,1495.9594927374183,1486.029320486296,9.930172251122258,0,1.0,-7.0,2.18,-12.0,-9.0,3.999999999999993,28.4,-32.400000000000006,1.0,0.0,12.0,0.0,0.0,20.0,100.0,33.333333333333336,66.66666666666667,0.0,0.0,0.025600000000000067,4.65,1.5,-2.866666666666667
12,2025-3116-daniel rodriguez--santiago ponzinibbio,2025,0,203,776,Santiago Ponzinibbio,Daniel Rodriguez,170,170,1,0.0,1449.3183097155193,1529.840057876921,-80.52174816140177,0,-8.0,4.0,0.7200000000000006,-23.0,7.0,30.999999999999996,-9.1,-21.9,0.0,0.0,5.0,0.0,0.0,-20.0,100.0,100.0,0.0,0.0,-2.0,-0.24,2.8499999999999996,-0.0,-1.2666666666666666
12,2025-3117-daniel santos--jeongyeong lee,2025,0,1139,1184,Daniel Santos,JeongYeong Lee,145,145,1,0.0,1497.2040724057358,1518.4631474425487,-21.259075036812874,1,-9.0,1.0,-1.1400000000000001,-27.0,1.0,8.299999999999997,-25.0,16.700000000000003,0.0,-1.0,-2.0,0.0,-0.25,-13.333333333333329,0.0,25.0,-25.0,-1.0,0.0,0.0,-0.0,-0.0,-2.5
12,2025-3118-daniel zellhuber--michael johnson,2025,0,81,1009,Michael Johnson,Daniel Zellhuber,155,155,1,0.0,1462.7314311350615,1488.1056108027774,-25.374179667715907,1,0.0,2.0,2.12,13.0,-13.0,37.5,-25.0,-12.5,3.0,0.0,24.0,0.0,0.0,0.0,33.333333333333336,66.66666666666667,-33.333333333333336,0.0,1.0,0.14400000000000002,9.2,-0.0,-0.3333333333333333
12,2025-3119-danny barlow--sam patterson,2025,0,1222,1286,Sam Patterson,Danny Barlow,170,185,0,-15.0,1495.8299207109333,1524.8529969985614,-29.0230762876281,1,-7.0,-2.0,-0.22999999999999998,100.0,-67.0,-26.700000000000003,60.0,-33.3,0.0,0.0,2.0,0.0,0.0,-25.0,33.33333333333333,-66.66666666666667,100.0,0.0,-1.0,-0.09599999999999997,-0.0,-0.0,-1.6666666666666667
12,2025-3120-danny silva--kevin vallejos,2025,0,1237,1317,Danny Silva,Kevin Vallejos,145,145,1,0.0,1519.1976246509585,1489.8380891075312,29.359535543427228,0,10.0,4.0,-2.2399999999999993,0.0,-2.0,-66.7,0.0,66.7,0.0,0.0,0.0,0.0,0.0,50.0,-100.0,-100.0,0.0,0.0,1.0,0.4,-0.0,-0.0,3.0
12,2025-3121-danny silva--lucas almeida,2025,0,1010,1237,Lucas Almeida,Danny Silva,145,145,1,0.0,1465.954490715395,1472.1855957115363,-6.231104996141312,0,-16.0,-17.0,2.4299999999999997,-33.0,-28.0,50.0,0.0,-50.0,0.0,0.0,2.0,0.0,0.0,-60.0,50.0,50.0,0.0,0.0,-1.0,-0.36160000000000003,-0.0,-0.0,-2.0
12,2025-3122-darren elkins--julian erosa,2025,0,64,352,Darren Elkins,Julian Erosa,145,145,1,0.0,1508.3054842266897,1482.2165278654406,26.088956361249075,0,-10.0,3.0,2.9299999999999997,-9.0,-5.0,-9.000000000000007,-24.2,33.2,7.0,0.0,12.0,0.0,0.0,0.0,0.0,25.0,-25.0,0.0,1.0,0.057599999999999985,9.8,-0.0,-1.1666666666666667
12,2025-3123-david martinez--saimon oliveira,2025,0,1047,1419,Saimon Oliveira,David Martinez,135,135,1,0.0,1469.1517215306856,1515.99375,-46.84202846931453,0,-12.0,-21.0,-1.4299999999999997,25.0,-62.0,-50.0,0.0,50.0,0.0,0.0,2.0,0.0,-0.25,-66.66666666666666,0.0,0.0,0.0,0.0,-3.0,-0.84,-0.0,-0.0,-4.0
12,2025-3124-david onama--giga chikadze,2025,0,627,1014,Giga Chikadze,David Onama,145,145,1,0.0,1537.660727263405,1519.9118162504806,17.74891101292451,0,-8.0,8.0,1.2500000000000004,3.0,13.0,4.200000000000003,-16.7,12.5,2.0,0.0,4.0,0.0,0.0,-40.0,6.666666666666671,26.66666666666667,-20.0,0.0,-6.0,-0.696,10.0,10.0,-0.2166666666666666
12,2025-3125-derrick lewis--tallison teixeira,2025,0,243,1386,Derrick Lewis,Tallison Teixeira,265,265,1,0.0,1556.3236539932373,1506.46875,49.85490399323726,1,-9.0,-16.0,6.49,26.0,52.0,-20.0,0.0,20.0,14.0,0.0,27.0,0.0,0.0,-60.0,0.0,0.0,0.0,0.0,0.0,-0.30400000000000005,10.0,7.6,-0.0666666666666667
12,2025-3126-diego ferreira--grant dawson,2025,0,224,480,Diego Ferreira,Grant Dawson,155,155,1,0.0,1510.7437262392173,1601.5167120295373,-90.77298579032004,0,-12.0,11.0,-1.35,-10.0,0.0,33.400000000000006,-21.700000000000003,-11.700000000000003,0.0,0.0,2.0,0.0,0.0,-40.0,50.0,75.0,-25.0,0.0,-1.0,-0.12160000000000004,0.1999999999999993,-2.0,-2.5833333333333335
12,2025-3127-diyar nurgozhay--uran satybaldiev,2025,0,1394,1503,Diyar Nurgozhay,Uran Satybaldiev,205,205,1,0.0,1455.7905186383514,1500.0,-44.20948136164861,0,25.0,17.0,0.6699999999999999,100.0,50.0,100.0,-100.0,0.0,0.0,0.0,1.0,0.0,1.0,100.0,100.0,100.0,0.0,0.0,1.0,1.0,-0.0,-0.0,0.0
12,2025-3128-djorden santos--ozzy diaz,2025,0,1191,1487,Ozzy Diaz,djorden santos,185,185,1,0.0,1456.362944764913,1515.99375,-59.63080523508711,1,7.0,10.0,-1.3600000000000003,-40.0,-36.0,0.0,0.0,0.0,0.0,0.0,1.0,0.0,0.0,-100.0,0.0,0.0,0.0,0.0,-3.0,-1.0,-0.0,-0.0,-3.0
12,2025-3129-dominick reyes--nikita krylov,2025,0,201,546,Nikita Krylov,Dominick Reyes,205,205,1,0.0,1551.849807908077,1544.7109914286716,7.138816479405477,0,0.0,-6.0,0.96,10.0,-29.0,-30.400000000000013,34.4,-4.0,1.0,0.0,7.0,0.0,-0.25,20.0,-33.33333333333333,-66.66666666666666,33.333333333333336,-1.0,-1.0,-0.10560000000000003,-5.000000000000001,1.4499999999999993,-0.4444444444444443
12,2025-3130-dontale mayes--thomas petersen,2025,0,762,1271,dontale mayes,Thomas Petersen,185,265,0,-80.0,1500.0,1489.9800265208137,10.01997347918632,0,-59.0,-57.0,2.94,-66.0,-100.0,0.0,-33.3,-66.7,0.0,0.0,-5.0,0.0,-1.0,-66.66666666666667,-50.0,0.0,-50.0,0.0,1.0,-0.4,-0.0,-0.0,-0.6666666666666666
12,2025-3131-dontale mayes--valter walker,2025,0,762,1455,dontale mayes,Valter Walker,185,265,0,-80.0,1500.0,1473.7336936860893,26.266306313910718,0,-49.0,-42.0,2.89,-66.0,0.0,0.0,-100.0,0.0,-1.0,0.0,-4.0,0.0,-1.0,-50.0,-100.0,0.0,-100.0,0.0,1.0,-0.4,-0.0,-0.0,1.0
12,2025-3132-drakkar klose--edson barboza,2025,0,72,538,Edson Barboza,Drakkar Klose,155,155,1,0.0,1511.7949541984228,1499.5729026683262,12.222051530096678,0,-11.0,6.0,-0.9499999999999997,24.0,4.0,30.0,0.0,-30.0,11.0,0.0,18.0,0.0,0.0,-20.0,16.66666666666667,16.66666666666667,0.0,0.0,-2.0,-0.3984,10.6,8.6,-2.2666666666666666
12,2025-3133-drew dober--manuel torres,2025,0,32,1057,Drew Dober,Manuel Torres,155,155,1,0.0,1439.5951779504694,1497.755962009926,-58.160784059456546,0,-20.0,-1.0,-0.1299999999999999,-49.0,-32.0,-8.5,-12.9,21.4,1.0,0.0,19.0,0.0,0.0,-40.0,0.0,25.0,-25.0,0.0,-4.0,-0.696,6.199999999999999,6.5,0.8666666666666666
12,2025-3134-dricus du plessis--khamzat chimaev,2025,1,896,907,Dricus Du Plessis,Khamzat Chimaev,185,185,1,0.0,2139.8937564445814,1854.720857233718,285.1728992108633,0,-12.0,9.0,-2.0100000000000002,-4.0,-51.0,22.2,-22.2,0.0,1.0,2.0,1.0,0.0,0.0,0.0,0.0,40.0,-40.0,2.0,0.0,0.0,-2.2,-1.25,-0.16666666666666652
12,2025-3135-dricus du plessis--sean strickland,2025,1,276,896,Sean Strickland,Dricus Du Plessis,185,185,1,0.0,1827.96629094623,2092.8882673906223,-264.9219764443924,0,-6.0,8.0,-0.2400000000000002,13.0,42.0,-19.500000000000007,-16.0,35.5,0.0,-2.0,13.0,0.0,0.0,-20.0,-35.0,-15.0,-20.0,0.0,-6.0,-0.6,-2.6000000000000005,-1.75,1.0666666666666669
12,2025-3136-dusko todorovic--zachary reese,2025,0,789,1281,Dusko Todorovic,Zachary Reese,185,185,1,0.0,1427.0955330509162,1465.8072672656726,-38.71173421475646,0,3.0,4.0,-1.54,-41.0,-15.0,50.0,-25.0,-25.0,0.0,0.0,4.0,0.0,0.0,-55.0,33.33333333333333,66.66666666666666,-33.333333333333336,0.0,-6.0,-0.8976,-0.0,-0.0,-4.166666666666667
12,2025-3137-dustin poirier--max holloway,2025,0,136,137,dustin poirier,Max Holloway,185,145,0,40.0,1500.0,1814.365421180539,-314.365421180539,0,-48.0,-59.0,4.74,-53.0,-83.0,-47.8,-8.7,-43.5,-15.0,-5.0,-31.0,0.0,-1.0,-60.0,-66.66666666666667,-66.66666666666667,0.0,-2.0,-1.0,-0.7343999999999999,-12.4,-15.333333333333332,-1.0666666666666667
12,2025-3138-dustin stoltzfus--nursulton ruziboev,2025,0,898,1259,Dustin Stoltzfus,Nursulton Ruziboev,185,185,1,0.0,1424.678683123162,1485.505914954882,-60.82723183171993,0,-1.0,-1.0,-0.25,-25.0,13.0,-25.0,25.0,0.0,0.0,0.0,5.0,0.0,0.0,-6.666666666666671,-33.33333333333333,-66.66666666666666,33.333333333333336,0.0,-2.0,-0.3856,-9.0,-9.0,1.8333333333333333
12,2025-3139-dylan budka--edmen shahbazyan,2025,0,619,1377,Edmen Shahbazyan,dylan budka,185,185,1,0.0,1468.6936064193815,1500.0,-31.306393580618533,1,48.0,48.0,-3.62,37.0,66.0,66.7,11.1,22.2,1.0,0.0,14.0,0.0,1.0,40.0,100.0,100.0,0.0,0.0,1.0,0.6384,10.75,13.0,-0.5
12,2025-3140-elijah smith--toshiomi kazama,2025,0,1200,1367,Toshiomi Kazama,Elijah Smith,135,135,1,0.0,1475.6813495778101,1508.49375,-32.81240042218997,0,6.0,-9.0,-1.1599999999999997,-37.0,9.0,-33.3,50.0,-16.700000000000003,0.0,0.0,2.0,0.0,0.0,-50.0,50.0,0.0,50.0,1.0,0.0,-0.33599999999999997,-0.0,-0.0,1.3333333333333335
12,2025-3141-elijah smith--vince morales,2025,0,666,1367,Vince Morales,Elijah Smith,135,135,1,0.0,1412.3866595345762,1517.6480580565933,-105.26139852201709,0,-10.0,6.0,-0.6000000000000001,-13.0,1.0,0.0,0.0,0.0,0.0,0.0,9.0,0.0,0.0,-60.0,50.0,50.0,0.0,0.0,-4.0,-0.9359999999999999,-0.0,-0.0,-2.0
12,2025-3142-elizeu zaleski dos santos--neil magny,2025,0,187,331,Neil Magny,Elizeu Zaleski dos Santos,170,170,1,0.0,1520.7014778613036,1449.2175940265183,71.48388383478527,1,5.0,-4.0,1.0899999999999999,19.0,-12.0,-6.0,-0.40000000000000036,6.399999999999999,12.0,0.0,17.0,0.0,0.0,-40.0,25.0,25.0,0.0,0.0,2.0,0.2255999999999999,1.1999999999999993,8.8,-1.2666666666666666
12,2025-3143-elves brener--esteban ribovics,2025,0,1155,1293,Esteban Ribovics,Elves Brener,155,155,1,0.0,1505.4474387344042,1453.9666824956134,51.48075623879072,1,-4.0,4.0,-0.4399999999999995,50.0,-6.0,-26.700000000000003,0.0,26.700000000000003,0.0,0.0,1.0,0.0,0.0,20.0,-16.66666666666667,-16.66666666666667,0.0,0.0,4.0,0.744,-0.0,-0.0,0.49999999999999994
12,2025-3144-eric mcconico--nursulton ruziboev,2025,0,1259,1485,Nursulton Ruziboev,Eric McConico,185,185,1,0.0,1500.055317752664,1513.745927080049,-13.690609327384891,1,10.0,-4.0,-0.41000000000000014,66.0,-24.0,75.0,0.0,-75.0,0.0,0.0,3.0,0.0,1.0,66.66666666666667,100.0,100.0,0.0,0.0,1.0,0.76,9.0,9.0,-3.0
12,2025-3145-esteban ribovics--nasrat haqparast,2025,0,588,1155,Nasrat Haqparast,Esteban Ribovics,155,155,1,0.0,1517.2690296807034,1529.9294166080988,-12.660386927395393,1,2.0,9.0,0.29000000000000004,-46.0,14.0,-20.0,0.0,20.0,0.0,0.0,7.0,0.0,0.0,0.0,-25.0,-25.0,0.0,0.0,1.0,0.057599999999999985,12.0,-0.0,0.6666666666666667
12,2025-3146-evan elder--gauge young,2025,0,1157,1435,Evan Elder,Gauge Young,155,155,1,0.0,1480.4283385191707,1470.03125,10.397088519170666,1,-1.0,9.0,0.8799999999999999,-15.0,-31.0,0.0,33.3,-33.3,0.0,0.0,2.0,0.0,0.0,50.0,50.0,0.0,50.0,0.0,2.0,0.696,-0.0,-0.0,1.0
12,2025-3147-fares ziam--mike davis,2025,0,706,788,Mike Davis,Fares Ziam,155,155,1,0.0,1526.8079643269468,1526.176316366287,0.6316479606598477,0,2.0,-10.0,-3.6100000000000003,4.0,-10.0,25.7,20.0,-45.7,0.0,0.0,-1.0,0.0,0.0,0.0,25.0,0.0,25.0,0.0,0.0,0.0,-0.0,-0.0,-0.13333333333333353
12,2025-3148-felipe bunes--jose johnson,2025,0,1270,1431,jose johnson,Felipe Bunes,185,125,0,60.0,1500.0,1468.1232714863074,31.87672851369257,0,-50.0,-44.0,4.66,-22.0,-40.0,0.0,-100.0,0.0,0.0,0.0,-3.0,0.0,-1.0,0.0,0.0,0.0,0.0,0.0,1.0,0.0,-0.0,-0.0,0.0
12,2025-3149-felipe bunes--rafael estevam,2025,0,1189,1431,Rafael Estevam,Felipe Bunes,125,125,1,0.0,1507.636737452857,1477.7127059155107,29.92403153734631,1,4.0,3.0,2.0700000000000003,16.0,26.0,25.0,-100.0,75.0,0.0,0.0,1.0,0.0,-0.25,100.0,50.0,50.0,0.0,0.0,3.0,1.0,-0.0,-0.0,1.0
12,2025-3150-felipe dos santos--loneer kavanagh,2025,0,1299,1374,felipe dos santos,Lone'er Kavanagh,185,125,0,60.0,1500.0,1475.3037364632162,24.696263536783817,0,-49.0,-58.0,3.69,-50.0,-88.0,-33.3,0.0,-66.7,0.0,0.0,-4.0,0.0,-1.0,-100.0,-50.0,-50.0,0.0,0.0,-2.0,-1.0,-0.0,-0.0,-1.6666666666666667
12,2025-3151-felipe lima--payton talbott,2025,0,1350,1432,Payton Talbott,Felipe Lima,135,135,1,0.0,1541.1123986837465,1522.8699531684176,18.242445515328882,1,9.0,-18.0,-0.34999999999999964,-2.0,-9.0,40.0,-30.0,-10.0,0.0,0.0,3.0,0.0,0.0,0.0,25.0,50.0,-25.0,0.0,2.0,0.0,-0.0,-0.0,-2.0
12,2025-3152-francis marshall--mairon santos,2025,0,1137,1456,Francis Marshall,Mairon Santos,145,155,0,-10.0,1487.055369739714,1538.8125,-51.757130260285976,0,-13.0,-12.0,-1.7199999999999998,44.0,16.0,0.0,0.0,0.0,0.0,-1.0,3.0,0.0,0.0,-40.0,-66.66666666666666,-66.66666666666666,0.0,-1.0,0.0,-0.33599999999999997,-0.0,-0.0,1.3333333333333333
12,2025-3153-francisco prado--jake matthews,2025,0,239,1302,Jake Matthews,Francisco Prado,170,170,1,0.0,1500.6311125706466,1449.6647153754916,50.96639719515497,1,0.0,6.0,2.3200000000000003,23.0,17.0,-86.7,40.0,46.7,0.0,0.0,17.0,0.0,0.0,26.666666666666664,-33.33333333333333,-66.66666666666666,33.333333333333336,0.0,4.0,0.7183999999999999,-0.0,-0.0,3.1666666666666665
12,2025-3154-francisco prado--nikolay veretennikov,2025,0,1064,1302,Nikolay Veretennikov,Francisco Prado,170,170,1,0.0,1382.201346012794,1402.0875805782503,-19.886234565456334,1,12.0,-8.0,1.52,-1.0,12.0,-100.0,0.0,100.0,0.0,0.0,-1.0,0.0,0.0,-33.333333333333336,-100.0,-100.0,0.0,0.0,0.0,-0.16000000000000003,-0.0,-0.0,0.8333333333333333
12,2025-3155-gabe green--matheus camilo,2025,0,887,1488,Gabe Green,Matheus Camilo,155,155,1,0.0,1465.21560797575,1500.0,-34.78439202425011,1,-3.0,-8.0,-4.8100000000000005,-16.0,50.0,-66.6,33.3,33.3,0.0,0.0,5.0,0.0,0.75,40.0,50.0,50.0,0.0,0.0,-1.0,0.2784,-0.0,-0.0,-1.4444444444444444
12,2025-3156-gabriel bonfim--khaos williams,2025,0,839,1160,Khaos Williams,Gabriel Bonfim,170,170,1,0.0,1453.200215282951,1504.4419467542068,-51.24173147125589,0,-6.0,-23.0,-1.8599999999999999,-55.0,-25.0,66.7,-66.7,0.0,-1.0,0.0,3.0,0.0,0.0,0.0,-25.0,50.0,-75.0,0.0,-1.0,-0.057599999999999985,-0.0,-0.0,-2.0
12,2025-3157-gabriel bonfim--stephen thompson,2025,0,131,1160,Stephen Thompson,Gabriel Bonfim,170,170,1,0.0,1524.4782338764887,1522.505577627037,1.972656249451802,0,1.0,-9.0,0.5299999999999998,-20.0,-13.0,50.0,-66.7,16.700000000000003,6.0,0.0,15.0,0.0,0.0,-60.0,25.0,100.0,-75.0,0.0,-5.0,-0.8656,15.2,13.2,-2.2
12,2025-3158-gabriel miranda--jamall emmers,2025,0,688,1107,Jamall Emmers,gabriel miranda,145,185,0,-40.0,1453.8707008988388,1500.0,-46.12929910116122,1,49.0,56.0,-4.07,40.0,80.0,50.0,0.0,50.0,0.0,0.0,9.0,0.0,1.0,40.0,50.0,50.0,0.0,0.0,-1.0,0.2784,-0.0,-0.0,0.8333333333333333
12,2025-3159-gabriel santos--jack jenkins,2025,0,1150,1290,Jack Jenkins,Gabriel Santos,145,145,1,0.0,1513.0324936856978,1484.851771724611,28.180721961086874,0,1.0,13.0,1.3399999999999994,10.0,-20.0,50.0,-50.0,0.0,0.0,0.0,2.0,0.0,0.0,46.666666666666664,50.0,50.0,0.0,0.0,2.0,0.36160000000000003,-0.0,-0.0,0.6666666666666667
12,2025-3160-gaston bolanos--quang le,2025,0,1226,1408,Gaston Bolanos,Quang Le,135,135,1,0.0,1493.5080615007141,1441.4993633430045,52.00869815770966,0,12.0,3.0,2.1300000000000003,65.0,-58.0,0.0,-100.0,100.0,0.0,0.0,1.0,0.0,0.0,66.66666666666667,0.0,0.0,0.0,0.0,1.0,0.4,-0.0,-0.0,3.8333333333333335
12,2025-3161-gauge young--maheshate,2025,0,955,1435,Maheshate,Gauge Young,155,155,1,0.0,1443.3686323932704,1421.025529286414,22.34310310685646,0,-20.0,3.0,-0.13999999999999968,-30.0,-24.0,33.3,0.0,-33.3,0.0,0.0,4.0,0.0,0.0,40.0,50.0,50.0,0.0,0.0,2.0,0.6384,-0.0,-0.0,0.6666666666666667
12,2025-3162-gerald meerschaert--michal oleksiejczuk,2025,0,439,795,Gerald Meerschaert,Michal Oleksiejczuk,185,185,1,0.0,1377.7436748743999,1374.4958165468736,3.2478583275262736,0,-6.0,-6.0,0.9199999999999999,-13.0,-10.0,-80.60000000000001,91.7,-11.1,0.0,0.0,8.0,0.0,0.0,20.0,0.0,-100.0,100.0,0.0,6.0,0.8144,2.0,-5.0,-0.888888888888889
12,2025-3163-gilbert burns--michael morales,2025,0,216,1063,Gilbert Burns,Michael Morales,170,170,1,0.0,1551.1435963976332,1604.8638190888255,-53.72022269119225,0,-1.0,-1.0,-0.33000000000000007,-4.0,-36.0,-37.1,33.3,3.8000000000000043,3.0,0.0,17.0,0.0,0.0,-60.0,-10.0,-60.0,50.0,0.0,-7.0,-0.8655999999999999,5.4,2.8000000000000007,-2.577777777777778
12,2025-3164-gilbert urbina--uros medic,2025,0,950,986,Uros Medic,Gilbert Urbina,170,170,1,0.0,1488.165362729922,1463.1526086830413,25.012754046880673,1,4.0,12.0,1.12,6.0,55.0,0.0,0.0,0.0,0.0,0.0,5.0,0.0,0.0,46.666666666666664,0.0,0.0,0.0,0.0,3.0,0.664,-0.0,-0.0,0.0
12,2025-3165-gregory rodrigues--jack hermansson,2025,0,398,913,Jack Hermansson,Gregory Rodrigues,185,185,1,0.0,1578.6671503345706,1506.8833875050332,71.78376282953741,0,-6.0,7.0,1.3399999999999999,-9.0,-10.0,-47.8,27.3,20.5,5.0,0.0,6.0,0.0,0.0,0.0,-66.66666666666667,-66.66666666666667,0.0,0.0,-1.0,-0.15679999999999994,9.0,11.2,-1.4222222222222223
12,2025-3166-gregory rodrigues--jared cannonier,2025,0,346,913,Jared Cannonier,Gregory Rodrigues,185,185,1,0.0,1596.5941762528753,1536.4407917252083,60.15338452766696,1,-2.0,6.0,0.6900000000000004,2.0,-26.0,-11.399999999999999,0.0,11.399999999999999,8.0,0.0,8.0,0.0,0.0,-20.0,-16.66666666666667,-16.66666666666667,0.0,1.0,-4.0,-0.744,11.2,13.5,-1.1555555555555557
12,2025-3167-gunnar nelson--kevin holland,2025,0,129,691,Gunnar Nelson,Kevin Holland,170,170,1,0.0,1513.8826640905781,1463.8208278289426,50.06183626163556,0,11.0,-2.0,0.16000000000000014,14.0,13.0,-31.299999999999994,42.5,-11.2,1.0,0.0,-11.0,0.0,-0.25,0.0,-33.33333333333333,-33.333333333333336,0.0,0.0,3.0,0.5615999999999999,-3.200000000000001,1.0,0.8
12,2025-3168-guram kutateladze--kaue fernandes,2025,0,914,1331,guram kutateladze,Kaue Fernandes,185,155,0,30.0,1500.0,1489.1029054709886,10.897094529011383,0,-55.0,-62.0,1.42,-100.0,-76.0,-66.7,0.0,-33.3,0.0,0.0,-4.0,0.0,-1.0,-50.0,-100.0,-100.0,0.0,0.0,-1.0,-0.6,-0.0,-0.0,1.6666666666666667
12,2025-3169-hamdy abdelwahab--jamal pogues,2025,0,1311,1489,jamal pogues,Hamdy Abdelwahab,185,265,0,-80.0,1500.0,1500.0,0.0,0,-49.0,-51.0,4.49,-66.0,-100.0,0.0,0.0,-100.0,0.0,0.0,-2.0,0.0,0.0,0.0,0.0,0.0,0.0,0.0,0.0,0.0,-0.0,-0.0,0.0
12,2025-3170-hamdy abdelwahab--mohammed usman,2025,0,1210,1489,Mohammed Usman,Hamdy Abdelwahab,265,265,1,0.0,1455.6124609277015,1514.5833333333333,-58.97087240563178,1,-10.0,0.0,0.22000000000000064,-52.0,-34.0,25.0,0.0,-25.0,0.0,0.0,4.0,0.0,1.0,60.0,33.333333333333336,33.333333333333336,0.0,0.0,-2.0,0.16000000000000003,-0.0,-0.0,-0.3333333333333333
12,2025-3171-harry hardwick--kaue fernandes,2025,0,1331,1528,Kaue Fernandes,Harry Hardwick,155,155,1,0.0,1511.1493730889088,1500.0,11.14937308890876,1,21.0,22.0,5.74,100.0,76.0,-33.3,0.0,33.3,0.0,0.0,3.0,0.0,1.0,50.0,100.0,100.0,0.0,0.0,1.0,0.6,-0.0,-0.0,-1.6666666666666667
12,2025-3172-henry cejudo--song yadong,2025,0,252,514,Henry Cejudo,Song Yadong,135,135,1,0.0,1570.6379188390881,1595.505223299896,-24.867304460807873,0,4.0,4.0,0.54,-7.0,3.0,-5.400000000000006,-9.1,14.5,-1.0,4.0,0.0,0.0,0.0,0.0,33.33333333333333,33.33333333333333,0.0,4.0,-1.0,-0.21439999999999998,7.199999999999999,7.1,-1.3333333333333333
12,2025-3173-hyder amil--jose delgado,2025,0,1295,1427,Hyder Amil,Jose Delgado,145,145,1,0.0,1525.461121401735,1515.800117793587,9.661003608147894,0,8.0,-4.0,-0.5099999999999998,-40.0,10.0,-50.0,0.0,50.0,0.0,0.0,2.0,0.0,0.0,0.0,-33.33333333333333,-33.33333333333333,0.0,0.0,2.0,0.0,-0.0,-0.0,1.0
12,2025-3174-hyder amil--william gomis,2025,0,1179,1295,William Gomis,Hyder Amil,145,145,1,0.0,1532.6183272686376,1478.2603467250772,54.357980543560416,0,-8.0,10.0,1.42,18.0,-9.0,-30.0,0.0,30.0,0.0,0.0,1.0,0.0,0.0,0.0,-41.66666666666667,-41.66666666666667,0.0,0.0,1.0,0.0,-0.0,-0.0,-0.11111111111111116
12,2025-3175-hyunsung park--tatsuro taira,2025,0,1125,1166,Tatsuro Taira,HyunSung Park,125,125,1,0.0,1675.5758335571513,1578.4637828713708,97.11205068578056,1,14.0,-12.0,0.3999999999999999,15.0,-5.0,-11.499999999999993,-17.1,28.6,2.0,-1.0,2.0,0.0,0.25,-20.0,-25.0,0.0,-25.0,-1.0,-3.0,-0.24,17.0,17.0,1.4444444444444446
12,2025-3176-ibo aslan--ion cutelaba,2025,0,449,1307,Ion Cutelaba,Ibo Aslan,205,205,1,0.0,1447.1412494431625,1475.0936505199454,-27.952401076782962,1,-4.0,-12.0,0.13000000000000034,49.0,-11.0,-50.0,12.5,37.5,1.0,0.0,14.0,0.0,0.0,-60.0,-50.0,-50.0,0.0,0.0,-4.0,-0.6639999999999999,7.4,7.0,1.0
12,2025-3177-ignacio bahamondes--jalin turner,2025,0,687,900,jalin turner,Ignacio Bahamondes,185,155,0,30.0,1500.0,1508.1909402202054,-8.190940220205448,0,-45.0,-56.0,4.33,0.0,-75.0,-57.1,-28.6,-14.3,-1.0,0.0,-10.0,0.0,-1.0,-80.0,-75.0,-50.0,-25.0,0.0,-3.0,-0.9616,-0.0,-0.0,0.3333333333333333
12,2025-3178-ignacio bahamondes--rafael fiziev,2025,0,722,900,Rafael Fiziev,Ignacio Bahamondes,155,155,1,0.0,1547.8794372545792,1579.021080815697,-31.14164356111769,1,7.0,-6.0,-0.4399999999999995,72.0,15.0,-14.200000000000003,-28.6,42.8,2.0,0.0,1.0,0.0,-0.25,-20.0,-8.333333333333329,16.66666666666667,-25.0,0.0,-5.0,-0.8016,12.75,12.75,1.5833333333333333
12,2025-3179-ihor potieria--marco tulio,2025,0,1169,1339,ihor potieria,Marco Tulio,185,185,1,0.0,1500.0,1513.894265856226,-13.894265856225957,0,-60.0,-61.0,2.53,-20.0,0.0,-75.0,0.0,-25.0,0.0,0.0,-4.0,0.0,-1.0,-100.0,-50.0,-50.0,0.0,0.0,-2.0,-1.0,-0.0,-0.0,-1.6666666666666667
12,2025-3180-ion cutelaba--modestas bukauskas,2025,0,449,856,Ion Cutelaba,Modestas Bukauskas,205,205,1,0.0,1456.7044064909562,1480.7379010085438,-24.033494517587542,0,0.0,-4.0,0.5900000000000003,-17.0,-5.0,7.199999999999996,-1.8000000000000007,-5.399999999999999,1.0,0.0,8.0,0.0,0.0,-20.0,16.666666666666664,50.0,-33.333333333333336,0.0,-4.0,-0.5999999999999999,7.4,7.0,0.2222222222222222
12,2025-3181-islam makhachev--renato moicano,2025,1,291,295,Renato Moicano,Islam Makhachev,155,170,0,-15.0,1613.6797485012155,2176.913822483103,-563.2340739818876,0,-10.0,-2.0,-2.0199999999999996,-12.0,-28.0,-2.1000000000000014,0.0,2.099999999999998,-1.0,-5.0,2.0,0.0,0.0,-20.0,-5.0,10.0,-15.0,-4.0,-1.0,-0.025600000000000067,4.0,-7.75,-2.4666666666666663
12,2025-3182-ismael bonfim--nazim sadykhov,2025,0,1082,1171,Nazim Sadykhov,Ismael Bonfim,155,155,1,0.0,1513.49551861329,1507.3645779604387,6.130940652851223,1,-5.0,-20.0,-2.7899999999999996,22.0,-1.0,46.7,20.0,-66.7,0.0,0.0,1.0,0.0,-0.25,25.0,66.66666666666666,33.333333333333336,33.333333333333336,0.0,1.0,0.09599999999999997,-0.0,-0.0,-2.666666666666667
12,2025-3183-ismail naurdiev--junyong park,2025,0,732,755,JunYong Park,Ismail Naurdiev,185,185,1,0.0,1518.5082994025684,1513.2241909772702,5.2841084252982,1,-2.0,-11.0,-1.8199999999999998,2.0,-16.0,0.0,33.3,-33.3,0.0,0.0,6.0,0.0,0.0,20.0,50.0,0.0,50.0,0.0,2.0,0.24,-0.0,-0.0,0.33333333333333326
12,2025-3184-israel adesanya--nassourdine imavov,2025,0,630,935,Israel Adesanya,Nassourdine Imavov,185,185,1,0.0,1864.0171712233125,1882.0513862273192,-18.034215004006683,0,-6.0,-3.0,-0.03000000000000025,-21.0,-5.0,-5.899999999999999,0.0,5.899999999999999,2.0,8.0,7.0,0.0,0.0,-20.0,8.333333333333336,8.333333333333336,0.0,5.0,-4.0,-0.6576,1.2000000000000002,5.133333333333333,0.33333333333333337
12,2025-3185-ivan erslan--navajo stirling,2025,0,1445,1469,Ivan Erslan,Navajo Stirling,205,205,1,0.0,1473.8568660854216,1522.1816361878782,-48.32477010245657,0,-8.0,-6.0,-2.6799999999999997,-10.0,-14.0,66.7,0.0,-66.7,0.0,0.0,-1.0,0.0,0.0,-100.0,-50.0,-50.0,0.0,0.0,-3.0,-1.0,-0.0,-0.0,-4.0
12,2025-3186-jacobe smith--niko price,2025,0,393,1411,Niko Price,Jacobe Smith,170,170,1,0.0,1416.635511536634,1506.46875,-89.83323846336589,0,-23.0,1.0,-2.69,-62.0,-50.0,-16.700000000000003,-8.299999999999997,25.0,0.0,0.0,14.0,0.0,0.0,-80.0,-100.0,-100.0,0.0,0.0,0.0,-0.4,7.0,-0.0,-0.5
12,2025-3187-jacobe smith--preston parsons,2025,0,1008,1411,Preston Parsons,Jacobe Smith,170,170,1,0.0,1470.0220819582496,1515.2509008980755,-45.22881893982594,0,-15.0,7.0,-0.3900000000000001,-54.0,-29.0,-66.7,-33.3,100.0,0.0,0.0,3.0,0.0,0.0,-60.0,-100.0,-100.0,0.0,0.0,0.0,-0.36160000000000003,-0.0,-0.0,0.75
12,2025-3188-jailton almeida--serghei spivac,2025,0,838,1033,Serghei Spivac,Jailton Almeida,265,205,0,60.0,1638.6807757653223,1699.4110006908236,-60.73022492550126,0,-17.0,9.0,-3.36,2.0,3.0,4.200000000000003,-18.1,13.9,0.0,0.0,4.0,0.0,0.0,0.0,25.0,25.0,0.0,0.0,3.0,0.504,-2.1999999999999993,2.6500000000000004,-5.666666666666667
12,2025-3189-jairzinho rozenstruik--sergei pavlovich,2025,0,606,1002,Sergei Pavlovich,jairzinho rozenstruik,265,185,0,80.0,1677.4376237833562,1500.0,177.43762378335623,1,44.0,55.0,-3.62,25.0,75.0,75.0,0.0,25.0,7.0,0.0,11.0,0.0,1.0,60.0,100.0,100.0,0.0,1.0,-1.0,0.30400000000000005,12.4,14.4,-2.3333333333333335
12,2025-3190-jamahal hill--jiri prochazka,2025,0,723,927,Jamahal Hill,Jiri Prochazka,205,205,1,0.0,1646.3520402306692,1727.7977685017709,-81.44572827110164,0,-4.0,1.0,1.67,-60.0,5.0,-8.599999999999994,-20.0,28.6,1.0,0.0,4.0,0.0,0.0,0.0,-33.33333333333333,0.0,-33.333333333333336,-1.0,-2.0,-0.2896,-7.1,-4.333333333333334,3.5
12,2025-3191-jamahal hill--khalil rountree jr,2025,0,384,723,Khalil Rountree Jr.,Jamahal Hill,205,205,1,0.0,1582.5676987996462,1635.370867202046,-52.803168402399706,1,-11.0,5.0,-0.20999999999999996,0.0,-15.0,-1.4000000000000057,0.0,1.3999999999999986,-1.0,-1.0,5.0,0.0,0.0,20.0,8.333333333333329,8.333333333333329,0.0,-1.0,0.0,0.02560000000000001,-0.06666666666666643,-3.666666666666666,-3.666666666666667
12,2025-3192-jared cannonier--michael page,2025,0,346,1440,Jared Cannonier,Michael Page,185,185,1,0.0,1715.0406877092746,1518.1120830416537,196.9286046676209,0,-11.0,-1.0,-2.67,24.0,-2.0,63.6,0.0,-63.6,5.0,0.0,16.0,0.0,0.0,-10.0,50.0,50.0,0.0,1.0,-3.0,-0.46559999999999996,1.1999999999999993,3.5,0.0666666666666667
12,2025-3193-jared gordon--thiago moises,2025,0,567,629,Jared Gordon,Thiago Moises,155,155,1,0.0,1474.3678177040595,1456.5237569488022,17.84406075525726,1,13.0,3.0,0.16999999999999993,-3.0,10.0,11.000000000000004,-33.3,22.300000000000004,0.0,0.0,-1.0,0.0,0.0,-20.0,-50.0,16.666666666666664,-66.66666666666667,0.0,-2.0,-0.44320000000000004,-1.0,-0.0,0.7333333333333335
12,2025-3194-javid basharat--ricky simon,2025,0,549,1040,Ricky Simon,Javid Basharat,135,135,1,0.0,1475.406223049807,1500.3660580015885,-24.95983495178143,1,-9.0,0.0,-0.7600000000000002,3.0,-8.0,18.2,2.3000000000000007,-20.5,3.0,0.0,10.0,0.0,0.0,-40.0,75.0,0.0,75.0,0.0,-2.0,-0.336,6.800000000000001,8.333333333333334,-0.5666666666666669
12,2025-3195-jean matsumoto--miles johns,2025,0,766,1314,Miles Johns,Jean Matsumoto,135,135,1,0.0,1490.8813062708255,1528.6450824919175,-37.76377622109203,0,3.0,18.0,2.4399999999999995,-15.0,30.0,28.6,-25.0,-3.5999999999999943,0.0,0.0,6.0,0.0,0.0,-40.0,-33.333333333333336,0.0,-33.333333333333336,0.0,-1.0,-0.13440000000000007,-0.0,-0.0,-0.5333333333333334
12,2025-3196-jean matsumoto--rob font,2025,0,260,1314,Rob Font,Jean Matsumoto,135,135,1,0.0,1581.8632037185039,1551.752248007184,30.110955711319775,1,5.0,9.0,1.7599999999999998,-7.0,-11.0,50.0,-16.7,-33.3,9.0,0.0,14.0,0.0,0.0,-60.0,16.666666666666664,50.0,-33.333333333333336,0.0,-1.0,-0.16000000000000003,9.6,12.4,-2.466666666666667
12,2025-3197-jean silva--melsik baghdasaryan,2025,0,891,1316,Melsik Baghdasaryan,Jean Silva,145,145,1,0.0,1493.1577937332172,1626.5185997750566,-133.3608060418394,0,7.0,0.0,0.9899999999999998,-50.0,-14.0,-41.599999999999994,-16.7,58.3,-1.0,0.0,0.0,0.0,-0.25,-20.0,-50.0,-50.0,0.0,0.0,-5.0,-0.6,-0.0,-0.0,-0.33333333333333337
12,2025-3198-jeka saragih--joosang yoo,2025,0,1239,1490,jeka saragih,JooSang Yoo,185,145,0,40.0,1500.0,1500.0,0.0,0,-75.0,-50.0,4.29,0.0,0.0,-100.0,0.0,0.0,0.0,0.0,-1.0,0.0,0.0,0.0,0.0,0.0,0.0,0.0,0.0,0.0,-0.0,-0.0,0.0
12,2025-3199-jeremy stephens--mason jones,2025,0,21,1013,Jeremy Stephens,Mason Jones,155,155,1,0.0,1484.0472847103679,1489.5665357237535,-5.519251013385656,0,-1.0,8.0,1.3299999999999996,-17.0,-19.0,20.0,0.0,-20.0,6.0,0.0,29.0,0.0,-0.15000000000000002,-13.333333333333336,100.0,100.0,0.0,0.0,-2.0,-0.13440000000000002,11.8,9.5,1.4666666666666666
12,2025-3200-jesus aguilar--rafael estevam,2025,0,1153,1189,Jesus Aguilar,Rafael Estevam,125,125,1,0.0,1502.4498318612655,1525.9840064497735,-23.534174588507994,0,-9.0,12.0,1.4899999999999998,-3.0,-26.0,0.0,50.0,-50.0,0.0,0.0,2.0,0.0,0.25,-20.0,25.0,-25.0,50.0,0.0,0.0,-0.09599999999999997,-0.0,-0.0,0.0
12,2025-3201-jimmy crute--marcin prachnio,2025,0,640,700,Jimmy Crute,Marcin Prachnio,205,205,1,0.0,1462.1514627175297,1455.3928258894034,6.758636828126328,1,-2.0,-12.0,-0.5300000000000002,32.0,5.0,25.0,50.0,-75.0,0.0,0.0,1.0,0.0,-0.25,0.0,100.0,50.0,50.0,0.0,-4.0,-0.6319999999999999,7.75,8.666666666666666,-1.5
12,2025-3202-jimmy flick--matt schnell,2025,0,469,879,Matt Schnell,jimmy flick,125,185,0,-60.0,1468.2390898915576,1500.0,-31.76091010844243,1,40.0,55.0,-4.17,40.0,43.0,0.0,42.9,57.1,4.0,0.0,14.0,0.0,1.0,20.0,100.0,0.0,100.0,0.0,-3.0,0.038400000000000004,10.6,9.8,1.4444444444444446
12,2025-3203-joanderson brito--pat sabatini,2025,0,1016,1037,Joanderson Brito,Pat Sabatini,145,145,1,0.0,1500.2873575971398,1501.3686707981503,-1.0813132010105164,0,-12.0,-7.0,-1.2700000000000002,20.0,6.0,50.0,-9.600000000000001,-40.400000000000006,0.0,0.0,0.0,0.0,0.0,0.0,33.33333333333333,66.66666666666667,-33.333333333333336,0.0,-1.0,-0.14400000000000002,-0.0,-0.0,-3.5555555555555554
12,2025-3204-joaquin buckley--kamaru usman,2025,0,337,918,Kamaru Usman,Joaquin Buckley,170,170,1,0.0,1730.6617618340654,1807.1227828552583,-76.46102102119289,1,15.0,-4.0,0.26000000000000023,-1.0,17.0,-47.7,6.2,41.5,7.0,7.0,3.0,0.0,-0.25,-60.0,20.0,20.0,0.0,4.0,-8.0,-0.9359999999999999,3.1999999999999993,6.5,0.3833333333333333
12,2025-3205-joe pyfer--kelvin gastelum,2025,0,163,899,Kelvin Gastelum,Joe Pyfer,185,185,1,0.0,1518.0137493828192,1503.8225524804852,14.191196902334013,0,-1.0,3.0,-0.29000000000000004,-8.0,-2.0,-43.49999999999999,-1.299999999999999,44.8,9.0,1.0,15.0,0.0,0.0,-20.0,-100.0,-75.0,-25.0,0.0,3.0,0.47839999999999994,2.0,1.25,0.9333333333333333
12,2025-3206-joe solecki--nurullo aliev,2025,0,858,1195,joe solecki,Nurullo Aliev,185,155,0,30.0,1500.0,1508.6352302319526,-8.635230231952619,0,-45.0,-58.0,1.07,-54.0,0.0,-33.3,0.0,-66.7,0.0,0.0,-3.0,0.0,-0.75,-100.0,-50.0,-50.0,0.0,0.0,-2.0,-1.0,-0.0,-0.0,-1.3333333333333333
12,2025-3207-johnny walker--zhang mingyang,2025,0,682,1224,Johnny Walker,Zhang Mingyang,205,205,1,0.0,1568.3337715233865,1567.5839348501547,0.7498366732318118,1,-5.0,2.0,2.24,60.0,-18.0,-33.3,11.1,22.2,5.0,0.0,10.0,0.0,0.0,-60.0,-50.0,-50.0,0.0,0.0,-5.0,-0.8655999999999999,10.0,12.4,-0.08333333333333331
12,2025-3208-jonathan micallef--kevin jousset,2025,0,1333,1449,kevin jousset,Jonathan Micallef,185,170,0,15.0,1500.0,1506.46875,-6.46875,0,-43.0,-58.0,4.0,-50.0,-50.0,0.0,-50.0,-50.0,0.0,0.0,-2.0,0.0,-1.0,-100.0,-100.0,0.0,-100.0,0.0,-1.0,-1.0,-0.0,-0.0,0.0
12,2025-3209-jordan leavitt--kurt holobaugh,2025,0,193,934,Kurt Holobaugh,Jordan Leavitt,155,155,1,0.0,1408.3440008790503,1473.511810664084,-65.16780978503357,0,-17.0,-8.0,-2.45,3.0,8.0,-33.3,0.0,33.3,0.0,0.0,1.0,0.0,0.25,0.0,0.0,-50.0,50.0,0.0,-2.0,-0.35999999999999993,-0.0,-0.0,-1.8
12,2025-3210-josh emmett--lerone murphy,2025,0,461,942,Josh Emmett,Lerone Murphy,145,145,1,0.0,1597.044268402143,1824.5473205583392,-227.5030521561962,0,-18.0,-1.0,-1.9500000000000002,-17.0,-5.0,6.700000000000003,0.0,-6.700000000000003,3.0,0.0,5.0,0.0,-0.25,-40.0,33.333333333333336,33.333333333333336,0.0,1.0,-7.0,-0.84,4.4,6.2,-3.0666666666666664
12,2025-3211-joshua van--rei tsuruya,2025,0,1324,1341,Joshua Van,Rei Tsuruya,125,125,1,0.0,1800.5828418376452,1575.748870829538,224.83397100810726,1,4.0,15.0,-4.3500000000000005,26.0,31.0,0.0,-25.0,25.0,3.0,-1.0,4.0,0.0,0.0,-20.0,-25.0,0.0,-25.0,-1.0,-3.0,-0.24,6.0,6.0,-0.08333333333333348
12,2025-3212-julian erosa--melquizael costa,2025,0,352,1243,Julian Erosa,Melquizael Costa,145,145,1,0.0,1501.3178524182995,1507.503974287048,-6.186121868748614,0,-1.0,-6.0,-3.1799999999999997,5.0,3.0,30.0,0.0,-30.0,0.0,0.0,11.0,0.0,0.0,30.0,0.0,0.0,0.0,0.0,1.0,0.20800000000000007,-0.0,-0.0,-2.8333333333333335
12,2025-3213-julius walker--rafael cerqueira,2025,0,1441,1476,Rafael Cerqueira,Julius Walker,205,205,1,0.0,1467.9739071785189,1463.8172245885148,4.1566825900040385,0,-11.0,-7.0,-1.35,-36.0,-60.0,100.0,0.0,-100.0,0.0,0.0,1.0,0.0,1.0,0.0,0.0,0.0,0.0,0.0,-1.0,0.0,-0.0,-0.0,0.0
12,2025-3214-junior tafa--tuco tokkos,2025,0,1225,1327,Tuco Tokkos,Junior Tafa,205,205,1,0.0,1398.9717752800589,1434.6616762680476,-35.68990098798872,1,-11.0,-5.0,-1.7799999999999994,47.0,-36.0,-100.0,100.0,0.0,0.0,0.0,-2.0,0.0,0.0,-40.0,-100.0,-100.0,0.0,0.0,-1.0,-0.12160000000000003,-5.0,-5.0,-2.0
12,2025-3215-justin gaethje--rafael fiziev,2025,0,552,722,Justin Gaethje,Rafael Fiziev,155,155,1,0.0,1672.786415968267,1605.5143281064527,67.27208786181427,1,6.0,1.0,-2.41,-58.0,-22.0,23.800000000000004,0.0,-23.800000000000004,6.0,1.0,3.0,0.0,0.25,0.0,-33.333333333333336,-33.333333333333336,0.0,0.0,1.0,0.2016,1.25,3.5,-0.08333333333333326
12,2025-3216-justin tafa--tallison teixeira,2025,0,811,1386,Justin Tafa,Tallison Teixeira,265,265,1,0.0,1461.230239107858,1479.8624506827675,-18.632211574909434,0,-5.0,-9.0,3.87,0.0,53.0,0.0,0.0,0.0,0.0,0.0,6.0,0.0,0.0,-60.0,0.0,0.0,0.0,0.0,-2.0,-0.6639999999999999,-0.0,-0.0,-1.6666666666666667
12,2025-3217-kaan ofli--muhammad naimov,2025,0,882,1457,Muhammad Naimov,Kaan Ofli,145,145,1,0.0,1490.787230442727,1467.65625,23.130980442726923,1,-5.0,-15.0,-0.52,36.0,67.0,-60.0,0.0,60.0,0.0,0.0,5.0,0.0,0.0,60.0,66.66666666666667,66.66666666666667,0.0,-1.0,2.0,0.7343999999999999,-0.0,-0.0,-0.33333333333333337
12,2025-3218-kai asakura--tim elliott,2025,0,140,1373,Tim Elliott,Kai Asakura,125,125,1,0.0,1554.5139259331609,1497.93,56.5839259331608,1,12.0,5.0,0.8799999999999999,47.0,9.0,-100.0,30.0,70.0,9.0,0.0,19.0,0.0,-0.25,80.0,25.0,0.0,25.0,-1.0,2.0,0.76,12.4,8.0,0.7333333333333333
12,2025-3219-kennedy nzechukwu--valter walker,2025,0,508,1455,Kennedy Nzechukwu,Valter Walker,265,265,1,0.0,1465.158563287878,1502.3892493480573,-37.23068606017932,0,-3.0,9.0,-1.9999999999999996,-21.0,80.0,70.0,-90.0,20.0,-1.0,0.0,12.0,0.0,0.0,10.0,0.0,66.66666666666667,-66.66666666666666,0.0,0.0,-0.02560000000000001,5.0,5.0,0.8333333333333334
12,2025-3220-kevin borjas--ronaldo rodriguez,2025,0,925,1325,Ronaldo Rodriguez,Kevin Borjas,125,125,1,0.0,1512.5759230913532,1456.6133613572392,55.96256173411393,0,-1.0,-5.0,1.9400000000000004,36.0,-7.0,0.0,50.0,-50.0,0.0,0.0,-1.0,0.0,0.0,33.333333333333336,50.0,0.0,50.0,0.0,3.0,0.6,-0.0,-0.0,0.8333333333333334
12,2025-3221-kevin borjas--sumudaerji,2025,0,697,1325,Sumudaerji,Kevin Borjas,125,125,1,0.0,1441.82336201924,1475.8952786382802,-34.07191661904017,1,8.0,11.0,3.35,11.0,0.0,20.0,0.0,-20.0,0.0,0.0,4.0,0.0,0.0,6.666666666666664,50.0,50.0,0.0,0.0,-2.0,-0.176,11.0,11.0,1.6666666666666667
12,2025-3222-kevin holland--reinier de ridder,2025,0,691,1436,Kevin Holland,Reinier de Ridder,170,185,0,-15.0,1476.1206576571376,1561.4568921550322,-85.33623449789457,0,-2.0,0.0,-0.7800000000000002,11.0,-11.0,6.299999999999994,-12.5,6.199999999999999,2.0,0.0,23.0,0.0,0.0,-40.0,0.0,33.333333333333336,-33.33333333333333,0.0,-2.0,-0.696,11.4,7.5,-2.066666666666667
12,2025-3223-kevin holland--vicente luque,2025,0,339,691,Vicente Luque,Kevin Holland,170,170,1,0.0,1595.4418930211561,1432.0674691209715,163.37442390018464,0,1.0,2.0,-2.03,13.0,6.0,18.700000000000006,0.0,-18.7,4.0,0.0,-4.0,0.0,0.0,-20.0,-50.0,-33.333333333333336,-16.66666666666667,0.0,0.0,0.03199999999999997,-4.0,1.9000000000000004,1.2666666666666668
12,2025-3224-kevin vallejos--seungwoo choi,2025,0,796,1317,seungwoo choi,Kevin Vallejos,185,145,0,40.0,1500.0,1508.770535151009,-8.770535151008971,0,-45.0,-57.0,5.23,-33.0,-83.0,-66.7,0.0,-33.3,0.0,0.0,-4.0,0.0,-1.0,-50.0,-100.0,-100.0,0.0,0.0,-1.0,-0.6,-0.0,-0.0,1.0
12,2025-3225-kiefer crosbie--taiyilake nueraji,2025,0,1334,1501,Kiefer Crosbie,Taiyilake Nueraji,170,170,1,0.0,1448.7284031287884,1503.796875,-55.068471871211614,0,11.0,-12.0,-0.79,-33.0,-60.0,0.0,0.0,0.0,0.0,0.0,1.0,0.0,0.25,-100.0,-100.0,-100.0,0.0,0.0,-3.0,-1.0,-0.0,-0.0,0.0
12,2025-3226-king green--mauricio ruffy,2025,0,46,1345,King Green,Mauricio Ruffy,155,155,1,0.0,1512.1900440651377,1488.8475171610803,23.342526904057422,0,-5.0,2.0,0.43999999999999995,39.0,-10.0,-57.300000000000004,23.5,33.8,3.0,0.0,27.0,0.0,0.0,-40.0,0.0,-33.333333333333336,33.333333333333336,0.0,-2.0,-0.26560000000000006,12.2,7.25,0.9333333333333336
12,2025-3227-kody steele--rongzhu,2025,0,982,1406,Rongzhu,Kody Steele,155,155,1,0.0,1515.6527037120743,1506.46875,9.183953712074299,1,19.0,0.0,1.7299999999999995,48.0,-16.0,-66.7,16.7,50.0,0.0,1.0,7.0,0.0,0.0,-40.0,-33.33333333333333,-66.66666666666666,33.333333333333336,1.0,0.0,-0.26560000000000006,-0.0,-0.0,0.0
12,2025-3228-kris moutinho--malcolm wellmaker,2025,0,1059,1370,Kris Moutinho,Malcolm Wellmaker,135,135,1,0.0,1480.6830185382355,1515.5480421494149,-34.86502361117937,0,-31.0,-31.0,-9.879999999999999,0.0,-100.0,0.0,0.0,0.0,0.0,0.0,0.0,0.0,-0.5,-100.0,-100.0,-100.0,0.0,0.0,-3.0,-1.0,-0.0,-0.0,0.0
12,2025-3229-kyle daukaus--michel pereira,2025,0,779,866,Michel Pereira,kyle daukaus,185,185,1,0.0,1481.705259659212,1467.427864649882,14.277395009330121,0,-1.0,9.0,-1.4199999999999995,27.0,-6.0,-2.7000000000000064,8.299999999999997,-5.600000000000001,1.0,0.0,6.0,0.0,0.5,60.0,-25.0,25.0,-50.0,0.0,1.0,0.30400000000000005,6.5,7.0,1.1
12,2025-3230-kyler phillips--vinicius oliveira,2025,0,571,1363,Kyler Phillips,Vinicius Oliveira,135,135,1,0.0,1548.4997541204145,1528.4342677158268,20.065486404587773,0,-1.0,3.0,-0.94,-5.0,-5.0,-11.399999999999999,14.3,-2.8999999999999986,1.0,0.0,5.0,0.0,0.0,-20.0,-41.66666666666667,-66.66666666666667,25.0,0.0,-2.0,-0.24,7.75,7.666666666666666,-1.5333333333333334
12,2025-3231-leon edwards--sean brady,2025,0,228,769,Leon Edwards,Sean Brady,170,170,1,0.0,1923.485225409307,1648.745715759572,274.73950964973506,0,-1.0,-6.0,0.52,-18.0,-23.0,21.499999999999993,-42.9,21.400000000000006,4.0,3.0,9.0,0.0,0.0,0.0,-25.0,25.0,-50.0,4.0,-3.0,-0.504,-4.4,4.75,-1.0166666666666666
12,2025-3232-ludovit klein--mateusz gamrot,2025,0,915,943,Mateusz Gamrot,Ludovit Klein,155,155,1,0.0,1631.8014509887237,1584.828877298724,46.97257368999976,1,-1.0,7.0,0.2999999999999998,-15.0,14.0,8.899999999999999,12.5,-21.400000000000006,6.0,0.0,0.0,0.0,0.0,-20.0,5.0,5.0,0.0,0.0,-4.0,-0.24,11.0,10.2,-2.0
12,2025-3233-luis gurule--ode osbourne,2025,0,734,1463,Ode Osbourne,Luis Gurule,125,125,1,0.0,1409.1778914818537,1508.0625,-98.88460851814625,1,-7.0,-11.0,0.31000000000000005,14.0,16.0,50.0,16.7,-66.7,0.0,0.0,11.0,0.0,0.0,-60.0,50.0,50.0,0.0,0.0,-3.0,-0.8784,-0.0,-0.0,-0.888888888888889
12,2025-3234-lukasz brzeski--ryan spann,2025,0,582,1020,Ryan Spann,Lukasz Brzeski,205,265,0,-60.0,1494.4378815189407,1270.769731308301,223.66815021063962,1,-11.0,-11.0,-0.48999999999999977,1.0,17.0,30.0,0.0,-30.0,3.0,0.0,9.0,0.0,0.0,20.0,100.0,0.0,100.0,0.0,-2.0,-0.3344,10.4,10.5,2.0
12,2025-3235-mairon santos--sodiq yusuff,2025,0,705,1456,Sodiq Yusuff,Mairon Santos,155,155,1,0.0,1490.3144473150323,1552.8566994256537,-62.54225211062135,0,3.0,-13.0,-1.9100000000000001,23.0,12.0,-4.699999999999996,14.3,-9.600000000000001,2.0,-1.0,8.0,0.0,0.0,-60.0,-50.0,-100.0,50.0,-1.0,-3.0,-0.8655999999999999,7.4,7.4,0.26666666666666666
12,2025-3236-mansur abdulmalik--nick klein,2025,0,1425,1437,Mansur Abdul-Malik,Nick Klein,185,185,1,0.0,1512.6414511686942,1458.1401595895159,54.501291579178314,1,-8.0,12.0,-0.08000000000000007,-2.0,16.0,100.0,-100.0,0.0,0.0,0.0,1.0,0.0,0.0,0.0,0.0,100.0,-100.0,0.0,1.0,0.0,-0.0,-0.0,0.0
12,2025-3237-marcandre barriault--shara magomedov,2025,0,730,1260,Marc-Andre Barriault,Shara Magomedov,185,185,1,0.0,1385.5977006464902,1551.0396718298011,-165.4419711833109,0,-15.0,7.0,-1.7799999999999998,28.0,-3.0,10.0,16.7,-26.700000000000003,0.0,0.0,9.0,0.0,0.0,-60.0,0.0,0.0,0.0,0.0,-7.0,-0.9359999999999999,6.0,6.0,-2.6000000000000005
12,2025-3238-marcin tybura--mick parkin,2025,0,467,1148,Marcin Tybura,Mick Parkin,265,265,1,0.0,1630.623030384472,1560.765231205331,69.85779917914101,1,-2.0,-3.0,0.7999999999999998,-13.0,25.0,15.799999999999997,-12.9,-2.8999999999999986,8.0,0.0,17.0,0.0,0.0,-40.0,26.66666666666667,13.333333333333336,13.333333333333336,0.0,-4.0,-0.26560000000000006,11.4,10.6,-0.5333333333333334
12,2025-3239-marco tulio--tresean gore,2025,0,1119,1339,Tresean Gore,Marco Tulio,185,185,1,0.0,1485.9556359387707,1532.4569083251395,-46.50127238636878,0,-18.0,-21.0,-4.950000000000001,55.0,88.0,-75.0,100.0,-25.0,0.0,0.0,2.0,0.0,0.0,-50.0,50.0,-50.0,100.0,0.0,-1.0,-0.33599999999999997,-0.0,-0.0,-2.666666666666667
12,2025-3240-marcus buchecha--martin buday,2025,0,1133,1491,martin buday,Marcus Buchecha,185,265,0,-80.0,1500.0,1500.0,0.0,1,-40.0,-52.0,2.73,-9.0,0.0,-100.0,0.0,0.0,0.0,0.0,-1.0,0.0,0.0,0.0,0.0,0.0,0.0,0.0,0.0,0.0,-0.0,-0.0,0.0
12,2025-3241-marcus mcghee--petr yan,2025,0,667,1326,Petr Yan,Marcus McGhee,135,135,1,0.0,1724.3886558254383,1560.940754919542,163.44790090589618,1,9.0,1.0,-0.49999999999999956,34.0,-5.0,-13.600000000000001,-25.0,38.6,8.0,2.0,10.0,0.0,0.0,-60.0,-75.0,-50.0,-25.0,1.0,-2.0,-0.16000000000000003,3.4000000000000004,6.5,-1.2
12,2025-3242-mario bautista--patchy mix,2025,0,768,1492,Mario Bautista,Patchy Mix,135,135,1,0.0,1650.5352975109108,1500.0,150.53529751091082,1,9.0,13.0,7.079999999999999,33.0,67.0,-90.0,30.0,60.0,3.0,0.0,11.0,0.0,1.0,100.0,20.0,0.0,20.0,0.0,5.0,1.0,8.5,8.5,2.1333333333333337
12,2025-3243-mark choinski--marquel mederos,2025,0,1309,1493,MarQuel Mederos,Mark Choinski,155,155,1,0.0,1528.657617636274,1500.0,28.657617636273926,1,6.0,25.0,4.34,-18.0,83.0,-75.0,0.0,75.0,0.0,0.0,3.0,0.0,1.0,100.0,50.0,50.0,0.0,0.0,2.0,1.0,-0.0,-0.0,1.0
12,2025-3244-martin buday--uran satybaldiev,2025,0,1133,1503,martin buday,Uran Satybaldiev,185,205,0,-20.0,1500.0,1509.078368485949,-9.078368485949113,1,-25.0,-44.0,3.66,0.0,-50.0,0.0,-100.0,0.0,0.0,0.0,-2.0,0.0,0.0,0.0,0.0,0.0,0.0,0.0,0.0,0.0,-0.0,-0.0,0.0
12,2025-3245-marvin vettori--roman dolidze,2025,0,368,932,Marvin Vettori,Roman Dolidze,185,185,1,0.0,1546.146049674908,1550.6881691994215,-4.5421195245135095,0,4.0,8.0,-0.7999999999999994,6.0,39.0,-55.6,22.2,33.4,0.0,0.0,4.0,0.0,-0.25,-20.0,-66.66666666666667,-66.66666666666667,0.0,1.0,2.0,0.27679999999999993,4.3999999999999995,4.0,-0.5333333333333333
12,2025-3246-merab dvalishvili--sean omalley,2025,1,501,558,Sean O'Malley,Merab Dvalishvili,135,135,1,0.0,1882.4620860052544,2148.0735666819346,-265.61148067668023,0,19.0,4.0,-1.0,7.0,-21.0,55.9,-7.7,-48.199999999999996,-7.0,-1.0,-1.0,0.0,0.0,-20.0,50.0,50.0,0.0,2.0,-4.0,-0.24,4.550000000000001,2.9166666666666665,-0.7333333333333336
12,2025-3247-merab dvalishvili--umar nurmagomedov,2025,1,558,1075,Merab Dvalishvili,Umar Nurmagomedov,135,135,1,0.0,2431.260129386692,1736.2072085313316,695.0529208553603,1,-15.0,-4.0,-0.33000000000000007,-4.0,4.0,-9.0,-25.599999999999998,34.599999999999994,6.0,3.0,8.0,0.0,0.0,0.0,-40.0,-20.0,-20.0,1.0,0.0,0.0,-1.1333333333333346,3.416666666666666,-0.46666666666666634
12,2025-3248-michael chandler--paddy pimblett,2025,0,55,1060,Michael Chandler,Paddy Pimblett,155,155,1,0.0,1530.0116249790656,1581.7238695117603,-51.71224453269474,0,-4.0,1.0,-1.3799999999999994,13.0,11.0,46.49999999999999,-17.9,-28.6,0.0,0.0,2.0,0.0,0.0,-60.0,40.0,100.0,-60.0,1.0,-6.0,-0.7216,11.0,11.0,-4.5
12,2025-3249-michael page--shara magomedov,2025,0,1260,1440,Shara Magomedov,Michael Page,185,185,1,0.0,1588.8308916798712,1607.5260895759902,-18.695197896118998,0,2.0,-14.0,-2.17,-16.0,5.0,40.0,0.0,-40.0,-3.0,0.0,2.0,0.0,0.0,50.0,50.0,50.0,0.0,0.0,3.0,0.4,-10.0,-10.0,2.666666666666667
12,2025-3250-michal oleksiejczuk--sedriques dumas,2025,0,795,1206,Michal Oleksiejczuk,Sedriques Dumas,185,185,1,0.0,1383.8927254892671,1477.619840714854,-93.72711522558689,1,6.0,4.0,-1.9100000000000001,8.0,12.0,88.9,-25.0,-63.9,0.0,0.0,9.0,0.0,0.0,-40.0,100.0,100.0,0.0,0.0,-3.0,-0.27840000000000004,5.0,5.0,-2.4444444444444446
12,2025-3251-mike davis--mitch ramirez,2025,0,706,1267,Mike Davis,Mitch Ramirez,155,155,1,0.0,1477.4105230565383,1447.7097466274718,29.700776429066536,1,9.0,17.0,-1.2500000000000004,11.0,35.0,-60.0,20.0,40.0,0.0,0.0,5.0,0.0,0.0,80.0,50.0,25.0,25.0,0.0,5.0,0.9616,-0.0,-0.0,1.3333333333333333
12,2025-3252-mitch raposo--sumudaerji,2025,0,697,1036,Sumudaerji,Mitch Raposo,125,125,1,0.0,1464.2329525144703,1463.0482695674023,1.1846829470680404,1,19.0,5.0,0.81,-26.0,21.0,-80.0,0.0,80.0,0.0,0.0,6.0,0.0,0.0,40.0,50.0,50.0,0.0,0.0,-1.0,0.06400000000000002,11.0,11.0,4.0
12,2025-3253-modestas bukauskas--paul craig,2025,0,446,856,Paul Craig,Modestas Bukauskas,205,205,1,0.0,1406.7472356364067,1504.4873070040317,-97.74007136762498,0,2.0,-8.0,0.8900000000000001,-48.0,-45.0,-9.500000000000007,52.400000000000006,-42.9,4.0,0.0,9.0,0.0,0.0,-40.0,66.66666666666666,100.0,-33.333333333333336,0.0,-6.0,-0.8976,8.2,7.5,-3.7777777777777777
12,2025-3254-modestas bukauskas--rafael cerqueira,2025,0,856,1441,Modestas Bukauskas,Rafael Cerqueira,205,205,1,0.0,1530.6848657457165,1416.779583520214,113.90528222550256,1,-1.0,15.0,0.9499999999999997,66.0,40.0,-57.199999999999996,14.3,42.9,0.0,0.0,8.0,0.0,0.0,60.0,33.333333333333336,0.0,33.333333333333336,0.0,4.0,0.9359999999999999,-0.0,-0.0,0.7777777777777778
12,2025-3255-mohammad yahya--steven nguyen,2025,0,712,1347,Steven Nguyen,Mohammad Yahya,145,145,1,0.0,1470.3585880401686,1446.86266966449,23.495918375678457,1,3.0,17.0,-0.71,80.0,46.0,-33.3,0.0,33.3,0.0,0.0,2.0,0.0,0.0,50.0,50.0,50.0,0.0,0.0,1.0,0.336,-0.0,-0.0,2.166666666666667
12,2025-3256-morgan charriere--nate landwehr,2025,0,888,1337,Nate Landwehr,Morgan Charriere,145,145,1,0.0,1462.6785475984734,1483.5975222514328,-20.918974652959378,0,-5.0,-1.0,-1.29,-5.0,-12.0,-80.0,40.0,40.0,0.0,0.0,5.0,0.0,0.0,-6.666666666666671,-33.33333333333333,-66.66666666666666,33.333333333333336,0.0,2.0,0.3216,7.0,7.0,2.3333333333333335
12,2025-3257-morgan charriere--nathaniel wood,2025,0,612,1337,Nathaniel Wood,Morgan Charriere,145,145,1,0.0,1514.1332078540163,1492.8315761647875,21.30163168922877,1,1.0,3.0,0.6499999999999999,2.0,-11.0,-100.0,33.3,66.7,0.0,0.0,7.0,0.0,0.0,13.333333333333329,-100.0,-100.0,0.0,0.0,3.0,0.504,7.0,-0.0,3.2
12,2025-3258-muin gafurov--rinya nakamura,2025,0,992,1164,Muin Gafurov,Rinya Nakamura,135,135,1,0.0,1458.24956581722,1577.5470691772036,-119.2975033599837,1,-7.0,-11.0,-0.49,-55.0,-30.0,-50.0,-16.7,66.7,0.0,-1.0,-2.0,0.0,0.0,-75.0,-60.0,-40.0,-20.0,-1.0,-4.0,-0.4,-0.0,-0.0,-3.166666666666667
12,2025-3259-myktybek orolbai--tofiq musayev,2025,0,1349,1494,Myktybek Orolbai,Tofiq Musayev,155,185,0,-30.0,1490.097987340339,1500.0,-9.902012659661068,1,48.0,50.0,-3.08,45.0,40.0,0.0,66.7,33.3,0.0,0.0,4.0,0.0,1.0,66.66666666666667,50.0,0.0,50.0,0.0,1.0,0.76,-0.0,-0.0,0.5
12,2025-3260-nathan fletcher--rinya nakamura,2025,0,1164,1467,Rinya Nakamura,Nathan Fletcher,135,135,1,0.0,1524.0927198085253,1470.05003880187,54.04268100665536,1,-7.0,6.0,0.44000000000000017,43.0,50.0,50.0,-83.3,33.3,0.0,1.0,4.0,0.0,0.0,0.0,-40.0,40.0,-80.0,1.0,4.0,0.0,-0.0,-0.0,3.166666666666667
12,2025-3261-nazim sadykhov--nikolas motta,2025,0,930,1082,Nikolas Motta,Nazim Sadykhov,155,155,1,0.0,1498.2454372755976,1541.4964561846737,-43.25101890907604,0,-12.0,2.0,0.6099999999999994,-55.0,8.0,-30.0,-20.0,50.0,0.0,0.0,1.0,0.0,0.25,-40.0,-33.33333333333333,0.0,-33.333333333333336,0.0,-1.0,-0.13440000000000007,-0.0,-0.0,3.0
12,2025-3262-nicolas dalby--randy brown,2025,0,330,394,Nicolas Dalby,Randy Brown,170,170,1,0.0,1499.423061500593,1490.8134186421144,8.609642858478537,0,-4.0,-2.0,-0.43000000000000016,-12.0,-15.0,-14.3,-21.4,35.7,0.0,0.0,-7.0,0.0,0.0,20.0,-8.333333333333336,-8.333333333333336,0.0,0.0,-3.0,-0.4655999999999999,-9.0,-0.0,-0.06666666666666654
12,2025-3263-nyamjargal tumendemberel--terrance saeteurn,2025,0,1352,1504,Nyamjargal Tumendemberel,terrance saeteurn,125,125,1,0.0,1483.5809132689596,1500.0,-16.419086731040352,1,-1.0,0.0,0.48999999999999977,38.0,54.0,-100.0,66.7,33.3,0.0,0.0,3.0,0.0,1.0,66.66666666666667,50.0,0.0,50.0,0.0,-1.0,0.4,-0.0,-0.0,0.0
12,2025-3264-oban elliott--seokhyeon ko,2025,0,1328,1442,Oban Elliott,Seokhyeon Ko,170,170,1,0.0,1551.2819784125818,1510.99375,40.2882284125817,0,-4.0,1.0,-0.2400000000000002,-9.0,-20.0,25.0,0.0,-25.0,0.0,0.0,3.0,0.0,0.0,0.0,25.0,25.0,0.0,0.0,3.0,0.0,-0.0,-0.0,0.11111111111111116
12,2025-3265-ode osbourne--steve erceg,2025,0,734,1234,Ode Osbourne,Steve Erceg,125,125,1,0.0,1419.2025061326171,1575.5787693894079,-156.3762632567907,0,-4.0,-5.0,0.3599999999999999,3.0,4.0,25.0,16.7,-41.7,-4.0,0.0,6.0,0.0,0.0,-20.0,16.666666666666664,16.666666666666664,0.0,-1.0,-3.0,-0.5424,-10.75,-10.75,-0.2222222222222222
12,2025-3266-patricio freire--yair rodriguez,2025,0,273,1486,Yair Rodriguez,Patricio Freire,145,145,1,0.0,1635.8534171208714,1562.029455554588,73.82396156628351,1,3.0,-5.0,0.4500000000000006,-4.0,-29.0,36.4,9.1,-45.5,6.0,2.0,13.0,0.0,1.0,40.0,100.0,50.0,50.0,2.0,-1.0,0.2784,11.4,17.0,1.0666666666666669
12,2025-3267-paulo costa--roman kopylov,2025,0,559,812,Paulo Costa,Roman Kopylov,185,185,1,0.0,1520.1992535900413,1505.362474249118,14.836779340923385,1,8.0,-4.0,-1.12,8.0,-7.0,-26.199999999999996,0.0,26.2,4.0,0.0,1.0,0.0,0.0,-60.0,-75.0,-75.0,0.0,1.0,-1.0,-0.30400000000000005,10.0,11.25,-0.33333333333333326
12,2025-3268-payton talbott--raoni barcelos,2025,0,645,1350,Raoni Barcelos,Payton Talbott,135,135,1,0.0,1473.3993829550525,1573.1861792117206,-99.78679625666814,1,-2.0,14.0,-1.1400000000000006,8.0,9.0,-17.8,2.1999999999999993,15.600000000000001,0.0,0.0,7.0,0.0,0.0,-60.0,-25.0,-50.0,25.0,0.0,-3.0,-0.37440000000000007,9.0,9.0,-0.7333333333333334
12,2025-3269-pedro falcao--victor henry,2025,0,1217,1495,Victor Henry,pedro falcao,135,185,0,-50.0,1472.4776331562607,1500.0,-27.52236684373929,1,53.0,48.0,-5.19,42.0,81.0,25.0,0.0,75.0,0.0,0.0,6.0,0.0,1.0,60.0,33.333333333333336,33.333333333333336,0.0,0.0,1.0,0.7343999999999999,-0.0,-0.0,0.5555555555555556
12,2025-3270-punahele soriano--uros medic,2025,0,802,950,Punahele Soriano,Uros Medic,170,170,1,0.0,1454.2288164023928,1497.3719212295794,-43.14310482718656,1,-7.0,-8.0,-0.3799999999999999,6.0,-18.0,-33.3,0.0,33.3,0.0,0.0,1.0,0.0,0.0,-40.0,-50.0,-50.0,0.0,0.0,-1.0,-0.2784000000000001,-0.0,-0.0,0.0833333333333332
12,2025-3271-quillan salkilld--yanal ashmouz,2025,0,1278,1434,Yanal Ashmouz,Quillan Salkilld,155,155,1,0.0,1494.2048578188562,1520.3400852340974,-26.13522741524116,0,-9.0,5.0,-1.3200000000000003,1.0,-36.0,16.700000000000003,0.0,-16.700000000000003,0.0,0.0,1.0,0.0,0.0,-33.33333333333333,50.0,50.0,0.0,0.0,1.0,-0.16000000000000003,-0.0,-0.0,-2.0
12,2025-3272-rafa garcia--vinc pichel,2025,0,690,999,vinc pichel,Rafa Garcia,185,155,0,30.0,1500.0,1472.3515453257387,27.648454674261302,0,-43.0,-60.0,4.47,-43.0,-77.0,0.0,-20.0,-80.0,0.0,0.0,-9.0,0.0,-1.0,-60.0,-33.333333333333336,0.0,-33.333333333333336,0.0,1.0,-0.36160000000000003,-0.0,-0.0,-0.4666666666666666
12,2025-3273-raul rosas jr--vince morales,2025,0,666,1183,Vince Morales,Raul Rosas Jr.,135,135,1,0.0,1324.94881564005,1518.5261373704109,-193.57732173036084,0,-7.0,3.0,-2.63,-1.0,58.0,16.599999999999998,-33.3,16.700000000000003,0.0,0.0,5.0,0.0,0.0,-40.0,0.0,25.0,-25.0,0.0,-5.0,-0.84,-0.0,-0.0,-2.0
12,2025-3274-reinier de ridder--robert whittaker,2025,0,121,1436,Robert Whittaker,Reinier de Ridder,185,185,1,0.0,1754.1486672479657,1579.0781675694986,175.07049967846706,0,-9.0,9.0,-0.9199999999999999,11.0,16.0,10.299999999999997,-50.0,39.7,10.0,2.0,20.0,0.0,0.0,-60.0,-50.0,50.0,-100.0,1.0,1.0,-0.16000000000000003,10.8,13.25,1.6666666666666667
12,2025-3275-robert ruchala--william gomis,2025,0,1179,1497,William Gomis,Robert Ruchala,145,145,1,0.0,1494.9619120227264,1500.0,-5.0380879772735625,1,14.0,4.0,0.5100000000000002,5.0,72.0,-80.0,0.0,80.0,0.0,0.0,5.0,0.0,1.0,100.0,25.0,25.0,0.0,0.0,4.0,1.0,-0.0,-0.0,0.8888888888888888
12,2025-3276-robert valentin--torrez finney,2025,0,1361,1472,Torrez Finney,Robert Valentin,185,185,1,0.0,1523.3495532967768,1422.3947934535631,100.95475984321365,1,12.0,16.0,1.09,60.0,-55.0,-75.0,25.0,50.0,0.0,0.0,1.0,0.0,0.0,100.0,66.66666666666667,33.333333333333336,33.333333333333336,-1.0,4.0,1.0,-0.0,-0.0,1.0
12,2025-3277-roberto romero--timmy cuamba,2025,0,1343,1421,Timmy Cuamba,Roberto Romero,145,145,1,0.0,1451.4154486000293,1465.0029865946635,-13.587537994634204,1,-7.0,14.0,2.1400000000000006,26.0,9.0,-50.0,0.0,50.0,0.0,0.0,2.0,0.0,0.0,33.333333333333336,0.0,0.0,0.0,0.0,-1.0,0.16000000000000003,-0.0,-0.0,2.6666666666666665
12,2025-3278-rodolfo vieira--tresean gore,2025,0,833,1119,Rodolfo Vieira,Tresean Gore,185,185,1,0.0,1454.8453992562786,1440.639791198218,14.205608058060534,1,13.0,11.0,3.3600000000000003,-52.0,12.0,0.0,-16.700000000000003,16.7,0.0,0.0,3.0,0.0,0.0,10.0,0.0,0.0,0.0,0.0,1.0,0.2015999999999999,-0.0,-0.0,0.0
12,2025-3279-ryan spann--waldo cortesacosta,2025,0,582,1131,Ryan Spann,Waldo Cortes-Acosta,205,265,0,-60.0,1502.4828968063214,1533.3622394439933,-30.879342637671925,0,-9.0,-12.0,-0.6299999999999999,-16.0,-19.0,-7.5,50.0,-42.5,1.0,0.0,7.0,0.0,0.0,-40.0,50.0,-50.0,100.0,0.0,-3.0,-0.6384000000000001,10.4,10.5,-0.5555555555555557
12,2025-3280-said nurmagomedov--vinicius oliveira,2025,0,694,1363,Said Nurmagomedov,Vinicius Oliveira,135,135,1,0.0,1479.1438291972393,1594.8789248872358,-115.73509568999657,0,5.0,-2.0,0.8400000000000003,-35.0,-17.0,-11.499999999999993,42.9,-31.4,1.0,0.0,6.0,0.0,-0.25,-20.0,8.333333333333329,-66.66666666666667,75.0,0.0,-4.0,-0.6,6.5,5.0,-2.3333333333333335
12,2025-3281-sam patterson--trey waters,2025,0,1161,1222,Trey Waters,Sam Patterson,170,170,1,0.0,1513.1063441611059,1514.9705833516748,-1.8642391905689237,0,1.0,6.0,-1.9,-67.0,52.0,-40.0,-60.0,100.0,0.0,0.0,-2.0,0.0,0.0,-8.333333333333329,-100.0,0.0,-100.0,0.0,0.0,-0.06400000000000006,-0.0,-0.0,2.666666666666667
12,2025-3282-sergei pavlovich--waldo cortesacosta,2025,0,606,1131,Sergei Pavlovich,Waldo Cortes-Acosta,265,265,1,0.0,1756.1896926405013,1604.8667052431194,151.3229873973819,1,-4.0,0.0,-0.11000000000000032,-25.0,4.0,37.5,0.0,-37.5,5.0,0.0,1.0,0.0,0.0,-20.0,50.0,50.0,0.0,1.0,-3.0,-0.6,12.4,14.4,-3.666666666666667
12,2025-3283-serghei spivac--waldo cortesacosta,2025,0,838,1131,Serghei Spivac,Waldo Cortes-Acosta,265,265,1,0.0,1618.8198624702125,1588.2199523098332,30.599910160379295,0,0.0,-5.0,-0.7400000000000002,12.0,-8.0,0.0,37.5,-37.5,3.0,0.0,4.0,0.0,0.0,0.0,50.0,0.0,50.0,0.0,0.0,0.0,7.4,12.25,-1.3333333333333335
12,2025-3284-shamil gaziev--thomas petersen,2025,0,1271,1304,Thomas Petersen,Shamil Gaziev,265,265,1,0.0,1518.7274201574708,1503.7733794979213,14.954040659549491,0,11.0,13.0,0.9300000000000002,36.0,17.0,-50.0,8.299999999999997,41.7,-1.0,0.0,0.0,0.0,0.0,-8.333333333333329,-16.66666666666667,-33.333333333333336,16.666666666666664,0.0,0.0,0.0,-8.0,-8.0,-2.3333333333333335
12,2025-3285-suyoung you--xiao long,2025,0,1006,1392,Xiao Long,SuYoung You,135,135,1,0.0,1481.7124204833506,1574.923654093912,-93.21123361056152,0,0.0,-20.0,-2.24,-22.0,13.0,33.3,0.0,-33.3,0.0,0.0,1.0,0.0,0.0,-40.0,33.333333333333336,33.333333333333336,0.0,0.0,-4.0,-0.6255999999999999,-0.0,-0.0,-2.611111111111111
12,2025-3286-terrance mckinney--viacheslav borshchev,2025,0,837,997,Terrance McKinney,Viacheslav Borshchev,155,155,1,0.0,1443.2168466525748,1457.457824747398,-14.240978094823276,1,2.0,-10.0,2.1500000000000004,40.0,35.0,-17.9,42.9,-25.0,0.0,0.0,2.0,0.0,0.0,-20.0,33.33333333333333,33.33333333333333,0.0,0.0,-2.0,-0.3104,-0.0,-0.0,1.4444444444444444
12,2025-3287-thiago moises--trey ogden,2025,0,629,1140,Thiago Moises,Trey Ogden,155,155,1,0.0,1410.2500955198702,1502.547809520746,-92.29771400087566,1,-8.0,-2.0,-0.5899999999999999,3.0,-48.0,22.299999999999994,33.3,-55.6,0.0,0.0,10.0,0.0,0.0,0.0,100.0,33.333333333333336,66.66666666666667,0.0,-1.0,-0.1439999999999999,8.0,-0.0,-0.6000000000000001
12,2025-3288-tom nolan--viacheslav borshchev,2025,0,997,1251,Viacheslav Borshchev,Tom Nolan,155,155,1,0.0,1410.102755719745,1490.3021362340687,-80.19938051432382,0,9.0,11.0,0.11999999999999922,-12.0,-24.0,25.0,0.0,-25.0,0.0,0.0,5.0,0.0,0.0,-15.0,0.0,0.0,0.0,0.0,0.0,-0.02560000000000001,-0.0,-0.0,-3.7777777777777777
12,2025-3289-westin wilson--yizha,2025,0,1197,1320,Yizha,Westin Wilson,145,145,1,0.0,1501.1151844780534,1456.7637843449324,44.35140013312093,1,14.0,17.0,3.9,14.0,21.0,16.7,-50.0,33.3,0.0,1.0,4.0,0.0,0.0,26.666666666666664,-33.33333333333333,0.0,-33.33333333333333,2.0,2.0,0.42400000000000004,-0.0,-0.0,-0.6666666666666666
